dataset,tool,precision,recall
stingseq,alphagenome,0.2514395393474088,1.0
stingseq,alphagenome,0.25,0.9923664122137404
stingseq,alphagenome,0.2504816955684008,0.9923664122137404
stingseq,alphagenome,0.25096525096525096,0.9923664122137404
stingseq,alphagenome,0.2514506769825919,0.9923664122137404
stingseq,alphagenome,0.25,0.9847328244274809
stingseq,alphagenome,0.2504854368932039,0.9847328244274809
stingseq,alphagenome,0.2509727626459144,0.9847328244274809
stingseq,alphagenome,0.24951267056530213,0.9770992366412213
stingseq,alphagenome,0.25,0.9770992366412213
stingseq,alphagenome,0.25048923679060664,0.9770992366412213
stingseq,alphagenome,0.25098039215686274,0.9770992366412213
stingseq,alphagenome,0.25147347740667975,0.9770992366412213
stingseq,alphagenome,0.25196850393700787,0.9770992366412213
stingseq,alphagenome,0.252465483234714,0.9770992366412213
stingseq,alphagenome,0.25296442687747034,0.9770992366412213
stingseq,alphagenome,0.25346534653465347,0.9770992366412213
stingseq,alphagenome,0.25396825396825395,0.9770992366412213
stingseq,alphagenome,0.2544731610337972,0.9770992366412213
stingseq,alphagenome,0.2549800796812749,0.9770992366412213
stingseq,alphagenome,0.2554890219560878,0.9770992366412213
stingseq,alphagenome,0.254,0.9694656488549618
stingseq,alphagenome,0.25250501002004005,0.9618320610687023
stingseq,alphagenome,0.25301204819277107,0.9618320610687023
stingseq,alphagenome,0.2535211267605634,0.9618320610687023
stingseq,alphagenome,0.2540322580645161,0.9618320610687023
stingseq,alphagenome,0.2545454545454545,0.9618320610687023
stingseq,alphagenome,0.2550607287449393,0.9618320610687023
stingseq,alphagenome,0.25557809330628806,0.9618320610687023
stingseq,alphagenome,0.25609756097560976,0.9618320610687023
stingseq,alphagenome,0.25661914460285135,0.9618320610687023
stingseq,alphagenome,0.25510204081632654,0.9541984732824428
stingseq,alphagenome,0.2556237218813906,0.9541984732824428
stingseq,alphagenome,0.25614754098360654,0.9541984732824428
stingseq,alphagenome,0.2546201232032854,0.9465648854961832
stingseq,alphagenome,0.2551440329218107,0.9465648854961832
stingseq,alphagenome,0.2536082474226804,0.9389312977099237
stingseq,alphagenome,0.25413223140495866,0.9389312977099237
stingseq,alphagenome,0.2546583850931677,0.9389312977099237
stingseq,alphagenome,0.2551867219917012,0.9389312977099237
stingseq,alphagenome,0.25571725571725573,0.9389312977099237
stingseq,alphagenome,0.25625,0.9389312977099237
stingseq,alphagenome,0.2567849686847599,0.9389312977099237
stingseq,alphagenome,0.25732217573221755,0.9389312977099237
stingseq,alphagenome,0.2578616352201258,0.9389312977099237
stingseq,alphagenome,0.25630252100840334,0.9312977099236641
stingseq,alphagenome,0.25684210526315787,0.9312977099236641
stingseq,alphagenome,0.25738396624472576,0.9312977099236641
stingseq,alphagenome,0.25792811839323465,0.9312977099236641
stingseq,alphagenome,0.2584745762711864,0.9312977099236641
stingseq,alphagenome,0.25690021231422505,0.9236641221374046
stingseq,alphagenome,0.2574468085106383,0.9236641221374046
stingseq,alphagenome,0.2579957356076759,0.9236641221374046
stingseq,alphagenome,0.25854700854700857,0.9236641221374046
stingseq,alphagenome,0.25910064239828695,0.9236641221374046
stingseq,alphagenome,0.259656652360515,0.9236641221374046
stingseq,alphagenome,0.26021505376344084,0.9236641221374046
stingseq,alphagenome,0.2607758620689655,0.9236641221374046
stingseq,alphagenome,0.2613390928725702,0.9236641221374046
stingseq,alphagenome,0.2597402597402597,0.916030534351145
stingseq,alphagenome,0.2603036876355748,0.916030534351145
stingseq,alphagenome,0.2608695652173913,0.916030534351145
stingseq,alphagenome,0.26143790849673204,0.916030534351145
stingseq,alphagenome,0.26200873362445415,0.916030534351145
stingseq,alphagenome,0.26258205689277897,0.916030534351145
stingseq,alphagenome,0.2631578947368421,0.916030534351145
stingseq,alphagenome,0.26373626373626374,0.916030534351145
stingseq,alphagenome,0.2643171806167401,0.916030534351145
stingseq,alphagenome,0.26490066225165565,0.916030534351145
stingseq,alphagenome,0.26548672566371684,0.916030534351145
stingseq,alphagenome,0.2660753880266075,0.916030534351145
stingseq,alphagenome,0.26666666666666666,0.916030534351145
stingseq,alphagenome,0.267260579064588,0.916030534351145
stingseq,alphagenome,0.26785714285714285,0.916030534351145
stingseq,alphagenome,0.2684563758389262,0.916030534351145
stingseq,alphagenome,0.26681614349775784,0.9083969465648855
stingseq,alphagenome,0.26741573033707866,0.9083969465648855
stingseq,alphagenome,0.268018018018018,0.9083969465648855
stingseq,alphagenome,0.2686230248306998,0.9083969465648855
stingseq,alphagenome,0.2692307692307692,0.9083969465648855
stingseq,alphagenome,0.2675736961451247,0.9007633587786259
stingseq,alphagenome,0.2681818181818182,0.9007633587786259
stingseq,alphagenome,0.26879271070615035,0.9007633587786259
stingseq,alphagenome,0.2694063926940639,0.9007633587786259
stingseq,alphagenome,0.2700228832951945,0.9007633587786259
stingseq,alphagenome,0.2706422018348624,0.9007633587786259
stingseq,alphagenome,0.271264367816092,0.9007633587786259
stingseq,alphagenome,0.2695852534562212,0.8931297709923665
stingseq,alphagenome,0.2702078521939954,0.8931297709923665
stingseq,alphagenome,0.2708333333333333,0.8931297709923665
stingseq,alphagenome,0.271461716937355,0.8931297709923665
stingseq,alphagenome,0.27209302325581397,0.8931297709923665
stingseq,alphagenome,0.2727272727272727,0.8931297709923665
stingseq,alphagenome,0.2733644859813084,0.8931297709923665
stingseq,alphagenome,0.2716627634660422,0.8854961832061069
stingseq,alphagenome,0.27230046948356806,0.8854961832061069
stingseq,alphagenome,0.27294117647058824,0.8854961832061069
stingseq,alphagenome,0.27358490566037735,0.8854961832061069
stingseq,alphagenome,0.27423167848699764,0.8854961832061069
stingseq,alphagenome,0.27488151658767773,0.8854961832061069
stingseq,alphagenome,0.2755344418052256,0.8854961832061069
stingseq,alphagenome,0.27380952380952384,0.8778625954198473
stingseq,alphagenome,0.2744630071599045,0.8778625954198473
stingseq,alphagenome,0.2751196172248804,0.8778625954198473
stingseq,alphagenome,0.27577937649880097,0.8778625954198473
stingseq,alphagenome,0.2764423076923077,0.8778625954198473
stingseq,alphagenome,0.27710843373493976,0.8778625954198473
stingseq,alphagenome,0.2753623188405797,0.8702290076335878
stingseq,alphagenome,0.27602905569007263,0.8702290076335878
stingseq,alphagenome,0.27427184466019416,0.8625954198473282
stingseq,alphagenome,0.2749391727493917,0.8625954198473282
stingseq,alphagenome,0.275609756097561,0.8625954198473282
stingseq,alphagenome,0.2762836185819071,0.8625954198473282
stingseq,alphagenome,0.2769607843137255,0.8625954198473282
stingseq,alphagenome,0.27764127764127766,0.8625954198473282
stingseq,alphagenome,0.27832512315270935,0.8625954198473282
stingseq,alphagenome,0.27901234567901234,0.8625954198473282
stingseq,alphagenome,0.27970297029702973,0.8625954198473282
stingseq,alphagenome,0.2803970223325062,0.8625954198473282
stingseq,alphagenome,0.2810945273631841,0.8625954198473282
stingseq,alphagenome,0.2817955112219451,0.8625954198473282
stingseq,alphagenome,0.2825,0.8625954198473282
stingseq,alphagenome,0.2832080200501253,0.8625954198473282
stingseq,alphagenome,0.28391959798994976,0.8625954198473282
stingseq,alphagenome,0.28463476070528965,0.8625954198473282
stingseq,alphagenome,0.28535353535353536,0.8625954198473282
stingseq,alphagenome,0.28607594936708863,0.8625954198473282
stingseq,alphagenome,0.28426395939086296,0.8549618320610687
stingseq,alphagenome,0.2824427480916031,0.8473282442748091
stingseq,alphagenome,0.28316326530612246,0.8473282442748091
stingseq,alphagenome,0.2813299232736573,0.8396946564885496
stingseq,alphagenome,0.28205128205128205,0.8396946564885496
stingseq,alphagenome,0.2827763496143959,0.8396946564885496
stingseq,alphagenome,0.2809278350515464,0.8320610687022901
stingseq,alphagenome,0.28165374677002586,0.8320610687022901
stingseq,alphagenome,0.2823834196891192,0.8320610687022901
stingseq,alphagenome,0.2831168831168831,0.8320610687022901
stingseq,alphagenome,0.2838541666666667,0.8320610687022901
stingseq,alphagenome,0.2845953002610966,0.8320610687022901
stingseq,alphagenome,0.28534031413612565,0.8320610687022901
stingseq,alphagenome,0.28608923884514437,0.8320610687022901
stingseq,alphagenome,0.2868421052631579,0.8320610687022901
stingseq,alphagenome,0.287598944591029,0.8320610687022901
stingseq,alphagenome,0.28835978835978837,0.8320610687022901
stingseq,alphagenome,0.2891246684350133,0.8320610687022901
stingseq,alphagenome,0.2898936170212766,0.8320610687022901
stingseq,alphagenome,0.2906666666666667,0.8320610687022901
stingseq,alphagenome,0.2914438502673797,0.8320610687022901
stingseq,alphagenome,0.29222520107238603,0.8320610687022901
stingseq,alphagenome,0.29301075268817206,0.8320610687022901
stingseq,alphagenome,0.29380053908355797,0.8320610687022901
stingseq,alphagenome,0.2918918918918919,0.8244274809160306
stingseq,alphagenome,0.2926829268292683,0.8244274809160306
stingseq,alphagenome,0.2907608695652174,0.816793893129771
stingseq,alphagenome,0.29155313351498635,0.816793893129771
stingseq,alphagenome,0.2923497267759563,0.816793893129771
stingseq,alphagenome,0.29315068493150687,0.816793893129771
stingseq,alphagenome,0.29395604395604397,0.816793893129771
stingseq,alphagenome,0.29476584022038566,0.816793893129771
stingseq,alphagenome,0.292817679558011,0.8091603053435115
stingseq,alphagenome,0.29085872576177285,0.8015267175572519
stingseq,alphagenome,0.2916666666666667,0.8015267175572519
stingseq,alphagenome,0.28969359331476324,0.7938931297709924
stingseq,alphagenome,0.2905027932960894,0.7938931297709924
stingseq,alphagenome,0.2913165266106443,0.7938931297709924
stingseq,alphagenome,0.29213483146067415,0.7938931297709924
stingseq,alphagenome,0.29295774647887324,0.7938931297709924
stingseq,alphagenome,0.2937853107344633,0.7938931297709924
stingseq,alphagenome,0.29461756373937675,0.7938931297709924
stingseq,alphagenome,0.29545454545454547,0.7938931297709924
stingseq,alphagenome,0.2962962962962963,0.7938931297709924
stingseq,alphagenome,0.29714285714285715,0.7938931297709924
stingseq,alphagenome,0.2979942693409742,0.7938931297709924
stingseq,alphagenome,0.2988505747126437,0.7938931297709924
stingseq,alphagenome,0.29971181556195964,0.7938931297709924
stingseq,alphagenome,0.30057803468208094,0.7938931297709924
stingseq,alphagenome,0.2985507246376812,0.7862595419847328
stingseq,alphagenome,0.29941860465116277,0.7862595419847328
stingseq,alphagenome,0.30029154518950435,0.7862595419847328
stingseq,alphagenome,0.30116959064327486,0.7862595419847328
stingseq,alphagenome,0.2991202346041056,0.7786259541984732
stingseq,alphagenome,0.3,0.7786259541984732
stingseq,alphagenome,0.3008849557522124,0.7786259541984732
stingseq,alphagenome,0.30177514792899407,0.7786259541984732
stingseq,alphagenome,0.2997032640949555,0.7709923664122137
stingseq,alphagenome,0.3005952380952381,0.7709923664122137
stingseq,alphagenome,0.30149253731343284,0.7709923664122137
stingseq,alphagenome,0.3023952095808383,0.7709923664122137
stingseq,alphagenome,0.3033033033033033,0.7709923664122137
stingseq,alphagenome,0.3042168674698795,0.7709923664122137
stingseq,alphagenome,0.30513595166163143,0.7709923664122137
stingseq,alphagenome,0.30606060606060603,0.7709923664122137
stingseq,alphagenome,0.3069908814589666,0.7709923664122137
stingseq,alphagenome,0.3079268292682927,0.7709923664122137
stingseq,alphagenome,0.308868501529052,0.7709923664122137
stingseq,alphagenome,0.3098159509202454,0.7709923664122137
stingseq,alphagenome,0.31076923076923074,0.7709923664122137
stingseq,alphagenome,0.3117283950617284,0.7709923664122137
stingseq,alphagenome,0.3126934984520124,0.7709923664122137
stingseq,alphagenome,0.3136645962732919,0.7709923664122137
stingseq,alphagenome,0.3146417445482866,0.7709923664122137
stingseq,alphagenome,0.315625,0.7709923664122137
stingseq,alphagenome,0.31347962382445144,0.7633587786259542
stingseq,alphagenome,0.31446540880503143,0.7633587786259542
stingseq,alphagenome,0.31230283911671924,0.7557251908396947
stingseq,alphagenome,0.31329113924050633,0.7557251908396947
stingseq,alphagenome,0.3111111111111111,0.7480916030534351
stingseq,alphagenome,0.3089171974522293,0.7404580152671756
stingseq,alphagenome,0.30990415335463256,0.7404580152671756
stingseq,alphagenome,0.3076923076923077,0.732824427480916
stingseq,alphagenome,0.3086816720257235,0.732824427480916
stingseq,alphagenome,0.3064516129032258,0.7251908396946565
stingseq,alphagenome,0.3074433656957929,0.7251908396946565
stingseq,alphagenome,0.30844155844155846,0.7251908396946565
stingseq,alphagenome,0.30944625407166126,0.7251908396946565
stingseq,alphagenome,0.3104575163398693,0.7251908396946565
stingseq,alphagenome,0.3081967213114754,0.7175572519083969
stingseq,alphagenome,0.3059210526315789,0.7099236641221374
stingseq,alphagenome,0.30363036303630364,0.7022900763358778
stingseq,alphagenome,0.304635761589404,0.7022900763358778
stingseq,alphagenome,0.3023255813953488,0.6946564885496184
stingseq,alphagenome,0.3,0.6870229007633588
stingseq,alphagenome,0.3010033444816054,0.6870229007633588
stingseq,alphagenome,0.30201342281879195,0.6870229007633588
stingseq,alphagenome,0.2996632996632997,0.6793893129770993
stingseq,alphagenome,0.30067567567567566,0.6793893129770993
stingseq,alphagenome,0.3016949152542373,0.6793893129770993
stingseq,alphagenome,0.30272108843537415,0.6793893129770993
stingseq,alphagenome,0.3037542662116041,0.6793893129770993
stingseq,alphagenome,0.3047945205479452,0.6793893129770993
stingseq,alphagenome,0.30584192439862545,0.6793893129770993
stingseq,alphagenome,0.30344827586206896,0.6717557251908397
stingseq,alphagenome,0.30103806228373703,0.6641221374045801
stingseq,alphagenome,0.2986111111111111,0.6564885496183206
stingseq,alphagenome,0.29965156794425085,0.6564885496183206
stingseq,alphagenome,0.3006993006993007,0.6564885496183206
stingseq,alphagenome,0.3017543859649123,0.6564885496183206
stingseq,alphagenome,0.3028169014084507,0.6564885496183206
stingseq,alphagenome,0.303886925795053,0.6564885496183206
stingseq,alphagenome,0.3049645390070922,0.6564885496183206
stingseq,alphagenome,0.302491103202847,0.648854961832061
stingseq,alphagenome,0.30357142857142855,0.648854961832061
stingseq,alphagenome,0.3046594982078853,0.648854961832061
stingseq,alphagenome,0.302158273381295,0.6412213740458015
stingseq,alphagenome,0.30324909747292417,0.6412213740458015
stingseq,alphagenome,0.30434782608695654,0.6412213740458015
stingseq,alphagenome,0.3054545454545455,0.6412213740458015
stingseq,alphagenome,0.30656934306569344,0.6412213740458015
stingseq,alphagenome,0.3076923076923077,0.6412213740458015
stingseq,alphagenome,0.3088235294117647,0.6412213740458015
stingseq,alphagenome,0.30996309963099633,0.6412213740458015
stingseq,alphagenome,0.3111111111111111,0.6412213740458015
stingseq,alphagenome,0.31226765799256506,0.6412213740458015
stingseq,alphagenome,0.31343283582089554,0.6412213740458015
stingseq,alphagenome,0.3146067415730337,0.6412213740458015
stingseq,alphagenome,0.31203007518796994,0.6335877862595419
stingseq,alphagenome,0.3132075471698113,0.6335877862595419
stingseq,alphagenome,0.3143939393939394,0.6335877862595419
stingseq,alphagenome,0.3155893536121673,0.6335877862595419
stingseq,alphagenome,0.31679389312977096,0.6335877862595419
stingseq,alphagenome,0.31800766283524906,0.6335877862595419
stingseq,alphagenome,0.3192307692307692,0.6335877862595419
stingseq,alphagenome,0.3204633204633205,0.6335877862595419
stingseq,alphagenome,0.32170542635658916,0.6335877862595419
stingseq,alphagenome,0.3229571984435798,0.6335877862595419
stingseq,alphagenome,0.3203125,0.6259541984732825
stingseq,alphagenome,0.3215686274509804,0.6259541984732825
stingseq,alphagenome,0.3188976377952756,0.6183206106870229
stingseq,alphagenome,0.3201581027667984,0.6183206106870229
stingseq,alphagenome,0.32142857142857145,0.6183206106870229
stingseq,alphagenome,0.32270916334661354,0.6183206106870229
stingseq,alphagenome,0.324,0.6183206106870229
stingseq,alphagenome,0.3253012048192771,0.6183206106870229
stingseq,alphagenome,0.32661290322580644,0.6183206106870229
stingseq,alphagenome,0.32388663967611336,0.6106870229007634
stingseq,alphagenome,0.3252032520325203,0.6106870229007634
stingseq,alphagenome,0.3224489795918367,0.6030534351145038
stingseq,alphagenome,0.3237704918032787,0.6030534351145038
stingseq,alphagenome,0.32510288065843623,0.6030534351145038
stingseq,alphagenome,0.32644628099173556,0.6030534351145038
stingseq,alphagenome,0.3278008298755187,0.6030534351145038
stingseq,alphagenome,0.32916666666666666,0.6030534351145038
stingseq,alphagenome,0.3305439330543933,0.6030534351145038
stingseq,alphagenome,0.3277310924369748,0.5954198473282443
stingseq,alphagenome,0.3291139240506329,0.5954198473282443
stingseq,alphagenome,0.3305084745762712,0.5954198473282443
stingseq,alphagenome,0.33191489361702126,0.5954198473282443
stingseq,alphagenome,0.32905982905982906,0.5877862595419847
stingseq,alphagenome,0.33047210300429186,0.5877862595419847
stingseq,alphagenome,0.33189655172413796,0.5877862595419847
stingseq,alphagenome,0.329004329004329,0.5801526717557252
stingseq,alphagenome,0.33043478260869563,0.5801526717557252
stingseq,alphagenome,0.3318777292576419,0.5801526717557252
stingseq,alphagenome,0.32894736842105265,0.5725190839694656
stingseq,alphagenome,0.3303964757709251,0.5725190839694656
stingseq,alphagenome,0.33185840707964603,0.5725190839694656
stingseq,alphagenome,0.3333333333333333,0.5725190839694656
stingseq,alphagenome,0.33482142857142855,0.5725190839694656
stingseq,alphagenome,0.336322869955157,0.5725190839694656
stingseq,alphagenome,0.33783783783783783,0.5725190839694656
stingseq,alphagenome,0.3393665158371041,0.5725190839694656
stingseq,alphagenome,0.3409090909090909,0.5725190839694656
stingseq,alphagenome,0.3424657534246575,0.5725190839694656
stingseq,alphagenome,0.3394495412844037,0.5648854961832062
stingseq,alphagenome,0.33640552995391704,0.5572519083969466
stingseq,alphagenome,0.33796296296296297,0.5572519083969466
stingseq,alphagenome,0.33488372093023255,0.549618320610687
stingseq,alphagenome,0.3317757009345794,0.5419847328244275
stingseq,alphagenome,0.3333333333333333,0.5419847328244275
stingseq,alphagenome,0.33490566037735847,0.5419847328244275
stingseq,alphagenome,0.33175355450236965,0.5343511450381679
stingseq,alphagenome,0.3333333333333333,0.5343511450381679
stingseq,alphagenome,0.3349282296650718,0.5343511450381679
stingseq,alphagenome,0.3317307692307692,0.5267175572519084
stingseq,alphagenome,0.3333333333333333,0.5267175572519084
stingseq,alphagenome,0.33495145631067963,0.5267175572519084
stingseq,alphagenome,0.33658536585365856,0.5267175572519084
stingseq,alphagenome,0.3333333333333333,0.5190839694656488
stingseq,alphagenome,0.33004926108374383,0.5114503816793893
stingseq,alphagenome,0.3316831683168317,0.5114503816793893
stingseq,alphagenome,0.3333333333333333,0.5114503816793893
stingseq,alphagenome,0.335,0.5114503816793893
stingseq,alphagenome,0.33668341708542715,0.5114503816793893
stingseq,alphagenome,0.3383838383838384,0.5114503816793893
stingseq,alphagenome,0.3350253807106599,0.5038167938931297
stingseq,alphagenome,0.336734693877551,0.5038167938931297
stingseq,alphagenome,0.3333333333333333,0.4961832061068702
stingseq,alphagenome,0.33505154639175255,0.4961832061068702
stingseq,alphagenome,0.33678756476683935,0.4961832061068702
stingseq,alphagenome,0.3385416666666667,0.4961832061068702
stingseq,alphagenome,0.3403141361256545,0.4961832061068702
stingseq,alphagenome,0.34210526315789475,0.4961832061068702
stingseq,alphagenome,0.3439153439153439,0.4961832061068702
stingseq,alphagenome,0.34574468085106386,0.4961832061068702
stingseq,alphagenome,0.34759358288770054,0.4961832061068702
stingseq,alphagenome,0.34946236559139787,0.4961832061068702
stingseq,alphagenome,0.35135135135135137,0.4961832061068702
stingseq,alphagenome,0.3532608695652174,0.4961832061068702
stingseq,alphagenome,0.34972677595628415,0.48854961832061067
stingseq,alphagenome,0.3516483516483517,0.48854961832061067
stingseq,alphagenome,0.34806629834254144,0.48091603053435117
stingseq,alphagenome,0.35,0.48091603053435117
stingseq,alphagenome,0.35195530726256985,0.48091603053435117
stingseq,alphagenome,0.3539325842696629,0.48091603053435117
stingseq,alphagenome,0.3559322033898305,0.48091603053435117
stingseq,alphagenome,0.35795454545454547,0.48091603053435117
stingseq,alphagenome,0.35428571428571426,0.4732824427480916
stingseq,alphagenome,0.3563218390804598,0.4732824427480916
stingseq,alphagenome,0.35260115606936415,0.46564885496183206
stingseq,alphagenome,0.3546511627906977,0.46564885496183206
stingseq,alphagenome,0.3567251461988304,0.46564885496183206
stingseq,alphagenome,0.3588235294117647,0.46564885496183206
stingseq,alphagenome,0.35502958579881655,0.4580152671755725
stingseq,alphagenome,0.35119047619047616,0.45038167938931295
stingseq,alphagenome,0.3532934131736527,0.45038167938931295
stingseq,alphagenome,0.35542168674698793,0.45038167938931295
stingseq,alphagenome,0.3575757575757576,0.45038167938931295
stingseq,alphagenome,0.3597560975609756,0.45038167938931295
stingseq,alphagenome,0.3558282208588957,0.44274809160305345
stingseq,alphagenome,0.35185185185185186,0.4351145038167939
stingseq,alphagenome,0.35403726708074534,0.4351145038167939
stingseq,alphagenome,0.35625,0.4351145038167939
stingseq,alphagenome,0.3584905660377358,0.4351145038167939
stingseq,alphagenome,0.36075949367088606,0.4351145038167939
stingseq,alphagenome,0.3630573248407643,0.4351145038167939
stingseq,alphagenome,0.36538461538461536,0.4351145038167939
stingseq,alphagenome,0.36774193548387096,0.4351145038167939
stingseq,alphagenome,0.37012987012987014,0.4351145038167939
stingseq,alphagenome,0.37254901960784315,0.4351145038167939
stingseq,alphagenome,0.375,0.4351145038167939
stingseq,alphagenome,0.3708609271523179,0.42748091603053434
stingseq,alphagenome,0.37333333333333335,0.42748091603053434
stingseq,alphagenome,0.37583892617449666,0.42748091603053434
stingseq,alphagenome,0.3783783783783784,0.42748091603053434
stingseq,alphagenome,0.38095238095238093,0.42748091603053434
stingseq,alphagenome,0.3767123287671233,0.4198473282442748
stingseq,alphagenome,0.3724137931034483,0.4122137404580153
stingseq,alphagenome,0.375,0.4122137404580153
stingseq,alphagenome,0.3706293706293706,0.40458015267175573
stingseq,alphagenome,0.3732394366197183,0.40458015267175573
stingseq,alphagenome,0.375886524822695,0.40458015267175573
stingseq,alphagenome,0.37142857142857144,0.3969465648854962
stingseq,alphagenome,0.3669064748201439,0.3893129770992366
stingseq,alphagenome,0.3695652173913043,0.3893129770992366
stingseq,alphagenome,0.3722627737226277,0.3893129770992366
stingseq,alphagenome,0.375,0.3893129770992366
stingseq,alphagenome,0.37777777777777777,0.3893129770992366
stingseq,alphagenome,0.3805970149253731,0.3893129770992366
stingseq,alphagenome,0.38345864661654133,0.3893129770992366
stingseq,alphagenome,0.38636363636363635,0.3893129770992366
stingseq,alphagenome,0.3893129770992366,0.3893129770992366
stingseq,alphagenome,0.38461538461538464,0.3816793893129771
stingseq,alphagenome,0.3875968992248062,0.3816793893129771
stingseq,alphagenome,0.3828125,0.37404580152671757
stingseq,alphagenome,0.3858267716535433,0.37404580152671757
stingseq,alphagenome,0.38095238095238093,0.366412213740458
stingseq,alphagenome,0.376,0.35877862595419846
stingseq,alphagenome,0.3790322580645161,0.35877862595419846
stingseq,alphagenome,0.37398373983739835,0.3511450381679389
stingseq,alphagenome,0.36885245901639346,0.3435114503816794
stingseq,alphagenome,0.371900826446281,0.3435114503816794
stingseq,alphagenome,0.375,0.3435114503816794
stingseq,alphagenome,0.37815126050420167,0.3435114503816794
stingseq,alphagenome,0.3728813559322034,0.33587786259541985
stingseq,alphagenome,0.37606837606837606,0.33587786259541985
stingseq,alphagenome,0.3706896551724138,0.3282442748091603
stingseq,alphagenome,0.3739130434782609,0.3282442748091603
stingseq,alphagenome,0.37719298245614036,0.3282442748091603
stingseq,alphagenome,0.3805309734513274,0.3282442748091603
stingseq,alphagenome,0.38392857142857145,0.3282442748091603
stingseq,alphagenome,0.3783783783783784,0.32061068702290074
stingseq,alphagenome,0.38181818181818183,0.32061068702290074
stingseq,alphagenome,0.3853211009174312,0.32061068702290074
stingseq,alphagenome,0.37962962962962965,0.31297709923664124
stingseq,alphagenome,0.38317757009345793,0.31297709923664124
stingseq,alphagenome,0.37735849056603776,0.3053435114503817
stingseq,alphagenome,0.37142857142857144,0.29770992366412213
stingseq,alphagenome,0.36538461538461536,0.2900763358778626
stingseq,alphagenome,0.36893203883495146,0.2900763358778626
stingseq,alphagenome,0.3627450980392157,0.2824427480916031
stingseq,alphagenome,0.3564356435643564,0.2748091603053435
stingseq,alphagenome,0.35,0.26717557251908397
stingseq,alphagenome,0.3434343434343434,0.2595419847328244
stingseq,alphagenome,0.3469387755102041,0.2595419847328244
stingseq,alphagenome,0.35051546391752575,0.2595419847328244
stingseq,alphagenome,0.34375,0.25190839694656486
stingseq,alphagenome,0.3473684210526316,0.25190839694656486
stingseq,alphagenome,0.35106382978723405,0.25190839694656486
stingseq,alphagenome,0.3548387096774194,0.25190839694656486
stingseq,alphagenome,0.358695652173913,0.25190839694656486
stingseq,alphagenome,0.3626373626373626,0.25190839694656486
stingseq,alphagenome,0.36666666666666664,0.25190839694656486
stingseq,alphagenome,0.3595505617977528,0.24427480916030533
stingseq,alphagenome,0.36363636363636365,0.24427480916030533
stingseq,alphagenome,0.367816091954023,0.24427480916030533
stingseq,alphagenome,0.37209302325581395,0.24427480916030533
stingseq,alphagenome,0.3764705882352941,0.24427480916030533
stingseq,alphagenome,0.38095238095238093,0.24427480916030533
stingseq,alphagenome,0.3855421686746988,0.24427480916030533
stingseq,alphagenome,0.3780487804878049,0.2366412213740458
stingseq,alphagenome,0.37037037037037035,0.22900763358778625
stingseq,alphagenome,0.375,0.22900763358778625
stingseq,alphagenome,0.3670886075949367,0.22137404580152673
stingseq,alphagenome,0.358974358974359,0.21374045801526717
stingseq,alphagenome,0.36363636363636365,0.21374045801526717
stingseq,alphagenome,0.35526315789473684,0.20610687022900764
stingseq,alphagenome,0.36,0.20610687022900764
stingseq,alphagenome,0.36486486486486486,0.20610687022900764
stingseq,alphagenome,0.3698630136986301,0.20610687022900764
stingseq,alphagenome,0.375,0.20610687022900764
stingseq,alphagenome,0.36619718309859156,0.1984732824427481
stingseq,alphagenome,0.37142857142857144,0.1984732824427481
stingseq,alphagenome,0.37681159420289856,0.1984732824427481
stingseq,alphagenome,0.38235294117647056,0.1984732824427481
stingseq,alphagenome,0.3880597014925373,0.1984732824427481
stingseq,alphagenome,0.3939393939393939,0.1984732824427481
stingseq,alphagenome,0.38461538461538464,0.19083969465648856
stingseq,alphagenome,0.390625,0.19083969465648856
stingseq,alphagenome,0.38095238095238093,0.183206106870229
stingseq,alphagenome,0.3870967741935484,0.183206106870229
stingseq,alphagenome,0.39344262295081966,0.183206106870229
stingseq,alphagenome,0.4,0.183206106870229
stingseq,alphagenome,0.4067796610169492,0.183206106870229
stingseq,alphagenome,0.41379310344827586,0.183206106870229
stingseq,alphagenome,0.42105263157894735,0.183206106870229
stingseq,alphagenome,0.42857142857142855,0.183206106870229
stingseq,alphagenome,0.43636363636363634,0.183206106870229
stingseq,alphagenome,0.42592592592592593,0.17557251908396945
stingseq,alphagenome,0.4339622641509434,0.17557251908396945
stingseq,alphagenome,0.4230769230769231,0.16793893129770993
stingseq,alphagenome,0.4117647058823529,0.16030534351145037
stingseq,alphagenome,0.4,0.15267175572519084
stingseq,alphagenome,0.40816326530612246,0.15267175572519084
stingseq,alphagenome,0.4166666666666667,0.15267175572519084
stingseq,alphagenome,0.425531914893617,0.15267175572519084
stingseq,alphagenome,0.43478260869565216,0.15267175572519084
stingseq,alphagenome,0.4444444444444444,0.15267175572519084
stingseq,alphagenome,0.4318181818181818,0.1450381679389313
stingseq,alphagenome,0.4418604651162791,0.1450381679389313
stingseq,alphagenome,0.4523809523809524,0.1450381679389313
stingseq,alphagenome,0.43902439024390244,0.13740458015267176
stingseq,alphagenome,0.45,0.13740458015267176
stingseq,alphagenome,0.4358974358974359,0.1297709923664122
stingseq,alphagenome,0.42105263157894735,0.12213740458015267
stingseq,alphagenome,0.40540540540540543,0.11450381679389313
stingseq,alphagenome,0.4166666666666667,0.11450381679389313
stingseq,alphagenome,0.4,0.10687022900763359
stingseq,alphagenome,0.4117647058823529,0.10687022900763359
stingseq,alphagenome,0.42424242424242425,0.10687022900763359
stingseq,alphagenome,0.4375,0.10687022900763359
stingseq,alphagenome,0.41935483870967744,0.09923664122137404
stingseq,alphagenome,0.43333333333333335,0.09923664122137404
stingseq,alphagenome,0.41379310344827586,0.0916030534351145
stingseq,alphagenome,0.42857142857142855,0.0916030534351145
stingseq,alphagenome,0.4074074074074074,0.08396946564885496
stingseq,alphagenome,0.38461538461538464,0.07633587786259542
stingseq,alphagenome,0.4,0.07633587786259542
stingseq,alphagenome,0.4166666666666667,0.07633587786259542
stingseq,alphagenome,0.391304347826087,0.06870229007633588
stingseq,alphagenome,0.4090909090909091,0.06870229007633588
stingseq,alphagenome,0.42857142857142855,0.06870229007633588
stingseq,alphagenome,0.4,0.061068702290076333
stingseq,alphagenome,0.3684210526315789,0.05343511450381679
stingseq,alphagenome,0.3333333333333333,0.04580152671755725
stingseq,alphagenome,0.35294117647058826,0.04580152671755725
stingseq,alphagenome,0.3125,0.03816793893129771
stingseq,alphagenome,0.3333333333333333,0.03816793893129771
stingseq,alphagenome,0.35714285714285715,0.03816793893129771
stingseq,alphagenome,0.38461538461538464,0.03816793893129771
stingseq,alphagenome,0.3333333333333333,0.030534351145038167
stingseq,alphagenome,0.36363636363636365,0.030534351145038167
stingseq,alphagenome,0.3,0.022900763358778626
stingseq,alphagenome,0.3333333333333333,0.022900763358778626
stingseq,alphagenome,0.25,0.015267175572519083
stingseq,alphagenome,0.2857142857142857,0.015267175572519083
stingseq,alphagenome,0.3333333333333333,0.015267175572519083
stingseq,alphagenome,0.4,0.015267175572519083
stingseq,alphagenome,0.5,0.015267175572519083
stingseq,alphagenome,0.6666666666666666,0.015267175572519083
stingseq,alphagenome,1.0,0.015267175572519083
stingseq,alphagenome,1.0,0.007633587786259542
stingseq,alphagenome,1.0,0.0
stingseq,borzoi,0.255859375,1.0
stingseq,borzoi,0.25440313111545987,0.9923664122137404
stingseq,borzoi,0.2549019607843137,0.9923664122137404
stingseq,borzoi,0.2554027504911591,0.9923664122137404
stingseq,borzoi,0.2559055118110236,0.9923664122137404
stingseq,borzoi,0.2564102564102564,0.9923664122137404
stingseq,borzoi,0.25691699604743085,0.9923664122137404
stingseq,borzoi,0.25544554455445545,0.9847328244274809
stingseq,borzoi,0.25396825396825395,0.9770992366412213
stingseq,borzoi,0.2544731610337972,0.9770992366412213
stingseq,borzoi,0.2549800796812749,0.9770992366412213
stingseq,borzoi,0.2554890219560878,0.9770992366412213
stingseq,borzoi,0.256,0.9770992366412213
stingseq,borzoi,0.2565130260521042,0.9770992366412213
stingseq,borzoi,0.2570281124497992,0.9770992366412213
stingseq,borzoi,0.2575452716297787,0.9770992366412213
stingseq,borzoi,0.25806451612903225,0.9770992366412213
stingseq,borzoi,0.2585858585858586,0.9770992366412213
stingseq,borzoi,0.2591093117408907,0.9770992366412213
stingseq,borzoi,0.25760649087221094,0.9694656488549618
stingseq,borzoi,0.258130081300813,0.9694656488549618
stingseq,borzoi,0.25865580448065173,0.9694656488549618
stingseq,borzoi,0.25918367346938775,0.9694656488549618
stingseq,borzoi,0.25971370143149286,0.9694656488549618
stingseq,borzoi,0.26024590163934425,0.9694656488549618
stingseq,borzoi,0.26078028747433263,0.9694656488549618
stingseq,borzoi,0.2613168724279835,0.9694656488549618
stingseq,borzoi,0.2618556701030928,0.9694656488549618
stingseq,borzoi,0.2603305785123967,0.9618320610687023
stingseq,borzoi,0.2608695652173913,0.9618320610687023
stingseq,borzoi,0.26141078838174275,0.9618320610687023
stingseq,borzoi,0.26195426195426197,0.9618320610687023
stingseq,borzoi,0.2625,0.9618320610687023
stingseq,borzoi,0.2609603340292276,0.9541984732824428
stingseq,borzoi,0.2615062761506276,0.9541984732824428
stingseq,borzoi,0.2620545073375262,0.9541984732824428
stingseq,borzoi,0.26260504201680673,0.9541984732824428
stingseq,borzoi,0.2631578947368421,0.9541984732824428
stingseq,borzoi,0.26371308016877637,0.9541984732824428
stingseq,borzoi,0.2642706131078224,0.9541984732824428
stingseq,borzoi,0.2648305084745763,0.9541984732824428
stingseq,borzoi,0.2653927813163482,0.9541984732824428
stingseq,borzoi,0.26595744680851063,0.9541984732824428
stingseq,borzoi,0.26652452025586354,0.9541984732824428
stingseq,borzoi,0.2670940170940171,0.9541984732824428
stingseq,borzoi,0.2676659528907923,0.9541984732824428
stingseq,borzoi,0.26824034334763946,0.9541984732824428
stingseq,borzoi,0.26666666666666666,0.9465648854961832
stingseq,borzoi,0.2672413793103448,0.9465648854961832
stingseq,borzoi,0.2678185745140389,0.9465648854961832
stingseq,borzoi,0.2683982683982684,0.9465648854961832
stingseq,borzoi,0.26898047722342733,0.9465648854961832
stingseq,borzoi,0.26956521739130435,0.9465648854961832
stingseq,borzoi,0.2701525054466231,0.9465648854961832
stingseq,borzoi,0.27074235807860264,0.9465648854961832
stingseq,borzoi,0.2713347921225383,0.9465648854961832
stingseq,borzoi,0.2719298245614035,0.9465648854961832
stingseq,borzoi,0.2725274725274725,0.9465648854961832
stingseq,borzoi,0.27312775330396477,0.9465648854961832
stingseq,borzoi,0.271523178807947,0.9389312977099237
stingseq,borzoi,0.2721238938053097,0.9389312977099237
stingseq,borzoi,0.270509977827051,0.9312977099236641
stingseq,borzoi,0.27111111111111114,0.9312977099236641
stingseq,borzoi,0.26948775055679286,0.9236641221374046
stingseq,borzoi,0.26785714285714285,0.916030534351145
stingseq,borzoi,0.2684563758389262,0.916030534351145
stingseq,borzoi,0.26905829596412556,0.916030534351145
stingseq,borzoi,0.2696629213483146,0.916030534351145
stingseq,borzoi,0.2702702702702703,0.916030534351145
stingseq,borzoi,0.2686230248306998,0.9083969465648855
stingseq,borzoi,0.2692307692307692,0.9083969465648855
stingseq,borzoi,0.2698412698412698,0.9083969465648855
stingseq,borzoi,0.27045454545454545,0.9083969465648855
stingseq,borzoi,0.26879271070615035,0.9007633587786259
stingseq,borzoi,0.2694063926940639,0.9007633587786259
stingseq,borzoi,0.26773455377574373,0.8931297709923665
stingseq,borzoi,0.268348623853211,0.8931297709923665
stingseq,borzoi,0.26666666666666666,0.8854961832061069
stingseq,borzoi,0.26497695852534564,0.8778625954198473
stingseq,borzoi,0.26558891454965355,0.8778625954198473
stingseq,borzoi,0.2662037037037037,0.8778625954198473
stingseq,borzoi,0.2668213457076566,0.8778625954198473
stingseq,borzoi,0.26744186046511625,0.8778625954198473
stingseq,borzoi,0.2680652680652681,0.8778625954198473
stingseq,borzoi,0.26635514018691586,0.8702290076335878
stingseq,borzoi,0.26697892271662765,0.8702290076335878
stingseq,borzoi,0.2676056338028169,0.8702290076335878
stingseq,borzoi,0.26823529411764707,0.8702290076335878
stingseq,borzoi,0.2688679245283019,0.8702290076335878
stingseq,borzoi,0.2695035460992908,0.8702290076335878
stingseq,borzoi,0.27014218009478674,0.8702290076335878
stingseq,borzoi,0.27078384798099764,0.8702290076335878
stingseq,borzoi,0.2714285714285714,0.8702290076335878
stingseq,borzoi,0.2720763723150358,0.8702290076335878
stingseq,borzoi,0.2727272727272727,0.8702290076335878
stingseq,borzoi,0.2733812949640288,0.8702290076335878
stingseq,borzoi,0.27403846153846156,0.8702290076335878
stingseq,borzoi,0.2746987951807229,0.8702290076335878
stingseq,borzoi,0.2753623188405797,0.8702290076335878
stingseq,borzoi,0.27602905569007263,0.8702290076335878
stingseq,borzoi,0.27427184466019416,0.8625954198473282
stingseq,borzoi,0.2725060827250608,0.8549618320610687
stingseq,borzoi,0.2731707317073171,0.8549618320610687
stingseq,borzoi,0.27383863080684595,0.8549618320610687
stingseq,borzoi,0.27450980392156865,0.8549618320610687
stingseq,borzoi,0.2751842751842752,0.8549618320610687
stingseq,borzoi,0.27586206896551724,0.8549618320610687
stingseq,borzoi,0.2765432098765432,0.8549618320610687
stingseq,borzoi,0.27722772277227725,0.8549618320610687
stingseq,borzoi,0.27791563275434245,0.8549618320610687
stingseq,borzoi,0.27860696517412936,0.8549618320610687
stingseq,borzoi,0.27680798004987534,0.8473282442748091
stingseq,borzoi,0.2775,0.8473282442748091
stingseq,borzoi,0.2781954887218045,0.8473282442748091
stingseq,borzoi,0.27889447236180903,0.8473282442748091
stingseq,borzoi,0.2795969773299748,0.8473282442748091
stingseq,borzoi,0.2803030303030303,0.8473282442748091
stingseq,borzoi,0.27848101265822783,0.8396946564885496
stingseq,borzoi,0.27918781725888325,0.8396946564885496
stingseq,borzoi,0.27989821882951654,0.8396946564885496
stingseq,borzoi,0.28061224489795916,0.8396946564885496
stingseq,borzoi,0.2813299232736573,0.8396946564885496
stingseq,borzoi,0.28205128205128205,0.8396946564885496
stingseq,borzoi,0.2827763496143959,0.8396946564885496
stingseq,borzoi,0.2809278350515464,0.8320610687022901
stingseq,borzoi,0.27906976744186046,0.8244274809160306
stingseq,borzoi,0.27979274611398963,0.8244274809160306
stingseq,borzoi,0.2805194805194805,0.8244274809160306
stingseq,borzoi,0.2786458333333333,0.816793893129771
stingseq,borzoi,0.27676240208877284,0.8091603053435115
stingseq,borzoi,0.27486910994764396,0.8015267175572519
stingseq,borzoi,0.2755905511811024,0.8015267175572519
stingseq,borzoi,0.27631578947368424,0.8015267175572519
stingseq,borzoi,0.2770448548812665,0.8015267175572519
stingseq,borzoi,0.2777777777777778,0.8015267175572519
stingseq,borzoi,0.27851458885941643,0.8015267175572519
stingseq,borzoi,0.2765957446808511,0.7938931297709924
stingseq,borzoi,0.2773333333333333,0.7938931297709924
stingseq,borzoi,0.27807486631016043,0.7938931297709924
stingseq,borzoi,0.27882037533512066,0.7938931297709924
stingseq,borzoi,0.27956989247311825,0.7938931297709924
stingseq,borzoi,0.2803234501347709,0.7938931297709924
stingseq,borzoi,0.2810810810810811,0.7938931297709924
stingseq,borzoi,0.28184281842818426,0.7938931297709924
stingseq,borzoi,0.2798913043478261,0.7862595419847328
stingseq,borzoi,0.28065395095367845,0.7862595419847328
stingseq,borzoi,0.2814207650273224,0.7862595419847328
stingseq,borzoi,0.2821917808219178,0.7862595419847328
stingseq,borzoi,0.28296703296703296,0.7862595419847328
stingseq,borzoi,0.2837465564738292,0.7862595419847328
stingseq,borzoi,0.2845303867403315,0.7862595419847328
stingseq,borzoi,0.2853185595567867,0.7862595419847328
stingseq,borzoi,0.2861111111111111,0.7862595419847328
stingseq,borzoi,0.2841225626740947,0.7786259541984732
stingseq,borzoi,0.28212290502793297,0.7709923664122137
stingseq,borzoi,0.2801120448179272,0.7633587786259542
stingseq,borzoi,0.2808988764044944,0.7633587786259542
stingseq,borzoi,0.27887323943661974,0.7557251908396947
stingseq,borzoi,0.2768361581920904,0.7480916030534351
stingseq,borzoi,0.2747875354107649,0.7404580152671756
stingseq,borzoi,0.2755681818181818,0.7404580152671756
stingseq,borzoi,0.27635327635327633,0.7404580152671756
stingseq,borzoi,0.2742857142857143,0.732824427480916
stingseq,borzoi,0.27507163323782235,0.732824427480916
stingseq,borzoi,0.27586206896551724,0.732824427480916
stingseq,borzoi,0.276657060518732,0.732824427480916
stingseq,borzoi,0.2774566473988439,0.732824427480916
stingseq,borzoi,0.2782608695652174,0.732824427480916
stingseq,borzoi,0.27906976744186046,0.732824427480916
stingseq,borzoi,0.27988338192419826,0.732824427480916
stingseq,borzoi,0.2807017543859649,0.732824427480916
stingseq,borzoi,0.28152492668621704,0.732824427480916
stingseq,borzoi,0.2823529411764706,0.732824427480916
stingseq,borzoi,0.2831858407079646,0.732824427480916
stingseq,borzoi,0.28402366863905326,0.732824427480916
stingseq,borzoi,0.28486646884273,0.732824427480916
stingseq,borzoi,0.2857142857142857,0.732824427480916
stingseq,borzoi,0.2865671641791045,0.732824427480916
stingseq,borzoi,0.2874251497005988,0.732824427480916
stingseq,borzoi,0.2882882882882883,0.732824427480916
stingseq,borzoi,0.2891566265060241,0.732824427480916
stingseq,borzoi,0.29003021148036257,0.732824427480916
stingseq,borzoi,0.2909090909090909,0.732824427480916
stingseq,borzoi,0.2887537993920973,0.7251908396946565
stingseq,borzoi,0.2896341463414634,0.7251908396946565
stingseq,borzoi,0.290519877675841,0.7251908396946565
stingseq,borzoi,0.29141104294478526,0.7251908396946565
stingseq,borzoi,0.2923076923076923,0.7251908396946565
stingseq,borzoi,0.29012345679012347,0.7175572519083969
stingseq,borzoi,0.29102167182662536,0.7175572519083969
stingseq,borzoi,0.2919254658385093,0.7175572519083969
stingseq,borzoi,0.2897196261682243,0.7099236641221374
stingseq,borzoi,0.290625,0.7099236641221374
stingseq,borzoi,0.29153605015673983,0.7099236641221374
stingseq,borzoi,0.29245283018867924,0.7099236641221374
stingseq,borzoi,0.29337539432176657,0.7099236641221374
stingseq,borzoi,0.29430379746835444,0.7099236641221374
stingseq,borzoi,0.29523809523809524,0.7099236641221374
stingseq,borzoi,0.2929936305732484,0.7022900763358778
stingseq,borzoi,0.2939297124600639,0.7022900763358778
stingseq,borzoi,0.2948717948717949,0.7022900763358778
stingseq,borzoi,0.2958199356913183,0.7022900763358778
stingseq,borzoi,0.2967741935483871,0.7022900763358778
stingseq,borzoi,0.2977346278317152,0.7022900763358778
stingseq,borzoi,0.2987012987012987,0.7022900763358778
stingseq,borzoi,0.2996742671009772,0.7022900763358778
stingseq,borzoi,0.3006535947712418,0.7022900763358778
stingseq,borzoi,0.3016393442622951,0.7022900763358778
stingseq,borzoi,0.3026315789473684,0.7022900763358778
stingseq,borzoi,0.30033003300330036,0.6946564885496184
stingseq,borzoi,0.2980132450331126,0.6870229007633588
stingseq,borzoi,0.29900332225913623,0.6870229007633588
stingseq,borzoi,0.3,0.6870229007633588
stingseq,borzoi,0.3010033444816054,0.6870229007633588
stingseq,borzoi,0.30201342281879195,0.6870229007633588
stingseq,borzoi,0.2996632996632997,0.6793893129770993
stingseq,borzoi,0.30067567567567566,0.6793893129770993
stingseq,borzoi,0.3016949152542373,0.6793893129770993
stingseq,borzoi,0.30272108843537415,0.6793893129770993
stingseq,borzoi,0.3037542662116041,0.6793893129770993
stingseq,borzoi,0.3013698630136986,0.6717557251908397
stingseq,borzoi,0.3024054982817869,0.6717557251908397
stingseq,borzoi,0.30344827586206896,0.6717557251908397
stingseq,borzoi,0.30103806228373703,0.6641221374045801
stingseq,borzoi,0.3020833333333333,0.6641221374045801
stingseq,borzoi,0.30313588850174217,0.6641221374045801
stingseq,borzoi,0.3041958041958042,0.6641221374045801
stingseq,borzoi,0.30526315789473685,0.6641221374045801
stingseq,borzoi,0.30633802816901406,0.6641221374045801
stingseq,borzoi,0.30742049469964666,0.6641221374045801
stingseq,borzoi,0.30851063829787234,0.6641221374045801
stingseq,borzoi,0.3096085409252669,0.6641221374045801
stingseq,borzoi,0.30714285714285716,0.6564885496183206
stingseq,borzoi,0.3046594982078853,0.648854961832061
stingseq,borzoi,0.3057553956834532,0.648854961832061
stingseq,borzoi,0.30685920577617326,0.648854961832061
stingseq,borzoi,0.3079710144927536,0.648854961832061
stingseq,borzoi,0.3090909090909091,0.648854961832061
stingseq,borzoi,0.3102189781021898,0.648854961832061
stingseq,borzoi,0.31135531135531136,0.648854961832061
stingseq,borzoi,0.3125,0.648854961832061
stingseq,borzoi,0.31365313653136534,0.648854961832061
stingseq,borzoi,0.3111111111111111,0.6412213740458015
stingseq,borzoi,0.31226765799256506,0.6412213740458015
stingseq,borzoi,0.31343283582089554,0.6412213740458015
stingseq,borzoi,0.31086142322097376,0.6335877862595419
stingseq,borzoi,0.31203007518796994,0.6335877862595419
stingseq,borzoi,0.3132075471698113,0.6335877862595419
stingseq,borzoi,0.3143939393939394,0.6335877862595419
stingseq,borzoi,0.3155893536121673,0.6335877862595419
stingseq,borzoi,0.31297709923664124,0.6259541984732825
stingseq,borzoi,0.31417624521072796,0.6259541984732825
stingseq,borzoi,0.3153846153846154,0.6259541984732825
stingseq,borzoi,0.3166023166023166,0.6259541984732825
stingseq,borzoi,0.313953488372093,0.6183206106870229
stingseq,borzoi,0.311284046692607,0.6106870229007634
stingseq,borzoi,0.3125,0.6106870229007634
stingseq,borzoi,0.30980392156862746,0.6030534351145038
stingseq,borzoi,0.30708661417322836,0.5954198473282443
stingseq,borzoi,0.308300395256917,0.5954198473282443
stingseq,borzoi,0.30952380952380953,0.5954198473282443
stingseq,borzoi,0.3107569721115538,0.5954198473282443
stingseq,borzoi,0.308,0.5877862595419847
stingseq,borzoi,0.3092369477911647,0.5877862595419847
stingseq,borzoi,0.3064516129032258,0.5801526717557252
stingseq,borzoi,0.30364372469635625,0.5725190839694656
stingseq,borzoi,0.3048780487804878,0.5725190839694656
stingseq,borzoi,0.30612244897959184,0.5725190839694656
stingseq,borzoi,0.3073770491803279,0.5725190839694656
stingseq,borzoi,0.3045267489711934,0.5648854961832062
stingseq,borzoi,0.30578512396694213,0.5648854961832062
stingseq,borzoi,0.3070539419087137,0.5648854961832062
stingseq,borzoi,0.30416666666666664,0.5572519083969466
stingseq,borzoi,0.3054393305439331,0.5572519083969466
stingseq,borzoi,0.3025210084033613,0.549618320610687
stingseq,borzoi,0.3037974683544304,0.549618320610687
stingseq,borzoi,0.3050847457627119,0.549618320610687
stingseq,borzoi,0.30638297872340425,0.549618320610687
stingseq,borzoi,0.3076923076923077,0.549618320610687
stingseq,borzoi,0.3090128755364807,0.549618320610687
stingseq,borzoi,0.3103448275862069,0.549618320610687
stingseq,borzoi,0.3116883116883117,0.549618320610687
stingseq,borzoi,0.3130434782608696,0.549618320610687
stingseq,borzoi,0.314410480349345,0.549618320610687
stingseq,borzoi,0.3157894736842105,0.549618320610687
stingseq,borzoi,0.31718061674008813,0.549618320610687
stingseq,borzoi,0.3185840707964602,0.549618320610687
stingseq,borzoi,0.32,0.549618320610687
stingseq,borzoi,0.32142857142857145,0.549618320610687
stingseq,borzoi,0.3183856502242152,0.5419847328244275
stingseq,borzoi,0.31981981981981983,0.5419847328244275
stingseq,borzoi,0.3212669683257919,0.5419847328244275
stingseq,borzoi,0.32272727272727275,0.5419847328244275
stingseq,borzoi,0.3242009132420091,0.5419847328244275
stingseq,borzoi,0.3256880733944954,0.5419847328244275
stingseq,borzoi,0.3225806451612903,0.5343511450381679
stingseq,borzoi,0.32407407407407407,0.5343511450381679
stingseq,borzoi,0.3209302325581395,0.5267175572519084
stingseq,borzoi,0.32242990654205606,0.5267175572519084
stingseq,borzoi,0.323943661971831,0.5267175572519084
stingseq,borzoi,0.32075471698113206,0.5190839694656488
stingseq,borzoi,0.3175355450236967,0.5114503816793893
stingseq,borzoi,0.319047619047619,0.5114503816793893
stingseq,borzoi,0.32057416267942584,0.5114503816793893
stingseq,borzoi,0.32211538461538464,0.5114503816793893
stingseq,borzoi,0.3188405797101449,0.5038167938931297
stingseq,borzoi,0.32038834951456313,0.5038167938931297
stingseq,borzoi,0.3170731707317073,0.4961832061068702
stingseq,borzoi,0.31862745098039214,0.4961832061068702
stingseq,borzoi,0.31527093596059114,0.48854961832061067
stingseq,borzoi,0.31683168316831684,0.48854961832061067
stingseq,borzoi,0.31343283582089554,0.48091603053435117
stingseq,borzoi,0.315,0.48091603053435117
stingseq,borzoi,0.3165829145728643,0.48091603053435117
stingseq,borzoi,0.3181818181818182,0.48091603053435117
stingseq,borzoi,0.3197969543147208,0.48091603053435117
stingseq,borzoi,0.32142857142857145,0.48091603053435117
stingseq,borzoi,0.31794871794871793,0.4732824427480916
stingseq,borzoi,0.31958762886597936,0.4732824427480916
stingseq,borzoi,0.3160621761658031,0.46564885496183206
stingseq,borzoi,0.3177083333333333,0.46564885496183206
stingseq,borzoi,0.3193717277486911,0.46564885496183206
stingseq,borzoi,0.32105263157894737,0.46564885496183206
stingseq,borzoi,0.32275132275132273,0.46564885496183206
stingseq,borzoi,0.324468085106383,0.46564885496183206
stingseq,borzoi,0.32620320855614976,0.46564885496183206
stingseq,borzoi,0.3225806451612903,0.4580152671755725
stingseq,borzoi,0.32432432432432434,0.4580152671755725
stingseq,borzoi,0.32608695652173914,0.4580152671755725
stingseq,borzoi,0.32786885245901637,0.4580152671755725
stingseq,borzoi,0.3241758241758242,0.45038167938931295
stingseq,borzoi,0.3259668508287293,0.45038167938931295
stingseq,borzoi,0.3277777777777778,0.45038167938931295
stingseq,borzoi,0.329608938547486,0.45038167938931295
stingseq,borzoi,0.33146067415730335,0.45038167938931295
stingseq,borzoi,0.327683615819209,0.44274809160305345
stingseq,borzoi,0.32954545454545453,0.44274809160305345
stingseq,borzoi,0.3314285714285714,0.44274809160305345
stingseq,borzoi,0.3275862068965517,0.4351145038167939
stingseq,borzoi,0.32947976878612717,0.4351145038167939
stingseq,borzoi,0.3313953488372093,0.4351145038167939
stingseq,borzoi,0.3333333333333333,0.4351145038167939
stingseq,borzoi,0.3352941176470588,0.4351145038167939
stingseq,borzoi,0.33727810650887574,0.4351145038167939
stingseq,borzoi,0.3392857142857143,0.4351145038167939
stingseq,borzoi,0.3413173652694611,0.4351145038167939
stingseq,borzoi,0.3373493975903614,0.42748091603053434
stingseq,borzoi,0.3333333333333333,0.4198473282442748
stingseq,borzoi,0.3353658536585366,0.4198473282442748
stingseq,borzoi,0.3374233128834356,0.4198473282442748
stingseq,borzoi,0.3395061728395062,0.4198473282442748
stingseq,borzoi,0.3416149068322981,0.4198473282442748
stingseq,borzoi,0.3375,0.4122137404580153
stingseq,borzoi,0.33962264150943394,0.4122137404580153
stingseq,borzoi,0.34177215189873417,0.4122137404580153
stingseq,borzoi,0.34394904458598724,0.4122137404580153
stingseq,borzoi,0.34615384615384615,0.4122137404580153
stingseq,borzoi,0.34838709677419355,0.4122137404580153
stingseq,borzoi,0.35064935064935066,0.4122137404580153
stingseq,borzoi,0.35294117647058826,0.4122137404580153
stingseq,borzoi,0.35526315789473684,0.4122137404580153
stingseq,borzoi,0.3576158940397351,0.4122137404580153
stingseq,borzoi,0.36,0.4122137404580153
stingseq,borzoi,0.35570469798657717,0.40458015267175573
stingseq,borzoi,0.3581081081081081,0.40458015267175573
stingseq,borzoi,0.36054421768707484,0.40458015267175573
stingseq,borzoi,0.363013698630137,0.40458015267175573
stingseq,borzoi,0.36551724137931035,0.40458015267175573
stingseq,borzoi,0.3680555555555556,0.40458015267175573
stingseq,borzoi,0.3706293706293706,0.40458015267175573
stingseq,borzoi,0.36619718309859156,0.3969465648854962
stingseq,borzoi,0.3617021276595745,0.3893129770992366
stingseq,borzoi,0.36428571428571427,0.3893129770992366
stingseq,borzoi,0.3669064748201439,0.3893129770992366
stingseq,borzoi,0.3695652173913043,0.3893129770992366
stingseq,borzoi,0.3722627737226277,0.3893129770992366
stingseq,borzoi,0.375,0.3893129770992366
stingseq,borzoi,0.37777777777777777,0.3893129770992366
stingseq,borzoi,0.373134328358209,0.3816793893129771
stingseq,borzoi,0.3684210526315789,0.37404580152671757
stingseq,borzoi,0.3712121212121212,0.37404580152671757
stingseq,borzoi,0.37404580152671757,0.37404580152671757
stingseq,borzoi,0.3769230769230769,0.37404580152671757
stingseq,borzoi,0.3798449612403101,0.37404580152671757
stingseq,borzoi,0.3828125,0.37404580152671757
stingseq,borzoi,0.3858267716535433,0.37404580152671757
stingseq,borzoi,0.38095238095238093,0.366412213740458
stingseq,borzoi,0.376,0.35877862595419846
stingseq,borzoi,0.3790322580645161,0.35877862595419846
stingseq,borzoi,0.37398373983739835,0.3511450381679389
stingseq,borzoi,0.3770491803278688,0.3511450381679389
stingseq,borzoi,0.38016528925619836,0.3511450381679389
stingseq,borzoi,0.375,0.3435114503816794
stingseq,borzoi,0.3697478991596639,0.33587786259541985
stingseq,borzoi,0.3728813559322034,0.33587786259541985
stingseq,borzoi,0.36752136752136755,0.3282442748091603
stingseq,borzoi,0.3706896551724138,0.3282442748091603
stingseq,borzoi,0.3739130434782609,0.3282442748091603
stingseq,borzoi,0.3684210526315789,0.32061068702290074
stingseq,borzoi,0.37168141592920356,0.32061068702290074
stingseq,borzoi,0.375,0.32061068702290074
stingseq,borzoi,0.3783783783783784,0.32061068702290074
stingseq,borzoi,0.37272727272727274,0.31297709923664124
stingseq,borzoi,0.3761467889908257,0.31297709923664124
stingseq,borzoi,0.37962962962962965,0.31297709923664124
stingseq,borzoi,0.37383177570093457,0.3053435114503817
stingseq,borzoi,0.37735849056603776,0.3053435114503817
stingseq,borzoi,0.37142857142857144,0.29770992366412213
stingseq,borzoi,0.375,0.29770992366412213
stingseq,borzoi,0.36893203883495146,0.2900763358778626
stingseq,borzoi,0.37254901960784315,0.2900763358778626
stingseq,borzoi,0.37623762376237624,0.2900763358778626
stingseq,borzoi,0.37,0.2824427480916031
stingseq,borzoi,0.37373737373737376,0.2824427480916031
stingseq,borzoi,0.37755102040816324,0.2824427480916031
stingseq,borzoi,0.38144329896907214,0.2824427480916031
stingseq,borzoi,0.3854166666666667,0.2824427480916031
stingseq,borzoi,0.3894736842105263,0.2824427480916031
stingseq,borzoi,0.3829787234042553,0.2748091603053435
stingseq,borzoi,0.3870967741935484,0.2748091603053435
stingseq,borzoi,0.391304347826087,0.2748091603053435
stingseq,borzoi,0.38461538461538464,0.26717557251908397
stingseq,borzoi,0.37777777777777777,0.2595419847328244
stingseq,borzoi,0.38202247191011235,0.2595419847328244
stingseq,borzoi,0.375,0.25190839694656486
stingseq,borzoi,0.3793103448275862,0.25190839694656486
stingseq,borzoi,0.38372093023255816,0.25190839694656486
stingseq,borzoi,0.38823529411764707,0.25190839694656486
stingseq,borzoi,0.39285714285714285,0.25190839694656486
stingseq,borzoi,0.3855421686746988,0.24427480916030533
stingseq,borzoi,0.3780487804878049,0.2366412213740458
stingseq,borzoi,0.38271604938271603,0.2366412213740458
stingseq,borzoi,0.375,0.22900763358778625
stingseq,borzoi,0.3670886075949367,0.22137404580152673
stingseq,borzoi,0.358974358974359,0.21374045801526717
stingseq,borzoi,0.36363636363636365,0.21374045801526717
stingseq,borzoi,0.35526315789473684,0.20610687022900764
stingseq,borzoi,0.36,0.20610687022900764
stingseq,borzoi,0.35135135135135137,0.1984732824427481
stingseq,borzoi,0.3424657534246575,0.19083969465648856
stingseq,borzoi,0.3472222222222222,0.19083969465648856
stingseq,borzoi,0.352112676056338,0.19083969465648856
stingseq,borzoi,0.35714285714285715,0.19083969465648856
stingseq,borzoi,0.36231884057971014,0.19083969465648856
stingseq,borzoi,0.36764705882352944,0.19083969465648856
stingseq,borzoi,0.373134328358209,0.19083969465648856
stingseq,borzoi,0.3787878787878788,0.19083969465648856
stingseq,borzoi,0.36923076923076925,0.183206106870229
stingseq,borzoi,0.359375,0.17557251908396945
stingseq,borzoi,0.3492063492063492,0.16793893129770993
stingseq,borzoi,0.3548387096774194,0.16793893129770993
stingseq,borzoi,0.3442622950819672,0.16030534351145037
stingseq,borzoi,0.35,0.16030534351145037
stingseq,borzoi,0.3559322033898305,0.16030534351145037
stingseq,borzoi,0.3620689655172414,0.16030534351145037
stingseq,borzoi,0.3508771929824561,0.15267175572519084
stingseq,borzoi,0.35714285714285715,0.15267175572519084
stingseq,borzoi,0.34545454545454546,0.1450381679389313
stingseq,borzoi,0.35185185185185186,0.1450381679389313
stingseq,borzoi,0.33962264150943394,0.13740458015267176
stingseq,borzoi,0.3269230769230769,0.1297709923664122
stingseq,borzoi,0.3333333333333333,0.1297709923664122
stingseq,borzoi,0.34,0.1297709923664122
stingseq,borzoi,0.3469387755102041,0.1297709923664122
stingseq,borzoi,0.3541666666666667,0.1297709923664122
stingseq,borzoi,0.3617021276595745,0.1297709923664122
stingseq,borzoi,0.3695652173913043,0.1297709923664122
stingseq,borzoi,0.37777777777777777,0.1297709923664122
stingseq,borzoi,0.36363636363636365,0.12213740458015267
stingseq,borzoi,0.37209302325581395,0.12213740458015267
stingseq,borzoi,0.35714285714285715,0.11450381679389313
stingseq,borzoi,0.36585365853658536,0.11450381679389313
stingseq,borzoi,0.35,0.10687022900763359
stingseq,borzoi,0.3333333333333333,0.09923664122137404
stingseq,borzoi,0.34210526315789475,0.09923664122137404
stingseq,borzoi,0.35135135135135137,0.09923664122137404
stingseq,borzoi,0.3333333333333333,0.0916030534351145
stingseq,borzoi,0.3142857142857143,0.08396946564885496
stingseq,borzoi,0.3235294117647059,0.08396946564885496
stingseq,borzoi,0.3333333333333333,0.08396946564885496
stingseq,borzoi,0.34375,0.08396946564885496
stingseq,borzoi,0.3225806451612903,0.07633587786259542
stingseq,borzoi,0.3,0.06870229007633588
stingseq,borzoi,0.3103448275862069,0.06870229007633588
stingseq,borzoi,0.32142857142857145,0.06870229007633588
stingseq,borzoi,0.3333333333333333,0.06870229007633588
stingseq,borzoi,0.3076923076923077,0.061068702290076333
stingseq,borzoi,0.32,0.061068702290076333
stingseq,borzoi,0.2916666666666667,0.05343511450381679
stingseq,borzoi,0.30434782608695654,0.05343511450381679
stingseq,borzoi,0.3181818181818182,0.05343511450381679
stingseq,borzoi,0.2857142857142857,0.04580152671755725
stingseq,borzoi,0.3,0.04580152671755725
stingseq,borzoi,0.3157894736842105,0.04580152671755725
stingseq,borzoi,0.3333333333333333,0.04580152671755725
stingseq,borzoi,0.35294117647058826,0.04580152671755725
stingseq,borzoi,0.3125,0.03816793893129771
stingseq,borzoi,0.3333333333333333,0.03816793893129771
stingseq,borzoi,0.35714285714285715,0.03816793893129771
stingseq,borzoi,0.38461538461538464,0.03816793893129771
stingseq,borzoi,0.3333333333333333,0.030534351145038167
stingseq,borzoi,0.2727272727272727,0.022900763358778626
stingseq,borzoi,0.2,0.015267175572519083
stingseq,borzoi,0.2222222222222222,0.015267175572519083
stingseq,borzoi,0.25,0.015267175572519083
stingseq,borzoi,0.14285714285714285,0.007633587786259542
stingseq,borzoi,0.16666666666666666,0.007633587786259542
stingseq,borzoi,0.2,0.007633587786259542
stingseq,borzoi,0.25,0.007633587786259542
stingseq,borzoi,0.3333333333333333,0.007633587786259542
stingseq,borzoi,0.5,0.007633587786259542
stingseq,borzoi,1.0,0.007633587786259542
stingseq,borzoi,1.0,0.0
stingseq,borzoi_prime,0.25338491295938104,1.0
stingseq,borzoi_prime,0.25193798449612403,0.9923664122137404
stingseq,borzoi_prime,0.2524271844660194,0.9923664122137404
stingseq,borzoi_prime,0.2509727626459144,0.9847328244274809
stingseq,borzoi_prime,0.25146198830409355,0.9847328244274809
stingseq,borzoi_prime,0.251953125,0.9847328244274809
stingseq,borzoi_prime,0.25244618395303325,0.9847328244274809
stingseq,borzoi_prime,0.2529411764705882,0.9847328244274809
stingseq,borzoi_prime,0.25343811394891946,0.9847328244274809
stingseq,borzoi_prime,0.25393700787401574,0.9847328244274809
stingseq,borzoi_prime,0.25443786982248523,0.9847328244274809
stingseq,borzoi_prime,0.2549407114624506,0.9847328244274809
stingseq,borzoi_prime,0.25544554455445545,0.9847328244274809
stingseq,borzoi_prime,0.25595238095238093,0.9847328244274809
stingseq,borzoi_prime,0.25646123260437376,0.9847328244274809
stingseq,borzoi_prime,0.25697211155378485,0.9847328244274809
stingseq,borzoi_prime,0.25748502994011974,0.9847328244274809
stingseq,borzoi_prime,0.258,0.9847328244274809
stingseq,borzoi_prime,0.25851703406813625,0.9847328244274809
stingseq,borzoi_prime,0.25903614457831325,0.9847328244274809
stingseq,borzoi_prime,0.2595573440643863,0.9847328244274809
stingseq,borzoi_prime,0.2600806451612903,0.9847328244274809
stingseq,borzoi_prime,0.2606060606060606,0.9847328244274809
stingseq,borzoi_prime,0.2611336032388664,0.9847328244274809
stingseq,borzoi_prime,0.2616632860040568,0.9847328244274809
stingseq,borzoi_prime,0.2621951219512195,0.9847328244274809
stingseq,borzoi_prime,0.26272912423625255,0.9847328244274809
stingseq,borzoi_prime,0.26326530612244897,0.9847328244274809
stingseq,borzoi_prime,0.26380368098159507,0.9847328244274809
stingseq,borzoi_prime,0.26229508196721313,0.9770992366412213
stingseq,borzoi_prime,0.26283367556468173,0.9770992366412213
stingseq,borzoi_prime,0.26337448559670784,0.9770992366412213
stingseq,borzoi_prime,0.2639175257731959,0.9770992366412213
stingseq,borzoi_prime,0.26239669421487605,0.9694656488549618
stingseq,borzoi_prime,0.2608695652173913,0.9618320610687023
stingseq,borzoi_prime,0.26141078838174275,0.9618320610687023
stingseq,borzoi_prime,0.26195426195426197,0.9618320610687023
stingseq,borzoi_prime,0.2625,0.9618320610687023
stingseq,borzoi_prime,0.2630480167014614,0.9618320610687023
stingseq,borzoi_prime,0.26359832635983266,0.9618320610687023
stingseq,borzoi_prime,0.2641509433962264,0.9618320610687023
stingseq,borzoi_prime,0.2647058823529412,0.9618320610687023
stingseq,borzoi_prime,0.26526315789473687,0.9618320610687023
stingseq,borzoi_prime,0.26582278481012656,0.9618320610687023
stingseq,borzoi_prime,0.266384778012685,0.9618320610687023
stingseq,borzoi_prime,0.2669491525423729,0.9618320610687023
stingseq,borzoi_prime,0.2653927813163482,0.9541984732824428
stingseq,borzoi_prime,0.26595744680851063,0.9541984732824428
stingseq,borzoi_prime,0.26652452025586354,0.9541984732824428
stingseq,borzoi_prime,0.2670940170940171,0.9541984732824428
stingseq,borzoi_prime,0.2676659528907923,0.9541984732824428
stingseq,borzoi_prime,0.26824034334763946,0.9541984732824428
stingseq,borzoi_prime,0.26666666666666666,0.9465648854961832
stingseq,borzoi_prime,0.2672413793103448,0.9465648854961832
stingseq,borzoi_prime,0.2678185745140389,0.9465648854961832
stingseq,borzoi_prime,0.2683982683982684,0.9465648854961832
stingseq,borzoi_prime,0.26898047722342733,0.9465648854961832
stingseq,borzoi_prime,0.26956521739130435,0.9465648854961832
stingseq,borzoi_prime,0.2701525054466231,0.9465648854961832
stingseq,borzoi_prime,0.27074235807860264,0.9465648854961832
stingseq,borzoi_prime,0.2713347921225383,0.9465648854961832
stingseq,borzoi_prime,0.26973684210526316,0.9389312977099237
stingseq,borzoi_prime,0.2681318681318681,0.9312977099236641
stingseq,borzoi_prime,0.2665198237885463,0.9236641221374046
stingseq,borzoi_prime,0.2671081677704194,0.9236641221374046
stingseq,borzoi_prime,0.2676991150442478,0.9236641221374046
stingseq,borzoi_prime,0.2682926829268293,0.9236641221374046
stingseq,borzoi_prime,0.26666666666666666,0.916030534351145
stingseq,borzoi_prime,0.267260579064588,0.916030534351145
stingseq,borzoi_prime,0.26785714285714285,0.916030534351145
stingseq,borzoi_prime,0.2684563758389262,0.916030534351145
stingseq,borzoi_prime,0.26681614349775784,0.9083969465648855
stingseq,borzoi_prime,0.26741573033707866,0.9083969465648855
stingseq,borzoi_prime,0.268018018018018,0.9083969465648855
stingseq,borzoi_prime,0.2686230248306998,0.9083969465648855
stingseq,borzoi_prime,0.2692307692307692,0.9083969465648855
stingseq,borzoi_prime,0.2698412698412698,0.9083969465648855
stingseq,borzoi_prime,0.27045454545454545,0.9083969465648855
stingseq,borzoi_prime,0.27107061503416857,0.9083969465648855
stingseq,borzoi_prime,0.271689497716895,0.9083969465648855
stingseq,borzoi_prime,0.2723112128146453,0.9083969465648855
stingseq,borzoi_prime,0.27293577981651373,0.9083969465648855
stingseq,borzoi_prime,0.271264367816092,0.9007633587786259
stingseq,borzoi_prime,0.271889400921659,0.9007633587786259
stingseq,borzoi_prime,0.27251732101616627,0.9007633587786259
stingseq,borzoi_prime,0.27314814814814814,0.9007633587786259
stingseq,borzoi_prime,0.2737819025522042,0.9007633587786259
stingseq,borzoi_prime,0.2744186046511628,0.9007633587786259
stingseq,borzoi_prime,0.27505827505827507,0.9007633587786259
stingseq,borzoi_prime,0.2757009345794392,0.9007633587786259
stingseq,borzoi_prime,0.27634660421545665,0.9007633587786259
stingseq,borzoi_prime,0.27699530516431925,0.9007633587786259
stingseq,borzoi_prime,0.2776470588235294,0.9007633587786259
stingseq,borzoi_prime,0.2783018867924528,0.9007633587786259
stingseq,borzoi_prime,0.2789598108747045,0.9007633587786259
stingseq,borzoi_prime,0.2796208530805687,0.9007633587786259
stingseq,borzoi_prime,0.28028503562945367,0.9007633587786259
stingseq,borzoi_prime,0.28095238095238095,0.9007633587786259
stingseq,borzoi_prime,0.28162291169451076,0.9007633587786259
stingseq,borzoi_prime,0.2822966507177033,0.9007633587786259
stingseq,borzoi_prime,0.2805755395683453,0.8931297709923665
stingseq,borzoi_prime,0.28125,0.8931297709923665
stingseq,borzoi_prime,0.2819277108433735,0.8931297709923665
stingseq,borzoi_prime,0.2826086956521739,0.8931297709923665
stingseq,borzoi_prime,0.28329297820823246,0.8931297709923665
stingseq,borzoi_prime,0.28398058252427183,0.8931297709923665
stingseq,borzoi_prime,0.2846715328467153,0.8931297709923665
stingseq,borzoi_prime,0.28536585365853656,0.8931297709923665
stingseq,borzoi_prime,0.28361858190709044,0.8854961832061069
stingseq,borzoi_prime,0.2818627450980392,0.8778625954198473
stingseq,borzoi_prime,0.28255528255528256,0.8778625954198473
stingseq,borzoi_prime,0.2832512315270936,0.8778625954198473
stingseq,borzoi_prime,0.2839506172839506,0.8778625954198473
stingseq,borzoi_prime,0.28465346534653463,0.8778625954198473
stingseq,borzoi_prime,0.2853598014888337,0.8778625954198473
stingseq,borzoi_prime,0.2835820895522388,0.8702290076335878
stingseq,borzoi_prime,0.28428927680798005,0.8702290076335878
stingseq,borzoi_prime,0.285,0.8702290076335878
stingseq,borzoi_prime,0.2857142857142857,0.8702290076335878
stingseq,borzoi_prime,0.2864321608040201,0.8702290076335878
stingseq,borzoi_prime,0.2871536523929471,0.8702290076335878
stingseq,borzoi_prime,0.2878787878787879,0.8702290076335878
stingseq,borzoi_prime,0.28607594936708863,0.8625954198473282
stingseq,borzoi_prime,0.2868020304568528,0.8625954198473282
stingseq,borzoi_prime,0.2875318066157761,0.8625954198473282
stingseq,borzoi_prime,0.288265306122449,0.8625954198473282
stingseq,borzoi_prime,0.2864450127877238,0.8549618320610687
stingseq,borzoi_prime,0.28717948717948716,0.8549618320610687
stingseq,borzoi_prime,0.2879177377892031,0.8549618320610687
stingseq,borzoi_prime,0.28865979381443296,0.8549618320610687
stingseq,borzoi_prime,0.28940568475452194,0.8549618320610687
stingseq,borzoi_prime,0.29015544041450775,0.8549618320610687
stingseq,borzoi_prime,0.2909090909090909,0.8549618320610687
stingseq,borzoi_prime,0.2916666666666667,0.8549618320610687
stingseq,borzoi_prime,0.2924281984334204,0.8549618320610687
stingseq,borzoi_prime,0.2931937172774869,0.8549618320610687
stingseq,borzoi_prime,0.29396325459317585,0.8549618320610687
stingseq,borzoi_prime,0.29473684210526313,0.8549618320610687
stingseq,borzoi_prime,0.2955145118733509,0.8549618320610687
stingseq,borzoi_prime,0.2962962962962963,0.8549618320610687
stingseq,borzoi_prime,0.29708222811671087,0.8549618320610687
stingseq,borzoi_prime,0.2978723404255319,0.8549618320610687
stingseq,borzoi_prime,0.2986666666666667,0.8549618320610687
stingseq,borzoi_prime,0.2994652406417112,0.8549618320610687
stingseq,borzoi_prime,0.3002680965147453,0.8549618320610687
stingseq,borzoi_prime,0.3010752688172043,0.8549618320610687
stingseq,borzoi_prime,0.3018867924528302,0.8549618320610687
stingseq,borzoi_prime,0.3027027027027027,0.8549618320610687
stingseq,borzoi_prime,0.3035230352303523,0.8549618320610687
stingseq,borzoi_prime,0.30434782608695654,0.8549618320610687
stingseq,borzoi_prime,0.3024523160762943,0.8473282442748091
stingseq,borzoi_prime,0.30327868852459017,0.8473282442748091
stingseq,borzoi_prime,0.3013698630136986,0.8396946564885496
stingseq,borzoi_prime,0.29945054945054944,0.8320610687022901
stingseq,borzoi_prime,0.2975206611570248,0.8244274809160306
stingseq,borzoi_prime,0.2983425414364641,0.8244274809160306
stingseq,borzoi_prime,0.29916897506925205,0.8244274809160306
stingseq,borzoi_prime,0.3,0.8244274809160306
stingseq,borzoi_prime,0.298050139275766,0.816793893129771
stingseq,borzoi_prime,0.2988826815642458,0.816793893129771
stingseq,borzoi_prime,0.29971988795518206,0.816793893129771
stingseq,borzoi_prime,0.300561797752809,0.816793893129771
stingseq,borzoi_prime,0.30140845070422534,0.816793893129771
stingseq,borzoi_prime,0.3022598870056497,0.816793893129771
stingseq,borzoi_prime,0.3031161473087819,0.816793893129771
stingseq,borzoi_prime,0.30113636363636365,0.8091603053435115
stingseq,borzoi_prime,0.301994301994302,0.8091603053435115
stingseq,borzoi_prime,0.3028571428571429,0.8091603053435115
stingseq,borzoi_prime,0.3037249283667622,0.8091603053435115
stingseq,borzoi_prime,0.3045977011494253,0.8091603053435115
stingseq,borzoi_prime,0.30547550432276654,0.8091603053435115
stingseq,borzoi_prime,0.3063583815028902,0.8091603053435115
stingseq,borzoi_prime,0.3072463768115942,0.8091603053435115
stingseq,borzoi_prime,0.3081395348837209,0.8091603053435115
stingseq,borzoi_prime,0.30903790087463556,0.8091603053435115
stingseq,borzoi_prime,0.30701754385964913,0.8015267175572519
stingseq,borzoi_prime,0.30791788856304986,0.8015267175572519
stingseq,borzoi_prime,0.3088235294117647,0.8015267175572519
stingseq,borzoi_prime,0.30678466076696165,0.7938931297709924
stingseq,borzoi_prime,0.3076923076923077,0.7938931297709924
stingseq,borzoi_prime,0.3056379821958457,0.7862595419847328
stingseq,borzoi_prime,0.30654761904761907,0.7862595419847328
stingseq,borzoi_prime,0.3074626865671642,0.7862595419847328
stingseq,borzoi_prime,0.3083832335329341,0.7862595419847328
stingseq,borzoi_prime,0.30930930930930933,0.7862595419847328
stingseq,borzoi_prime,0.3102409638554217,0.7862595419847328
stingseq,borzoi_prime,0.311178247734139,0.7862595419847328
stingseq,borzoi_prime,0.31212121212121213,0.7862595419847328
stingseq,borzoi_prime,0.3130699088145897,0.7862595419847328
stingseq,borzoi_prime,0.31402439024390244,0.7862595419847328
stingseq,borzoi_prime,0.3119266055045872,0.7786259541984732
stingseq,borzoi_prime,0.3098159509202454,0.7709923664122137
stingseq,borzoi_prime,0.31076923076923074,0.7709923664122137
stingseq,borzoi_prime,0.3117283950617284,0.7709923664122137
stingseq,borzoi_prime,0.3126934984520124,0.7709923664122137
stingseq,borzoi_prime,0.3136645962732919,0.7709923664122137
stingseq,borzoi_prime,0.3146417445482866,0.7709923664122137
stingseq,borzoi_prime,0.3125,0.7633587786259542
stingseq,borzoi_prime,0.31347962382445144,0.7633587786259542
stingseq,borzoi_prime,0.3113207547169811,0.7557251908396947
stingseq,borzoi_prime,0.31230283911671924,0.7557251908396947
stingseq,borzoi_prime,0.31329113924050633,0.7557251908396947
stingseq,borzoi_prime,0.3142857142857143,0.7557251908396947
stingseq,borzoi_prime,0.31528662420382164,0.7557251908396947
stingseq,borzoi_prime,0.31629392971246006,0.7557251908396947
stingseq,borzoi_prime,0.3173076923076923,0.7557251908396947
stingseq,borzoi_prime,0.3183279742765273,0.7557251908396947
stingseq,borzoi_prime,0.3193548387096774,0.7557251908396947
stingseq,borzoi_prime,0.32038834951456313,0.7557251908396947
stingseq,borzoi_prime,0.3181818181818182,0.7480916030534351
stingseq,borzoi_prime,0.31921824104234525,0.7480916030534351
stingseq,borzoi_prime,0.3202614379084967,0.7480916030534351
stingseq,borzoi_prime,0.32131147540983607,0.7480916030534351
stingseq,borzoi_prime,0.3190789473684211,0.7404580152671756
stingseq,borzoi_prime,0.31683168316831684,0.732824427480916
stingseq,borzoi_prime,0.31788079470198677,0.732824427480916
stingseq,borzoi_prime,0.31893687707641194,0.732824427480916
stingseq,borzoi_prime,0.32,0.732824427480916
stingseq,borzoi_prime,0.3177257525083612,0.7251908396946565
stingseq,borzoi_prime,0.3187919463087248,0.7251908396946565
stingseq,borzoi_prime,0.31986531986531985,0.7251908396946565
stingseq,borzoi_prime,0.32094594594594594,0.7251908396946565
stingseq,borzoi_prime,0.3220338983050847,0.7251908396946565
stingseq,borzoi_prime,0.3231292517006803,0.7251908396946565
stingseq,borzoi_prime,0.32081911262798635,0.7175572519083969
stingseq,borzoi_prime,0.3184931506849315,0.7099236641221374
stingseq,borzoi_prime,0.3161512027491409,0.7022900763358778
stingseq,borzoi_prime,0.31724137931034485,0.7022900763358778
stingseq,borzoi_prime,0.31833910034602075,0.7022900763358778
stingseq,borzoi_prime,0.3194444444444444,0.7022900763358778
stingseq,borzoi_prime,0.3205574912891986,0.7022900763358778
stingseq,borzoi_prime,0.32167832167832167,0.7022900763358778
stingseq,borzoi_prime,0.32280701754385965,0.7022900763358778
stingseq,borzoi_prime,0.323943661971831,0.7022900763358778
stingseq,borzoi_prime,0.3250883392226148,0.7022900763358778
stingseq,borzoi_prime,0.3262411347517731,0.7022900763358778
stingseq,borzoi_prime,0.3274021352313167,0.7022900763358778
stingseq,borzoi_prime,0.32857142857142857,0.7022900763358778
stingseq,borzoi_prime,0.32616487455197135,0.6946564885496184
stingseq,borzoi_prime,0.3273381294964029,0.6946564885496184
stingseq,borzoi_prime,0.3249097472924188,0.6870229007633588
stingseq,borzoi_prime,0.32608695652173914,0.6870229007633588
stingseq,borzoi_prime,0.32727272727272727,0.6870229007633588
stingseq,borzoi_prime,0.3284671532846715,0.6870229007633588
stingseq,borzoi_prime,0.32967032967032966,0.6870229007633588
stingseq,borzoi_prime,0.3272058823529412,0.6793893129770993
stingseq,borzoi_prime,0.3284132841328413,0.6793893129770993
stingseq,borzoi_prime,0.32592592592592595,0.6717557251908397
stingseq,borzoi_prime,0.3271375464684015,0.6717557251908397
stingseq,borzoi_prime,0.3283582089552239,0.6717557251908397
stingseq,borzoi_prime,0.3295880149812734,0.6717557251908397
stingseq,borzoi_prime,0.3308270676691729,0.6717557251908397
stingseq,borzoi_prime,0.3283018867924528,0.6641221374045801
stingseq,borzoi_prime,0.32954545454545453,0.6641221374045801
stingseq,borzoi_prime,0.33079847908745247,0.6641221374045801
stingseq,borzoi_prime,0.3320610687022901,0.6641221374045801
stingseq,borzoi_prime,0.32950191570881227,0.6564885496183206
stingseq,borzoi_prime,0.33076923076923076,0.6564885496183206
stingseq,borzoi_prime,0.3281853281853282,0.648854961832061
stingseq,borzoi_prime,0.32945736434108525,0.648854961832061
stingseq,borzoi_prime,0.33073929961089493,0.648854961832061
stingseq,borzoi_prime,0.33203125,0.648854961832061
stingseq,borzoi_prime,0.3333333333333333,0.648854961832061
stingseq,borzoi_prime,0.3346456692913386,0.648854961832061
stingseq,borzoi_prime,0.33201581027667987,0.6412213740458015
stingseq,borzoi_prime,0.3333333333333333,0.6412213740458015
stingseq,borzoi_prime,0.3346613545816733,0.6412213740458015
stingseq,borzoi_prime,0.336,0.6412213740458015
stingseq,borzoi_prime,0.3373493975903614,0.6412213740458015
stingseq,borzoi_prime,0.3387096774193548,0.6412213740458015
stingseq,borzoi_prime,0.340080971659919,0.6412213740458015
stingseq,borzoi_prime,0.34146341463414637,0.6412213740458015
stingseq,borzoi_prime,0.34285714285714286,0.6412213740458015
stingseq,borzoi_prime,0.3442622950819672,0.6412213740458015
stingseq,borzoi_prime,0.345679012345679,0.6412213740458015
stingseq,borzoi_prime,0.34297520661157027,0.6335877862595419
stingseq,borzoi_prime,0.34439834024896265,0.6335877862595419
stingseq,borzoi_prime,0.3458333333333333,0.6335877862595419
stingseq,borzoi_prime,0.3472803347280335,0.6335877862595419
stingseq,borzoi_prime,0.3487394957983193,0.6335877862595419
stingseq,borzoi_prime,0.3459915611814346,0.6259541984732825
stingseq,borzoi_prime,0.3474576271186441,0.6259541984732825
stingseq,borzoi_prime,0.34893617021276596,0.6259541984732825
stingseq,borzoi_prime,0.3504273504273504,0.6259541984732825
stingseq,borzoi_prime,0.351931330472103,0.6259541984732825
stingseq,borzoi_prime,0.34913793103448276,0.6183206106870229
stingseq,borzoi_prime,0.3463203463203463,0.6106870229007634
stingseq,borzoi_prime,0.34347826086956523,0.6030534351145038
stingseq,borzoi_prime,0.3406113537117904,0.5954198473282443
stingseq,borzoi_prime,0.33771929824561403,0.5877862595419847
stingseq,borzoi_prime,0.3392070484581498,0.5877862595419847
stingseq,borzoi_prime,0.3407079646017699,0.5877862595419847
stingseq,borzoi_prime,0.3422222222222222,0.5877862595419847
stingseq,borzoi_prime,0.34375,0.5877862595419847
stingseq,borzoi_prime,0.3452914798206278,0.5877862595419847
stingseq,borzoi_prime,0.34684684684684686,0.5877862595419847
stingseq,borzoi_prime,0.34841628959276016,0.5877862595419847
stingseq,borzoi_prime,0.35,0.5877862595419847
stingseq,borzoi_prime,0.3515981735159817,0.5877862595419847
stingseq,borzoi_prime,0.3486238532110092,0.5801526717557252
stingseq,borzoi_prime,0.3456221198156682,0.5725190839694656
stingseq,borzoi_prime,0.3425925925925926,0.5648854961832062
stingseq,borzoi_prime,0.3395348837209302,0.5572519083969466
stingseq,borzoi_prime,0.3364485981308411,0.549618320610687
stingseq,borzoi_prime,0.3380281690140845,0.549618320610687
stingseq,borzoi_prime,0.33490566037735847,0.5419847328244275
stingseq,borzoi_prime,0.33649289099526064,0.5419847328244275
stingseq,borzoi_prime,0.3380952380952381,0.5419847328244275
stingseq,borzoi_prime,0.3397129186602871,0.5419847328244275
stingseq,borzoi_prime,0.33653846153846156,0.5343511450381679
stingseq,borzoi_prime,0.33816425120772947,0.5343511450381679
stingseq,borzoi_prime,0.33980582524271846,0.5343511450381679
stingseq,borzoi_prime,0.34146341463414637,0.5343511450381679
stingseq,borzoi_prime,0.3431372549019608,0.5343511450381679
stingseq,borzoi_prime,0.3448275862068966,0.5343511450381679
stingseq,borzoi_prime,0.3465346534653465,0.5343511450381679
stingseq,borzoi_prime,0.34328358208955223,0.5267175572519084
stingseq,borzoi_prime,0.345,0.5267175572519084
stingseq,borzoi_prime,0.34673366834170855,0.5267175572519084
stingseq,borzoi_prime,0.3484848484848485,0.5267175572519084
stingseq,borzoi_prime,0.350253807106599,0.5267175572519084
stingseq,borzoi_prime,0.3520408163265306,0.5267175572519084
stingseq,borzoi_prime,0.35384615384615387,0.5267175572519084
stingseq,borzoi_prime,0.35051546391752575,0.5190839694656488
stingseq,borzoi_prime,0.35233160621761656,0.5190839694656488
stingseq,borzoi_prime,0.3489583333333333,0.5114503816793893
stingseq,borzoi_prime,0.3507853403141361,0.5114503816793893
stingseq,borzoi_prime,0.3526315789473684,0.5114503816793893
stingseq,borzoi_prime,0.3492063492063492,0.5038167938931297
stingseq,borzoi_prime,0.34574468085106386,0.4961832061068702
stingseq,borzoi_prime,0.3422459893048128,0.48854961832061067
stingseq,borzoi_prime,0.34408602150537637,0.48854961832061067
stingseq,borzoi_prime,0.34594594594594597,0.48854961832061067
stingseq,borzoi_prime,0.34782608695652173,0.48854961832061067
stingseq,borzoi_prime,0.3442622950819672,0.48091603053435117
stingseq,borzoi_prime,0.34615384615384615,0.48091603053435117
stingseq,borzoi_prime,0.34806629834254144,0.48091603053435117
stingseq,borzoi_prime,0.34444444444444444,0.4732824427480916
stingseq,borzoi_prime,0.3463687150837989,0.4732824427480916
stingseq,borzoi_prime,0.34831460674157305,0.4732824427480916
stingseq,borzoi_prime,0.3502824858757062,0.4732824427480916
stingseq,borzoi_prime,0.3522727272727273,0.4732824427480916
stingseq,borzoi_prime,0.35428571428571426,0.4732824427480916
stingseq,borzoi_prime,0.3563218390804598,0.4732824427480916
stingseq,borzoi_prime,0.3583815028901734,0.4732824427480916
stingseq,borzoi_prime,0.3546511627906977,0.46564885496183206
stingseq,borzoi_prime,0.3508771929824561,0.4580152671755725
stingseq,borzoi_prime,0.34705882352941175,0.45038167938931295
stingseq,borzoi_prime,0.34911242603550297,0.45038167938931295
stingseq,borzoi_prime,0.34523809523809523,0.44274809160305345
stingseq,borzoi_prime,0.3473053892215569,0.44274809160305345
stingseq,borzoi_prime,0.3493975903614458,0.44274809160305345
stingseq,borzoi_prime,0.3515151515151515,0.44274809160305345
stingseq,borzoi_prime,0.35365853658536583,0.44274809160305345
stingseq,borzoi_prime,0.3558282208588957,0.44274809160305345
stingseq,borzoi_prime,0.35802469135802467,0.44274809160305345
stingseq,borzoi_prime,0.36024844720496896,0.44274809160305345
stingseq,borzoi_prime,0.3625,0.44274809160305345
stingseq,borzoi_prime,0.36477987421383645,0.44274809160305345
stingseq,borzoi_prime,0.36075949367088606,0.4351145038167939
stingseq,borzoi_prime,0.35668789808917195,0.42748091603053434
stingseq,borzoi_prime,0.358974358974359,0.42748091603053434
stingseq,borzoi_prime,0.36129032258064514,0.42748091603053434
stingseq,borzoi_prime,0.35714285714285715,0.4198473282442748
stingseq,borzoi_prime,0.35294117647058826,0.4122137404580153
stingseq,borzoi_prime,0.35526315789473684,0.4122137404580153
stingseq,borzoi_prime,0.3509933774834437,0.40458015267175573
stingseq,borzoi_prime,0.35333333333333333,0.40458015267175573
stingseq,borzoi_prime,0.35570469798657717,0.40458015267175573
stingseq,borzoi_prime,0.35135135135135137,0.3969465648854962
stingseq,borzoi_prime,0.35374149659863946,0.3969465648854962
stingseq,borzoi_prime,0.3493150684931507,0.3893129770992366
stingseq,borzoi_prime,0.3448275862068966,0.3816793893129771
stingseq,borzoi_prime,0.3472222222222222,0.3816793893129771
stingseq,borzoi_prime,0.34965034965034963,0.3816793893129771
stingseq,borzoi_prime,0.352112676056338,0.3816793893129771
stingseq,borzoi_prime,0.3546099290780142,0.3816793893129771
stingseq,borzoi_prime,0.35714285714285715,0.3816793893129771
stingseq,borzoi_prime,0.3597122302158273,0.3816793893129771
stingseq,borzoi_prime,0.36231884057971014,0.3816793893129771
stingseq,borzoi_prime,0.36496350364963503,0.3816793893129771
stingseq,borzoi_prime,0.36764705882352944,0.3816793893129771
stingseq,borzoi_prime,0.37037037037037035,0.3816793893129771
stingseq,borzoi_prime,0.373134328358209,0.3816793893129771
stingseq,borzoi_prime,0.3684210526315789,0.37404580152671757
stingseq,borzoi_prime,0.36363636363636365,0.366412213740458
stingseq,borzoi_prime,0.35877862595419846,0.35877862595419846
stingseq,borzoi_prime,0.36153846153846153,0.35877862595419846
stingseq,borzoi_prime,0.3643410852713178,0.35877862595419846
stingseq,borzoi_prime,0.3671875,0.35877862595419846
stingseq,borzoi_prime,0.36220472440944884,0.3511450381679389
stingseq,borzoi_prime,0.35714285714285715,0.3435114503816794
stingseq,borzoi_prime,0.352,0.33587786259541985
stingseq,borzoi_prime,0.3548387096774194,0.33587786259541985
stingseq,borzoi_prime,0.35772357723577236,0.33587786259541985
stingseq,borzoi_prime,0.3524590163934426,0.3282442748091603
stingseq,borzoi_prime,0.35537190082644626,0.3282442748091603
stingseq,borzoi_prime,0.35833333333333334,0.3282442748091603
stingseq,borzoi_prime,0.36134453781512604,0.3282442748091603
stingseq,borzoi_prime,0.3559322033898305,0.32061068702290074
stingseq,borzoi_prime,0.358974358974359,0.32061068702290074
stingseq,borzoi_prime,0.3620689655172414,0.32061068702290074
stingseq,borzoi_prime,0.3652173913043478,0.32061068702290074
stingseq,borzoi_prime,0.3684210526315789,0.32061068702290074
stingseq,borzoi_prime,0.37168141592920356,0.32061068702290074
stingseq,borzoi_prime,0.375,0.32061068702290074
stingseq,borzoi_prime,0.36936936936936937,0.31297709923664124
stingseq,borzoi_prime,0.37272727272727274,0.31297709923664124
stingseq,borzoi_prime,0.3761467889908257,0.31297709923664124
stingseq,borzoi_prime,0.37962962962962965,0.31297709923664124
stingseq,borzoi_prime,0.38317757009345793,0.31297709923664124
stingseq,borzoi_prime,0.3867924528301887,0.31297709923664124
stingseq,borzoi_prime,0.38095238095238093,0.3053435114503817
stingseq,borzoi_prime,0.38461538461538464,0.3053435114503817
stingseq,borzoi_prime,0.3883495145631068,0.3053435114503817
stingseq,borzoi_prime,0.39215686274509803,0.3053435114503817
stingseq,borzoi_prime,0.38613861386138615,0.29770992366412213
stingseq,borzoi_prime,0.38,0.2900763358778626
stingseq,borzoi_prime,0.3838383838383838,0.2900763358778626
stingseq,borzoi_prime,0.3877551020408163,0.2900763358778626
stingseq,borzoi_prime,0.3917525773195876,0.2900763358778626
stingseq,borzoi_prime,0.3854166666666667,0.2824427480916031
stingseq,borzoi_prime,0.37894736842105264,0.2748091603053435
stingseq,borzoi_prime,0.3723404255319149,0.26717557251908397
stingseq,borzoi_prime,0.3763440860215054,0.26717557251908397
stingseq,borzoi_prime,0.3804347826086957,0.26717557251908397
stingseq,borzoi_prime,0.38461538461538464,0.26717557251908397
stingseq,borzoi_prime,0.3888888888888889,0.26717557251908397
stingseq,borzoi_prime,0.38202247191011235,0.2595419847328244
stingseq,borzoi_prime,0.375,0.25190839694656486
stingseq,borzoi_prime,0.3793103448275862,0.25190839694656486
stingseq,borzoi_prime,0.37209302325581395,0.24427480916030533
stingseq,borzoi_prime,0.3764705882352941,0.24427480916030533
stingseq,borzoi_prime,0.38095238095238093,0.24427480916030533
stingseq,borzoi_prime,0.3855421686746988,0.24427480916030533
stingseq,borzoi_prime,0.3902439024390244,0.24427480916030533
stingseq,borzoi_prime,0.3950617283950617,0.24427480916030533
stingseq,borzoi_prime,0.4,0.24427480916030533
stingseq,borzoi_prime,0.3924050632911392,0.2366412213740458
stingseq,borzoi_prime,0.38461538461538464,0.22900763358778625
stingseq,borzoi_prime,0.38961038961038963,0.22900763358778625
stingseq,borzoi_prime,0.3815789473684211,0.22137404580152673
stingseq,borzoi_prime,0.38666666666666666,0.22137404580152673
stingseq,borzoi_prime,0.3918918918918919,0.22137404580152673
stingseq,borzoi_prime,0.3835616438356164,0.21374045801526717
stingseq,borzoi_prime,0.3888888888888889,0.21374045801526717
stingseq,borzoi_prime,0.39436619718309857,0.21374045801526717
stingseq,borzoi_prime,0.4,0.21374045801526717
stingseq,borzoi_prime,0.391304347826087,0.20610687022900764
stingseq,borzoi_prime,0.38235294117647056,0.1984732824427481
stingseq,borzoi_prime,0.373134328358209,0.19083969465648856
stingseq,borzoi_prime,0.36363636363636365,0.183206106870229
stingseq,borzoi_prime,0.36923076923076925,0.183206106870229
stingseq,borzoi_prime,0.375,0.183206106870229
stingseq,borzoi_prime,0.38095238095238093,0.183206106870229
stingseq,borzoi_prime,0.3870967741935484,0.183206106870229
stingseq,borzoi_prime,0.39344262295081966,0.183206106870229
stingseq,borzoi_prime,0.4,0.183206106870229
stingseq,borzoi_prime,0.4067796610169492,0.183206106870229
stingseq,borzoi_prime,0.39655172413793105,0.17557251908396945
stingseq,borzoi_prime,0.38596491228070173,0.16793893129770993
stingseq,borzoi_prime,0.39285714285714285,0.16793893129770993
stingseq,borzoi_prime,0.38181818181818183,0.16030534351145037
stingseq,borzoi_prime,0.3888888888888889,0.16030534351145037
stingseq,borzoi_prime,0.37735849056603776,0.15267175572519084
stingseq,borzoi_prime,0.38461538461538464,0.15267175572519084
stingseq,borzoi_prime,0.39215686274509803,0.15267175572519084
stingseq,borzoi_prime,0.38,0.1450381679389313
stingseq,borzoi_prime,0.3673469387755102,0.13740458015267176
stingseq,borzoi_prime,0.375,0.13740458015267176
stingseq,borzoi_prime,0.3829787234042553,0.13740458015267176
stingseq,borzoi_prime,0.3695652173913043,0.1297709923664122
stingseq,borzoi_prime,0.35555555555555557,0.12213740458015267
stingseq,borzoi_prime,0.36363636363636365,0.12213740458015267
stingseq,borzoi_prime,0.3488372093023256,0.11450381679389313
stingseq,borzoi_prime,0.35714285714285715,0.11450381679389313
stingseq,borzoi_prime,0.36585365853658536,0.11450381679389313
stingseq,borzoi_prime,0.375,0.11450381679389313
stingseq,borzoi_prime,0.38461538461538464,0.11450381679389313
stingseq,borzoi_prime,0.3684210526315789,0.10687022900763359
stingseq,borzoi_prime,0.3783783783783784,0.10687022900763359
stingseq,borzoi_prime,0.3611111111111111,0.09923664122137404
stingseq,borzoi_prime,0.37142857142857144,0.09923664122137404
stingseq,borzoi_prime,0.38235294117647056,0.09923664122137404
stingseq,borzoi_prime,0.3939393939393939,0.09923664122137404
stingseq,borzoi_prime,0.375,0.0916030534351145
stingseq,borzoi_prime,0.3548387096774194,0.08396946564885496
stingseq,borzoi_prime,0.36666666666666664,0.08396946564885496
stingseq,borzoi_prime,0.3793103448275862,0.08396946564885496
stingseq,borzoi_prime,0.39285714285714285,0.08396946564885496
stingseq,borzoi_prime,0.4074074074074074,0.08396946564885496
stingseq,borzoi_prime,0.4230769230769231,0.08396946564885496
stingseq,borzoi_prime,0.44,0.08396946564885496
stingseq,borzoi_prime,0.4166666666666667,0.07633587786259542
stingseq,borzoi_prime,0.43478260869565216,0.07633587786259542
stingseq,borzoi_prime,0.45454545454545453,0.07633587786259542
stingseq,borzoi_prime,0.42857142857142855,0.06870229007633588
stingseq,borzoi_prime,0.4,0.061068702290076333
stingseq,borzoi_prime,0.3684210526315789,0.05343511450381679
stingseq,borzoi_prime,0.3888888888888889,0.05343511450381679
stingseq,borzoi_prime,0.35294117647058826,0.04580152671755725
stingseq,borzoi_prime,0.3125,0.03816793893129771
stingseq,borzoi_prime,0.3333333333333333,0.03816793893129771
stingseq,borzoi_prime,0.35714285714285715,0.03816793893129771
stingseq,borzoi_prime,0.38461538461538464,0.03816793893129771
stingseq,borzoi_prime,0.3333333333333333,0.030534351145038167
stingseq,borzoi_prime,0.36363636363636365,0.030534351145038167
stingseq,borzoi_prime,0.3,0.022900763358778626
stingseq,borzoi_prime,0.3333333333333333,0.022900763358778626
stingseq,borzoi_prime,0.375,0.022900763358778626
stingseq,borzoi_prime,0.42857142857142855,0.022900763358778626
stingseq,borzoi_prime,0.5,0.022900763358778626
stingseq,borzoi_prime,0.6,0.022900763358778626
stingseq,borzoi_prime,0.75,0.022900763358778626
stingseq,borzoi_prime,0.6666666666666666,0.015267175572519083
stingseq,borzoi_prime,1.0,0.015267175572519083
stingseq,borzoi_prime,1.0,0.007633587786259542
stingseq,borzoi_prime,1.0,0.0
stingseq,enformer,0.2543689320388349,1.0
stingseq,enformer,0.2529182879377432,0.9923664122137404
stingseq,enformer,0.253411306042885,0.9923664122137404
stingseq,enformer,0.25390625,0.9923664122137404
stingseq,enformer,0.25440313111545987,0.9923664122137404
stingseq,enformer,0.2549019607843137,0.9923664122137404
stingseq,enformer,0.2554027504911591,0.9923664122137404
stingseq,enformer,0.2559055118110236,0.9923664122137404
stingseq,enformer,0.2564102564102564,0.9923664122137404
stingseq,enformer,0.25691699604743085,0.9923664122137404
stingseq,enformer,0.25544554455445545,0.9847328244274809
stingseq,enformer,0.25595238095238093,0.9847328244274809
stingseq,enformer,0.25646123260437376,0.9847328244274809
stingseq,enformer,0.2549800796812749,0.9770992366412213
stingseq,enformer,0.2554890219560878,0.9770992366412213
stingseq,enformer,0.256,0.9770992366412213
stingseq,enformer,0.2565130260521042,0.9770992366412213
stingseq,enformer,0.2570281124497992,0.9770992366412213
stingseq,enformer,0.2575452716297787,0.9770992366412213
stingseq,enformer,0.25806451612903225,0.9770992366412213
stingseq,enformer,0.2585858585858586,0.9770992366412213
stingseq,enformer,0.2591093117408907,0.9770992366412213
stingseq,enformer,0.25963488843813387,0.9770992366412213
stingseq,enformer,0.2601626016260163,0.9770992366412213
stingseq,enformer,0.25865580448065173,0.9694656488549618
stingseq,enformer,0.2571428571428571,0.9618320610687023
stingseq,enformer,0.25766871165644173,0.9618320610687023
stingseq,enformer,0.2581967213114754,0.9618320610687023
stingseq,enformer,0.2587268993839836,0.9618320610687023
stingseq,enformer,0.25925925925925924,0.9618320610687023
stingseq,enformer,0.2597938144329897,0.9618320610687023
stingseq,enformer,0.25826446280991733,0.9541984732824428
stingseq,enformer,0.2587991718426501,0.9541984732824428
stingseq,enformer,0.25933609958506226,0.9541984732824428
stingseq,enformer,0.2577962577962578,0.9465648854961832
stingseq,enformer,0.25833333333333336,0.9465648854961832
stingseq,enformer,0.2588726513569937,0.9465648854961832
stingseq,enformer,0.2594142259414226,0.9465648854961832
stingseq,enformer,0.259958071278826,0.9465648854961832
stingseq,enformer,0.2605042016806723,0.9465648854961832
stingseq,enformer,0.26105263157894737,0.9465648854961832
stingseq,enformer,0.25949367088607594,0.9389312977099237
stingseq,enformer,0.26004228329809725,0.9389312977099237
stingseq,enformer,0.2605932203389831,0.9389312977099237
stingseq,enformer,0.2611464968152866,0.9389312977099237
stingseq,enformer,0.25957446808510637,0.9312977099236641
stingseq,enformer,0.2601279317697228,0.9312977099236641
stingseq,enformer,0.2606837606837607,0.9312977099236641
stingseq,enformer,0.26124197002141325,0.9312977099236641
stingseq,enformer,0.26180257510729615,0.9312977099236641
stingseq,enformer,0.2623655913978495,0.9312977099236641
stingseq,enformer,0.2629310344827586,0.9312977099236641
stingseq,enformer,0.2634989200863931,0.9312977099236641
stingseq,enformer,0.26406926406926406,0.9312977099236641
stingseq,enformer,0.2646420824295011,0.9312977099236641
stingseq,enformer,0.26521739130434785,0.9312977099236641
stingseq,enformer,0.2657952069716776,0.9312977099236641
stingseq,enformer,0.26419213973799127,0.9236641221374046
stingseq,enformer,0.2647702407002188,0.9236641221374046
stingseq,enformer,0.26535087719298245,0.9236641221374046
stingseq,enformer,0.26373626373626374,0.916030534351145
stingseq,enformer,0.2643171806167401,0.916030534351145
stingseq,enformer,0.26490066225165565,0.916030534351145
stingseq,enformer,0.26327433628318586,0.9083969465648855
stingseq,enformer,0.2638580931263858,0.9083969465648855
stingseq,enformer,0.26222222222222225,0.9007633587786259
stingseq,enformer,0.26280623608017817,0.9007633587786259
stingseq,enformer,0.26339285714285715,0.9007633587786259
stingseq,enformer,0.2639821029082774,0.9007633587786259
stingseq,enformer,0.2645739910313901,0.9007633587786259
stingseq,enformer,0.2651685393258427,0.9007633587786259
stingseq,enformer,0.26576576576576577,0.9007633587786259
stingseq,enformer,0.26636568848758463,0.9007633587786259
stingseq,enformer,0.2669683257918552,0.9007633587786259
stingseq,enformer,0.2675736961451247,0.9007633587786259
stingseq,enformer,0.26590909090909093,0.8931297709923665
stingseq,enformer,0.2642369020501139,0.8854961832061069
stingseq,enformer,0.2648401826484018,0.8854961832061069
stingseq,enformer,0.2631578947368421,0.8778625954198473
stingseq,enformer,0.26376146788990823,0.8778625954198473
stingseq,enformer,0.26436781609195403,0.8778625954198473
stingseq,enformer,0.2626728110599078,0.8702290076335878
stingseq,enformer,0.2632794457274827,0.8702290076335878
stingseq,enformer,0.2638888888888889,0.8702290076335878
stingseq,enformer,0.26450116009280744,0.8702290076335878
stingseq,enformer,0.2651162790697674,0.8702290076335878
stingseq,enformer,0.26573426573426573,0.8702290076335878
stingseq,enformer,0.26635514018691586,0.8702290076335878
stingseq,enformer,0.26697892271662765,0.8702290076335878
stingseq,enformer,0.2676056338028169,0.8702290076335878
stingseq,enformer,0.26823529411764707,0.8702290076335878
stingseq,enformer,0.2688679245283019,0.8702290076335878
stingseq,enformer,0.2695035460992908,0.8702290076335878
stingseq,enformer,0.27014218009478674,0.8702290076335878
stingseq,enformer,0.27078384798099764,0.8702290076335878
stingseq,enformer,0.2714285714285714,0.8702290076335878
stingseq,enformer,0.2720763723150358,0.8702290076335878
stingseq,enformer,0.2727272727272727,0.8702290076335878
stingseq,enformer,0.2733812949640288,0.8702290076335878
stingseq,enformer,0.27403846153846156,0.8702290076335878
stingseq,enformer,0.27228915662650605,0.8625954198473282
stingseq,enformer,0.27053140096618356,0.8549618320610687
stingseq,enformer,0.2711864406779661,0.8549618320610687
stingseq,enformer,0.26941747572815533,0.8473282442748091
stingseq,enformer,0.27007299270072993,0.8473282442748091
stingseq,enformer,0.2707317073170732,0.8473282442748091
stingseq,enformer,0.2713936430317848,0.8473282442748091
stingseq,enformer,0.27205882352941174,0.8473282442748091
stingseq,enformer,0.2727272727272727,0.8473282442748091
stingseq,enformer,0.2733990147783251,0.8473282442748091
stingseq,enformer,0.2740740740740741,0.8473282442748091
stingseq,enformer,0.2747524752475248,0.8473282442748091
stingseq,enformer,0.2729528535980149,0.8396946564885496
stingseq,enformer,0.2736318407960199,0.8396946564885496
stingseq,enformer,0.2743142144638404,0.8396946564885496
stingseq,enformer,0.275,0.8396946564885496
stingseq,enformer,0.2756892230576441,0.8396946564885496
stingseq,enformer,0.27638190954773867,0.8396946564885496
stingseq,enformer,0.2770780856423174,0.8396946564885496
stingseq,enformer,0.2777777777777778,0.8396946564885496
stingseq,enformer,0.2759493670886076,0.8320610687022901
stingseq,enformer,0.27411167512690354,0.8244274809160306
stingseq,enformer,0.272264631043257,0.816793893129771
stingseq,enformer,0.27040816326530615,0.8091603053435115
stingseq,enformer,0.2710997442455243,0.8091603053435115
stingseq,enformer,0.2717948717948718,0.8091603053435115
stingseq,enformer,0.27249357326478146,0.8091603053435115
stingseq,enformer,0.27319587628865977,0.8091603053435115
stingseq,enformer,0.2739018087855297,0.8091603053435115
stingseq,enformer,0.27202072538860106,0.8015267175572519
stingseq,enformer,0.2727272727272727,0.8015267175572519
stingseq,enformer,0.2734375,0.8015267175572519
stingseq,enformer,0.2741514360313316,0.8015267175572519
stingseq,enformer,0.27486910994764396,0.8015267175572519
stingseq,enformer,0.27296587926509186,0.7938931297709924
stingseq,enformer,0.2736842105263158,0.7938931297709924
stingseq,enformer,0.2717678100263852,0.7862595419847328
stingseq,enformer,0.2724867724867725,0.7862595419847328
stingseq,enformer,0.27320954907161804,0.7862595419847328
stingseq,enformer,0.27393617021276595,0.7862595419847328
stingseq,enformer,0.27466666666666667,0.7862595419847328
stingseq,enformer,0.27540106951871657,0.7862595419847328
stingseq,enformer,0.2761394101876676,0.7862595419847328
stingseq,enformer,0.2768817204301075,0.7862595419847328
stingseq,enformer,0.2776280323450135,0.7862595419847328
stingseq,enformer,0.27837837837837837,0.7862595419847328
stingseq,enformer,0.2791327913279133,0.7862595419847328
stingseq,enformer,0.2798913043478261,0.7862595419847328
stingseq,enformer,0.2779291553133515,0.7786259541984732
stingseq,enformer,0.2786885245901639,0.7786259541984732
stingseq,enformer,0.27945205479452057,0.7786259541984732
stingseq,enformer,0.2802197802197802,0.7786259541984732
stingseq,enformer,0.2809917355371901,0.7786259541984732
stingseq,enformer,0.27900552486187846,0.7709923664122137
stingseq,enformer,0.27977839335180055,0.7709923664122137
stingseq,enformer,0.28055555555555556,0.7709923664122137
stingseq,enformer,0.28133704735376047,0.7709923664122137
stingseq,enformer,0.28212290502793297,0.7709923664122137
stingseq,enformer,0.28291316526610644,0.7709923664122137
stingseq,enformer,0.28370786516853935,0.7709923664122137
stingseq,enformer,0.28450704225352114,0.7709923664122137
stingseq,enformer,0.2853107344632768,0.7709923664122137
stingseq,enformer,0.28611898016997167,0.7709923664122137
stingseq,enformer,0.2869318181818182,0.7709923664122137
stingseq,enformer,0.2849002849002849,0.7633587786259542
stingseq,enformer,0.28285714285714286,0.7557251908396947
stingseq,enformer,0.2836676217765043,0.7557251908396947
stingseq,enformer,0.28448275862068967,0.7557251908396947
stingseq,enformer,0.28530259365994237,0.7557251908396947
stingseq,enformer,0.2861271676300578,0.7557251908396947
stingseq,enformer,0.28695652173913044,0.7557251908396947
stingseq,enformer,0.2877906976744186,0.7557251908396947
stingseq,enformer,0.2857142857142857,0.7480916030534351
stingseq,enformer,0.28362573099415206,0.7404580152671756
stingseq,enformer,0.2844574780058651,0.7404580152671756
stingseq,enformer,0.2852941176470588,0.7404580152671756
stingseq,enformer,0.2861356932153392,0.7404580152671756
stingseq,enformer,0.28402366863905326,0.732824427480916
stingseq,enformer,0.28486646884273,0.732824427480916
stingseq,enformer,0.2857142857142857,0.732824427480916
stingseq,enformer,0.2865671641791045,0.732824427480916
stingseq,enformer,0.2874251497005988,0.732824427480916
stingseq,enformer,0.2882882882882883,0.732824427480916
stingseq,enformer,0.2891566265060241,0.732824427480916
stingseq,enformer,0.29003021148036257,0.732824427480916
stingseq,enformer,0.2909090909090909,0.732824427480916
stingseq,enformer,0.2887537993920973,0.7251908396946565
stingseq,enformer,0.2896341463414634,0.7251908396946565
stingseq,enformer,0.290519877675841,0.7251908396946565
stingseq,enformer,0.29141104294478526,0.7251908396946565
stingseq,enformer,0.2923076923076923,0.7251908396946565
stingseq,enformer,0.29012345679012347,0.7175572519083969
stingseq,enformer,0.28792569659442724,0.7099236641221374
stingseq,enformer,0.2888198757763975,0.7099236641221374
stingseq,enformer,0.2897196261682243,0.7099236641221374
stingseq,enformer,0.290625,0.7099236641221374
stingseq,enformer,0.29153605015673983,0.7099236641221374
stingseq,enformer,0.29245283018867924,0.7099236641221374
stingseq,enformer,0.29337539432176657,0.7099236641221374
stingseq,enformer,0.29430379746835444,0.7099236641221374
stingseq,enformer,0.29523809523809524,0.7099236641221374
stingseq,enformer,0.2929936305732484,0.7022900763358778
stingseq,enformer,0.2939297124600639,0.7022900763358778
stingseq,enformer,0.2948717948717949,0.7022900763358778
stingseq,enformer,0.29260450160771706,0.6946564885496184
stingseq,enformer,0.29354838709677417,0.6946564885496184
stingseq,enformer,0.2912621359223301,0.6870229007633588
stingseq,enformer,0.2922077922077922,0.6870229007633588
stingseq,enformer,0.2931596091205212,0.6870229007633588
stingseq,enformer,0.2908496732026144,0.6793893129770993
stingseq,enformer,0.28852459016393445,0.6717557251908397
stingseq,enformer,0.2894736842105263,0.6717557251908397
stingseq,enformer,0.29042904290429045,0.6717557251908397
stingseq,enformer,0.2913907284768212,0.6717557251908397
stingseq,enformer,0.292358803986711,0.6717557251908397
stingseq,enformer,0.29333333333333333,0.6717557251908397
stingseq,enformer,0.29431438127090304,0.6717557251908397
stingseq,enformer,0.2953020134228188,0.6717557251908397
stingseq,enformer,0.2962962962962963,0.6717557251908397
stingseq,enformer,0.2972972972972973,0.6717557251908397
stingseq,enformer,0.2983050847457627,0.6717557251908397
stingseq,enformer,0.29931972789115646,0.6717557251908397
stingseq,enformer,0.3003412969283277,0.6717557251908397
stingseq,enformer,0.3013698630136986,0.6717557251908397
stingseq,enformer,0.3024054982817869,0.6717557251908397
stingseq,enformer,0.3,0.6641221374045801
stingseq,enformer,0.30103806228373703,0.6641221374045801
stingseq,enformer,0.3020833333333333,0.6641221374045801
stingseq,enformer,0.30313588850174217,0.6641221374045801
stingseq,enformer,0.3041958041958042,0.6641221374045801
stingseq,enformer,0.30526315789473685,0.6641221374045801
stingseq,enformer,0.3028169014084507,0.6564885496183206
stingseq,enformer,0.303886925795053,0.6564885496183206
stingseq,enformer,0.3049645390070922,0.6564885496183206
stingseq,enformer,0.30604982206405695,0.6564885496183206
stingseq,enformer,0.30714285714285716,0.6564885496183206
stingseq,enformer,0.30824372759856633,0.6564885496183206
stingseq,enformer,0.30935251798561153,0.6564885496183206
stingseq,enformer,0.3104693140794224,0.6564885496183206
stingseq,enformer,0.3079710144927536,0.648854961832061
stingseq,enformer,0.3054545454545455,0.6412213740458015
stingseq,enformer,0.30656934306569344,0.6412213740458015
stingseq,enformer,0.304029304029304,0.6335877862595419
stingseq,enformer,0.3014705882352941,0.6259541984732825
stingseq,enformer,0.3025830258302583,0.6259541984732825
stingseq,enformer,0.3037037037037037,0.6259541984732825
stingseq,enformer,0.3048327137546468,0.6259541984732825
stingseq,enformer,0.30597014925373134,0.6259541984732825
stingseq,enformer,0.30711610486891383,0.6259541984732825
stingseq,enformer,0.30451127819548873,0.6183206106870229
stingseq,enformer,0.30566037735849055,0.6183206106870229
stingseq,enformer,0.30303030303030304,0.6106870229007634
stingseq,enformer,0.3041825095057034,0.6106870229007634
stingseq,enformer,0.3053435114503817,0.6106870229007634
stingseq,enformer,0.3065134099616858,0.6106870229007634
stingseq,enformer,0.3038461538461538,0.6030534351145038
stingseq,enformer,0.305019305019305,0.6030534351145038
stingseq,enformer,0.3023255813953488,0.5954198473282443
stingseq,enformer,0.29961089494163423,0.5877862595419847
stingseq,enformer,0.30078125,0.5877862595419847
stingseq,enformer,0.30196078431372547,0.5877862595419847
stingseq,enformer,0.3031496062992126,0.5877862595419847
stingseq,enformer,0.30434782608695654,0.5877862595419847
stingseq,enformer,0.30158730158730157,0.5801526717557252
stingseq,enformer,0.30278884462151395,0.5801526717557252
stingseq,enformer,0.304,0.5801526717557252
stingseq,enformer,0.30522088353413657,0.5801526717557252
stingseq,enformer,0.3024193548387097,0.5725190839694656
stingseq,enformer,0.29959514170040485,0.5648854961832062
stingseq,enformer,0.3008130081300813,0.5648854961832062
stingseq,enformer,0.3020408163265306,0.5648854961832062
stingseq,enformer,0.30327868852459017,0.5648854961832062
stingseq,enformer,0.3045267489711934,0.5648854961832062
stingseq,enformer,0.30578512396694213,0.5648854961832062
stingseq,enformer,0.3070539419087137,0.5648854961832062
stingseq,enformer,0.30416666666666664,0.5572519083969466
stingseq,enformer,0.3054393305439331,0.5572519083969466
stingseq,enformer,0.3067226890756303,0.5572519083969466
stingseq,enformer,0.3080168776371308,0.5572519083969466
stingseq,enformer,0.3093220338983051,0.5572519083969466
stingseq,enformer,0.31063829787234043,0.5572519083969466
stingseq,enformer,0.31196581196581197,0.5572519083969466
stingseq,enformer,0.3133047210300429,0.5572519083969466
stingseq,enformer,0.3146551724137931,0.5572519083969466
stingseq,enformer,0.3116883116883117,0.549618320610687
stingseq,enformer,0.3130434782608696,0.549618320610687
stingseq,enformer,0.314410480349345,0.549618320610687
stingseq,enformer,0.3157894736842105,0.549618320610687
stingseq,enformer,0.31718061674008813,0.549618320610687
stingseq,enformer,0.3185840707964602,0.549618320610687
stingseq,enformer,0.31555555555555553,0.5419847328244275
stingseq,enformer,0.3169642857142857,0.5419847328244275
stingseq,enformer,0.3183856502242152,0.5419847328244275
stingseq,enformer,0.31981981981981983,0.5419847328244275
stingseq,enformer,0.3212669683257919,0.5419847328244275
stingseq,enformer,0.32272727272727275,0.5419847328244275
stingseq,enformer,0.3242009132420091,0.5419847328244275
stingseq,enformer,0.3256880733944954,0.5419847328244275
stingseq,enformer,0.3271889400921659,0.5419847328244275
stingseq,enformer,0.3287037037037037,0.5419847328244275
stingseq,enformer,0.3302325581395349,0.5419847328244275
stingseq,enformer,0.32710280373831774,0.5343511450381679
stingseq,enformer,0.323943661971831,0.5267175572519084
stingseq,enformer,0.32075471698113206,0.5190839694656488
stingseq,enformer,0.3175355450236967,0.5114503816793893
stingseq,enformer,0.319047619047619,0.5114503816793893
stingseq,enformer,0.32057416267942584,0.5114503816793893
stingseq,enformer,0.32211538461538464,0.5114503816793893
stingseq,enformer,0.32367149758454106,0.5114503816793893
stingseq,enformer,0.32038834951456313,0.5038167938931297
stingseq,enformer,0.32195121951219513,0.5038167938931297
stingseq,enformer,0.3235294117647059,0.5038167938931297
stingseq,enformer,0.3251231527093596,0.5038167938931297
stingseq,enformer,0.3217821782178218,0.4961832061068702
stingseq,enformer,0.32338308457711445,0.4961832061068702
stingseq,enformer,0.325,0.4961832061068702
stingseq,enformer,0.32663316582914576,0.4961832061068702
stingseq,enformer,0.3282828282828283,0.4961832061068702
stingseq,enformer,0.3299492385786802,0.4961832061068702
stingseq,enformer,0.33163265306122447,0.4961832061068702
stingseq,enformer,0.3333333333333333,0.4961832061068702
stingseq,enformer,0.33505154639175255,0.4961832061068702
stingseq,enformer,0.33678756476683935,0.4961832061068702
stingseq,enformer,0.3385416666666667,0.4961832061068702
stingseq,enformer,0.3403141361256545,0.4961832061068702
stingseq,enformer,0.34210526315789475,0.4961832061068702
stingseq,enformer,0.3439153439153439,0.4961832061068702
stingseq,enformer,0.3404255319148936,0.48854961832061067
stingseq,enformer,0.3422459893048128,0.48854961832061067
stingseq,enformer,0.3387096774193548,0.48091603053435117
stingseq,enformer,0.33513513513513515,0.4732824427480916
stingseq,enformer,0.33695652173913043,0.4732824427480916
stingseq,enformer,0.33879781420765026,0.4732824427480916
stingseq,enformer,0.34065934065934067,0.4732824427480916
stingseq,enformer,0.3425414364640884,0.4732824427480916
stingseq,enformer,0.3388888888888889,0.46564885496183206
stingseq,enformer,0.3407821229050279,0.46564885496183206
stingseq,enformer,0.34269662921348315,0.46564885496183206
stingseq,enformer,0.3446327683615819,0.46564885496183206
stingseq,enformer,0.3465909090909091,0.46564885496183206
stingseq,enformer,0.3485714285714286,0.46564885496183206
stingseq,enformer,0.3505747126436782,0.46564885496183206
stingseq,enformer,0.35260115606936415,0.46564885496183206
stingseq,enformer,0.3546511627906977,0.46564885496183206
stingseq,enformer,0.3567251461988304,0.46564885496183206
stingseq,enformer,0.35294117647058826,0.4580152671755725
stingseq,enformer,0.34911242603550297,0.45038167938931295
stingseq,enformer,0.35119047619047616,0.45038167938931295
stingseq,enformer,0.3473053892215569,0.44274809160305345
stingseq,enformer,0.3493975903614458,0.44274809160305345
stingseq,enformer,0.34545454545454546,0.4351145038167939
stingseq,enformer,0.3475609756097561,0.4351145038167939
stingseq,enformer,0.3496932515337423,0.4351145038167939
stingseq,enformer,0.345679012345679,0.42748091603053434
stingseq,enformer,0.3416149068322981,0.4198473282442748
stingseq,enformer,0.34375,0.4198473282442748
stingseq,enformer,0.34591194968553457,0.4198473282442748
stingseq,enformer,0.34177215189873417,0.4122137404580153
stingseq,enformer,0.34394904458598724,0.4122137404580153
stingseq,enformer,0.34615384615384615,0.4122137404580153
stingseq,enformer,0.34838709677419355,0.4122137404580153
stingseq,enformer,0.35064935064935066,0.4122137404580153
stingseq,enformer,0.35294117647058826,0.4122137404580153
stingseq,enformer,0.34868421052631576,0.40458015267175573
stingseq,enformer,0.3509933774834437,0.40458015267175573
stingseq,enformer,0.35333333333333333,0.40458015267175573
stingseq,enformer,0.35570469798657717,0.40458015267175573
stingseq,enformer,0.3581081081081081,0.40458015267175573
stingseq,enformer,0.35374149659863946,0.3969465648854962
stingseq,enformer,0.3493150684931507,0.3893129770992366
stingseq,enformer,0.3448275862068966,0.3816793893129771
stingseq,enformer,0.3472222222222222,0.3816793893129771
stingseq,enformer,0.34265734265734266,0.37404580152671757
stingseq,enformer,0.34507042253521125,0.37404580152671757
stingseq,enformer,0.3475177304964539,0.37404580152671757
stingseq,enformer,0.35,0.37404580152671757
stingseq,enformer,0.35251798561151076,0.37404580152671757
stingseq,enformer,0.35507246376811596,0.37404580152671757
stingseq,enformer,0.35036496350364965,0.366412213740458
stingseq,enformer,0.35294117647058826,0.366412213740458
stingseq,enformer,0.35555555555555557,0.366412213740458
stingseq,enformer,0.3582089552238806,0.366412213740458
stingseq,enformer,0.3533834586466165,0.35877862595419846
stingseq,enformer,0.3560606060606061,0.35877862595419846
stingseq,enformer,0.35877862595419846,0.35877862595419846
stingseq,enformer,0.36153846153846153,0.35877862595419846
stingseq,enformer,0.3643410852713178,0.35877862595419846
stingseq,enformer,0.3671875,0.35877862595419846
stingseq,enformer,0.36220472440944884,0.3511450381679389
stingseq,enformer,0.36507936507936506,0.3511450381679389
stingseq,enformer,0.368,0.3511450381679389
stingseq,enformer,0.3709677419354839,0.3511450381679389
stingseq,enformer,0.37398373983739835,0.3511450381679389
stingseq,enformer,0.3770491803278688,0.3511450381679389
stingseq,enformer,0.38016528925619836,0.3511450381679389
stingseq,enformer,0.375,0.3435114503816794
stingseq,enformer,0.37815126050420167,0.3435114503816794
stingseq,enformer,0.3813559322033898,0.3435114503816794
stingseq,enformer,0.37606837606837606,0.33587786259541985
stingseq,enformer,0.3706896551724138,0.3282442748091603
stingseq,enformer,0.3739130434782609,0.3282442748091603
stingseq,enformer,0.37719298245614036,0.3282442748091603
stingseq,enformer,0.3805309734513274,0.3282442748091603
stingseq,enformer,0.38392857142857145,0.3282442748091603
stingseq,enformer,0.3783783783783784,0.32061068702290074
stingseq,enformer,0.38181818181818183,0.32061068702290074
stingseq,enformer,0.3853211009174312,0.32061068702290074
stingseq,enformer,0.37962962962962965,0.31297709923664124
stingseq,enformer,0.37383177570093457,0.3053435114503817
stingseq,enformer,0.37735849056603776,0.3053435114503817
stingseq,enformer,0.37142857142857144,0.29770992366412213
stingseq,enformer,0.375,0.29770992366412213
stingseq,enformer,0.3786407766990291,0.29770992366412213
stingseq,enformer,0.37254901960784315,0.2900763358778626
stingseq,enformer,0.37623762376237624,0.2900763358778626
stingseq,enformer,0.38,0.2900763358778626
stingseq,enformer,0.37373737373737376,0.2824427480916031
stingseq,enformer,0.37755102040816324,0.2824427480916031
stingseq,enformer,0.3711340206185567,0.2748091603053435
stingseq,enformer,0.3645833333333333,0.26717557251908397
stingseq,enformer,0.3684210526315789,0.26717557251908397
stingseq,enformer,0.3617021276595745,0.2595419847328244
stingseq,enformer,0.3655913978494624,0.2595419847328244
stingseq,enformer,0.3695652173913043,0.2595419847328244
stingseq,enformer,0.37362637362637363,0.2595419847328244
stingseq,enformer,0.37777777777777777,0.2595419847328244
stingseq,enformer,0.3707865168539326,0.25190839694656486
stingseq,enformer,0.375,0.25190839694656486
stingseq,enformer,0.3793103448275862,0.25190839694656486
stingseq,enformer,0.38372093023255816,0.25190839694656486
stingseq,enformer,0.3764705882352941,0.24427480916030533
stingseq,enformer,0.38095238095238093,0.24427480916030533
stingseq,enformer,0.37349397590361444,0.2366412213740458
stingseq,enformer,0.3780487804878049,0.2366412213740458
stingseq,enformer,0.38271604938271603,0.2366412213740458
stingseq,enformer,0.3875,0.2366412213740458
stingseq,enformer,0.3924050632911392,0.2366412213740458
stingseq,enformer,0.3974358974358974,0.2366412213740458
stingseq,enformer,0.4025974025974026,0.2366412213740458
stingseq,enformer,0.39473684210526316,0.22900763358778625
stingseq,enformer,0.38666666666666666,0.22137404580152673
stingseq,enformer,0.3783783783783784,0.21374045801526717
stingseq,enformer,0.3835616438356164,0.21374045801526717
stingseq,enformer,0.375,0.20610687022900764
stingseq,enformer,0.38028169014084506,0.20610687022900764
stingseq,enformer,0.38571428571428573,0.20610687022900764
stingseq,enformer,0.37681159420289856,0.1984732824427481
stingseq,enformer,0.38235294117647056,0.1984732824427481
stingseq,enformer,0.3880597014925373,0.1984732824427481
stingseq,enformer,0.3787878787878788,0.19083969465648856
stingseq,enformer,0.38461538461538464,0.19083969465648856
stingseq,enformer,0.390625,0.19083969465648856
stingseq,enformer,0.3968253968253968,0.19083969465648856
stingseq,enformer,0.4032258064516129,0.19083969465648856
stingseq,enformer,0.4098360655737705,0.19083969465648856
stingseq,enformer,0.4,0.183206106870229
stingseq,enformer,0.4067796610169492,0.183206106870229
stingseq,enformer,0.39655172413793105,0.17557251908396945
stingseq,enformer,0.40350877192982454,0.17557251908396945
stingseq,enformer,0.39285714285714285,0.16793893129770993
stingseq,enformer,0.38181818181818183,0.16030534351145037
stingseq,enformer,0.3888888888888889,0.16030534351145037
stingseq,enformer,0.39622641509433965,0.16030534351145037
stingseq,enformer,0.40384615384615385,0.16030534351145037
stingseq,enformer,0.39215686274509803,0.15267175572519084
stingseq,enformer,0.4,0.15267175572519084
stingseq,enformer,0.3877551020408163,0.1450381679389313
stingseq,enformer,0.375,0.13740458015267176
stingseq,enformer,0.3829787234042553,0.13740458015267176
stingseq,enformer,0.391304347826087,0.13740458015267176
stingseq,enformer,0.4,0.13740458015267176
stingseq,enformer,0.4090909090909091,0.13740458015267176
stingseq,enformer,0.3953488372093023,0.1297709923664122
stingseq,enformer,0.38095238095238093,0.12213740458015267
stingseq,enformer,0.3902439024390244,0.12213740458015267
stingseq,enformer,0.375,0.11450381679389313
stingseq,enformer,0.358974358974359,0.10687022900763359
stingseq,enformer,0.3684210526315789,0.10687022900763359
stingseq,enformer,0.35135135135135137,0.09923664122137404
stingseq,enformer,0.3611111111111111,0.09923664122137404
stingseq,enformer,0.34285714285714286,0.0916030534351145
stingseq,enformer,0.35294117647058826,0.0916030534351145
stingseq,enformer,0.36363636363636365,0.0916030534351145
stingseq,enformer,0.375,0.0916030534351145
stingseq,enformer,0.3548387096774194,0.08396946564885496
stingseq,enformer,0.36666666666666664,0.08396946564885496
stingseq,enformer,0.3793103448275862,0.08396946564885496
stingseq,enformer,0.39285714285714285,0.08396946564885496
stingseq,enformer,0.4074074074074074,0.08396946564885496
stingseq,enformer,0.38461538461538464,0.07633587786259542
stingseq,enformer,0.36,0.06870229007633588
stingseq,enformer,0.375,0.06870229007633588
stingseq,enformer,0.391304347826087,0.06870229007633588
stingseq,enformer,0.4090909090909091,0.06870229007633588
stingseq,enformer,0.42857142857142855,0.06870229007633588
stingseq,enformer,0.45,0.06870229007633588
stingseq,enformer,0.42105263157894735,0.061068702290076333
stingseq,enformer,0.3888888888888889,0.05343511450381679
stingseq,enformer,0.35294117647058826,0.04580152671755725
stingseq,enformer,0.375,0.04580152671755725
stingseq,enformer,0.3333333333333333,0.03816793893129771
stingseq,enformer,0.2857142857142857,0.030534351145038167
stingseq,enformer,0.23076923076923078,0.022900763358778626
stingseq,enformer,0.16666666666666666,0.015267175572519083
stingseq,enformer,0.18181818181818182,0.015267175572519083
stingseq,enformer,0.1,0.007633587786259542
stingseq,enformer,0.1111111111111111,0.007633587786259542
stingseq,enformer,0.125,0.007633587786259542
stingseq,enformer,0.14285714285714285,0.007633587786259542
stingseq,enformer,0.0,0.0
stingseq,enformer,0.0,0.0
stingseq,enformer,0.0,0.0
stingseq,enformer,0.0,0.0
stingseq,enformer,0.0,0.0
stingseq,enformer,0.0,0.0
stingseq,enformer,1.0,0.0
stingseq,chrombpnet,0.2519230769230769,1.0
stingseq,chrombpnet,0.2504816955684008,0.9923664122137404
stingseq,chrombpnet,0.25096525096525096,0.9923664122137404
stingseq,chrombpnet,0.2514506769825919,0.9923664122137404
stingseq,chrombpnet,0.25193798449612403,0.9923664122137404
stingseq,chrombpnet,0.2524271844660194,0.9923664122137404
stingseq,chrombpnet,0.2529182879377432,0.9923664122137404
stingseq,chrombpnet,0.253411306042885,0.9923664122137404
stingseq,chrombpnet,0.25390625,0.9923664122137404
stingseq,chrombpnet,0.25440313111545987,0.9923664122137404
stingseq,chrombpnet,0.2549019607843137,0.9923664122137404
stingseq,chrombpnet,0.2554027504911591,0.9923664122137404
stingseq,chrombpnet,0.2559055118110236,0.9923664122137404
stingseq,chrombpnet,0.2564102564102564,0.9923664122137404
stingseq,chrombpnet,0.25691699604743085,0.9923664122137404
stingseq,chrombpnet,0.25742574257425743,0.9923664122137404
stingseq,chrombpnet,0.25793650793650796,0.9923664122137404
stingseq,chrombpnet,0.2584493041749503,0.9923664122137404
stingseq,chrombpnet,0.2589641434262948,0.9923664122137404
stingseq,chrombpnet,0.25748502994011974,0.9847328244274809
stingseq,chrombpnet,0.258,0.9847328244274809
stingseq,chrombpnet,0.25851703406813625,0.9847328244274809
stingseq,chrombpnet,0.2570281124497992,0.9770992366412213
stingseq,chrombpnet,0.2575452716297787,0.9770992366412213
stingseq,chrombpnet,0.2560483870967742,0.9694656488549618
stingseq,chrombpnet,0.25656565656565655,0.9694656488549618
stingseq,chrombpnet,0.2550607287449393,0.9618320610687023
stingseq,chrombpnet,0.2535496957403651,0.9541984732824428
stingseq,chrombpnet,0.2540650406504065,0.9541984732824428
stingseq,chrombpnet,0.2545824847250509,0.9541984732824428
stingseq,chrombpnet,0.25510204081632654,0.9541984732824428
stingseq,chrombpnet,0.2556237218813906,0.9541984732824428
stingseq,chrombpnet,0.2540983606557377,0.9465648854961832
stingseq,chrombpnet,0.2546201232032854,0.9465648854961832
stingseq,chrombpnet,0.2551440329218107,0.9465648854961832
stingseq,chrombpnet,0.2556701030927835,0.9465648854961832
stingseq,chrombpnet,0.256198347107438,0.9465648854961832
stingseq,chrombpnet,0.2567287784679089,0.9465648854961832
stingseq,chrombpnet,0.2551867219917012,0.9389312977099237
stingseq,chrombpnet,0.25363825363825365,0.9312977099236641
stingseq,chrombpnet,0.25416666666666665,0.9312977099236641
stingseq,chrombpnet,0.2546972860125261,0.9312977099236641
stingseq,chrombpnet,0.25523012552301255,0.9312977099236641
stingseq,chrombpnet,0.2557651991614256,0.9312977099236641
stingseq,chrombpnet,0.2542016806722689,0.9236641221374046
stingseq,chrombpnet,0.25473684210526315,0.9236641221374046
stingseq,chrombpnet,0.2552742616033755,0.9236641221374046
stingseq,chrombpnet,0.2536997885835095,0.916030534351145
stingseq,chrombpnet,0.2521186440677966,0.9083969465648855
stingseq,chrombpnet,0.2526539278131635,0.9083969465648855
stingseq,chrombpnet,0.251063829787234,0.9007633587786259
stingseq,chrombpnet,0.2515991471215352,0.9007633587786259
stingseq,chrombpnet,0.25213675213675213,0.9007633587786259
stingseq,chrombpnet,0.25267665952890794,0.9007633587786259
stingseq,chrombpnet,0.2532188841201717,0.9007633587786259
stingseq,chrombpnet,0.25161290322580643,0.8931297709923665
stingseq,chrombpnet,0.2521551724137931,0.8931297709923665
stingseq,chrombpnet,0.2526997840172786,0.8931297709923665
stingseq,chrombpnet,0.2532467532467532,0.8931297709923665
stingseq,chrombpnet,0.25162689804772237,0.8854961832061069
stingseq,chrombpnet,0.25,0.8778625954198473
stingseq,chrombpnet,0.25054466230936817,0.8778625954198473
stingseq,chrombpnet,0.25109170305676853,0.8778625954198473
stingseq,chrombpnet,0.25164113785557984,0.8778625954198473
stingseq,chrombpnet,0.25219298245614036,0.8778625954198473
stingseq,chrombpnet,0.25274725274725274,0.8778625954198473
stingseq,chrombpnet,0.2533039647577093,0.8778625954198473
stingseq,chrombpnet,0.25386313465783666,0.8778625954198473
stingseq,chrombpnet,0.252212389380531,0.8702290076335878
stingseq,chrombpnet,0.25055432372505543,0.8625954198473282
stingseq,chrombpnet,0.2511111111111111,0.8625954198473282
stingseq,chrombpnet,0.2516703786191537,0.8625954198473282
stingseq,chrombpnet,0.25223214285714285,0.8625954198473282
stingseq,chrombpnet,0.25279642058165547,0.8625954198473282
stingseq,chrombpnet,0.2533632286995516,0.8625954198473282
stingseq,chrombpnet,0.2539325842696629,0.8625954198473282
stingseq,chrombpnet,0.2545045045045045,0.8625954198473282
stingseq,chrombpnet,0.255079006772009,0.8625954198473282
stingseq,chrombpnet,0.25339366515837103,0.8549618320610687
stingseq,chrombpnet,0.25396825396825395,0.8549618320610687
stingseq,chrombpnet,0.25227272727272726,0.8473282442748091
stingseq,chrombpnet,0.2528473804100228,0.8473282442748091
stingseq,chrombpnet,0.2534246575342466,0.8473282442748091
stingseq,chrombpnet,0.2540045766590389,0.8473282442748091
stingseq,chrombpnet,0.2545871559633027,0.8473282442748091
stingseq,chrombpnet,0.25287356321839083,0.8396946564885496
stingseq,chrombpnet,0.2534562211981567,0.8396946564885496
stingseq,chrombpnet,0.2540415704387991,0.8396946564885496
stingseq,chrombpnet,0.25462962962962965,0.8396946564885496
stingseq,chrombpnet,0.2552204176334107,0.8396946564885496
stingseq,chrombpnet,0.2534883720930233,0.8320610687022901
stingseq,chrombpnet,0.2540792540792541,0.8320610687022901
stingseq,chrombpnet,0.2546728971962617,0.8320610687022901
stingseq,chrombpnet,0.25526932084309134,0.8320610687022901
stingseq,chrombpnet,0.25586854460093894,0.8320610687022901
stingseq,chrombpnet,0.2564705882352941,0.8320610687022901
stingseq,chrombpnet,0.25707547169811323,0.8320610687022901
stingseq,chrombpnet,0.2576832151300236,0.8320610687022901
stingseq,chrombpnet,0.25829383886255924,0.8320610687022901
stingseq,chrombpnet,0.2589073634204275,0.8320610687022901
stingseq,chrombpnet,0.25952380952380955,0.8320610687022901
stingseq,chrombpnet,0.26014319809069214,0.8320610687022901
stingseq,chrombpnet,0.2607655502392344,0.8320610687022901
stingseq,chrombpnet,0.2589928057553957,0.8244274809160306
stingseq,chrombpnet,0.25961538461538464,0.8244274809160306
stingseq,chrombpnet,0.26024096385542167,0.8244274809160306
stingseq,chrombpnet,0.2608695652173913,0.8244274809160306
stingseq,chrombpnet,0.26150121065375304,0.8244274809160306
stingseq,chrombpnet,0.25970873786407767,0.816793893129771
stingseq,chrombpnet,0.26034063260340634,0.816793893129771
stingseq,chrombpnet,0.26097560975609757,0.816793893129771
stingseq,chrombpnet,0.2616136919315403,0.816793893129771
stingseq,chrombpnet,0.2622549019607843,0.816793893129771
stingseq,chrombpnet,0.26044226044226043,0.8091603053435115
stingseq,chrombpnet,0.26108374384236455,0.8091603053435115
stingseq,chrombpnet,0.2617283950617284,0.8091603053435115
stingseq,chrombpnet,0.2623762376237624,0.8091603053435115
stingseq,chrombpnet,0.2630272952853598,0.8091603053435115
stingseq,chrombpnet,0.263681592039801,0.8091603053435115
stingseq,chrombpnet,0.26433915211970077,0.8091603053435115
stingseq,chrombpnet,0.265,0.8091603053435115
stingseq,chrombpnet,0.2631578947368421,0.8015267175572519
stingseq,chrombpnet,0.2638190954773869,0.8015267175572519
stingseq,chrombpnet,0.26448362720403024,0.8015267175572519
stingseq,chrombpnet,0.26515151515151514,0.8015267175572519
stingseq,chrombpnet,0.26582278481012656,0.8015267175572519
stingseq,chrombpnet,0.26649746192893403,0.8015267175572519
stingseq,chrombpnet,0.26717557251908397,0.8015267175572519
stingseq,chrombpnet,0.26785714285714285,0.8015267175572519
stingseq,chrombpnet,0.26854219948849106,0.8015267175572519
stingseq,chrombpnet,0.2692307692307692,0.8015267175572519
stingseq,chrombpnet,0.2699228791773779,0.8015267175572519
stingseq,chrombpnet,0.26804123711340205,0.7938931297709924
stingseq,chrombpnet,0.2661498708010336,0.7862595419847328
stingseq,chrombpnet,0.266839378238342,0.7862595419847328
stingseq,chrombpnet,0.2675324675324675,0.7862595419847328
stingseq,chrombpnet,0.265625,0.7786259541984732
stingseq,chrombpnet,0.26370757180156656,0.7709923664122137
stingseq,chrombpnet,0.2643979057591623,0.7709923664122137
stingseq,chrombpnet,0.26246719160104987,0.7633587786259542
stingseq,chrombpnet,0.26052631578947366,0.7557251908396947
stingseq,chrombpnet,0.2612137203166227,0.7557251908396947
stingseq,chrombpnet,0.2619047619047619,0.7557251908396947
stingseq,chrombpnet,0.2625994694960212,0.7557251908396947
stingseq,chrombpnet,0.2632978723404255,0.7557251908396947
stingseq,chrombpnet,0.264,0.7557251908396947
stingseq,chrombpnet,0.2647058823529412,0.7557251908396947
stingseq,chrombpnet,0.26541554959785524,0.7557251908396947
stingseq,chrombpnet,0.2661290322580645,0.7557251908396947
stingseq,chrombpnet,0.2668463611859838,0.7557251908396947
stingseq,chrombpnet,0.26756756756756755,0.7557251908396947
stingseq,chrombpnet,0.2682926829268293,0.7557251908396947
stingseq,chrombpnet,0.266304347826087,0.7480916030534351
stingseq,chrombpnet,0.26430517711171664,0.7404580152671756
stingseq,chrombpnet,0.2650273224043716,0.7404580152671756
stingseq,chrombpnet,0.26575342465753427,0.7404580152671756
stingseq,chrombpnet,0.2664835164835165,0.7404580152671756
stingseq,chrombpnet,0.26721763085399447,0.7404580152671756
stingseq,chrombpnet,0.26795580110497236,0.7404580152671756
stingseq,chrombpnet,0.26869806094182824,0.7404580152671756
stingseq,chrombpnet,0.26944444444444443,0.7404580152671756
stingseq,chrombpnet,0.27019498607242337,0.7404580152671756
stingseq,chrombpnet,0.2709497206703911,0.7404580152671756
stingseq,chrombpnet,0.27170868347338933,0.7404580152671756
stingseq,chrombpnet,0.27247191011235955,0.7404580152671756
stingseq,chrombpnet,0.27323943661971833,0.7404580152671756
stingseq,chrombpnet,0.2740112994350282,0.7404580152671756
stingseq,chrombpnet,0.2747875354107649,0.7404580152671756
stingseq,chrombpnet,0.2755681818181818,0.7404580152671756
stingseq,chrombpnet,0.27635327635327633,0.7404580152671756
stingseq,chrombpnet,0.2742857142857143,0.732824427480916
stingseq,chrombpnet,0.27507163323782235,0.732824427480916
stingseq,chrombpnet,0.27298850574712646,0.7251908396946565
stingseq,chrombpnet,0.2737752161383285,0.7251908396946565
stingseq,chrombpnet,0.2745664739884393,0.7251908396946565
stingseq,chrombpnet,0.2753623188405797,0.7251908396946565
stingseq,chrombpnet,0.27325581395348836,0.7175572519083969
stingseq,chrombpnet,0.27405247813411077,0.7175572519083969
stingseq,chrombpnet,0.27485380116959063,0.7175572519083969
stingseq,chrombpnet,0.2756598240469208,0.7175572519083969
stingseq,chrombpnet,0.27647058823529413,0.7175572519083969
stingseq,chrombpnet,0.27728613569321536,0.7175572519083969
stingseq,chrombpnet,0.2781065088757396,0.7175572519083969
stingseq,chrombpnet,0.27596439169139464,0.7099236641221374
stingseq,chrombpnet,0.2767857142857143,0.7099236641221374
stingseq,chrombpnet,0.27761194029850744,0.7099236641221374
stingseq,chrombpnet,0.27844311377245506,0.7099236641221374
stingseq,chrombpnet,0.27927927927927926,0.7099236641221374
stingseq,chrombpnet,0.27710843373493976,0.7022900763358778
stingseq,chrombpnet,0.27794561933534745,0.7022900763358778
stingseq,chrombpnet,0.27575757575757576,0.6946564885496184
stingseq,chrombpnet,0.2765957446808511,0.6946564885496184
stingseq,chrombpnet,0.2774390243902439,0.6946564885496184
stingseq,chrombpnet,0.2782874617737003,0.6946564885496184
stingseq,chrombpnet,0.2791411042944785,0.6946564885496184
stingseq,chrombpnet,0.28,0.6946564885496184
stingseq,chrombpnet,0.2808641975308642,0.6946564885496184
stingseq,chrombpnet,0.28173374613003094,0.6946564885496184
stingseq,chrombpnet,0.2826086956521739,0.6946564885496184
stingseq,chrombpnet,0.2834890965732087,0.6946564885496184
stingseq,chrombpnet,0.284375,0.6946564885496184
stingseq,chrombpnet,0.2852664576802508,0.6946564885496184
stingseq,chrombpnet,0.2830188679245283,0.6870229007633588
stingseq,chrombpnet,0.28391167192429023,0.6870229007633588
stingseq,chrombpnet,0.2848101265822785,0.6870229007633588
stingseq,chrombpnet,0.2857142857142857,0.6870229007633588
stingseq,chrombpnet,0.28662420382165604,0.6870229007633588
stingseq,chrombpnet,0.28753993610223644,0.6870229007633588
stingseq,chrombpnet,0.28846153846153844,0.6870229007633588
stingseq,chrombpnet,0.28938906752411575,0.6870229007633588
stingseq,chrombpnet,0.2903225806451613,0.6870229007633588
stingseq,chrombpnet,0.28802588996763756,0.6793893129770993
stingseq,chrombpnet,0.288961038961039,0.6793893129770993
stingseq,chrombpnet,0.28664495114006516,0.6717557251908397
stingseq,chrombpnet,0.2875816993464052,0.6717557251908397
stingseq,chrombpnet,0.28524590163934427,0.6641221374045801
stingseq,chrombpnet,0.28618421052631576,0.6641221374045801
stingseq,chrombpnet,0.2871287128712871,0.6641221374045801
stingseq,chrombpnet,0.2847682119205298,0.6564885496183206
stingseq,chrombpnet,0.2823920265780731,0.648854961832061
stingseq,chrombpnet,0.28,0.6412213740458015
stingseq,chrombpnet,0.2809364548494983,0.6412213740458015
stingseq,chrombpnet,0.2785234899328859,0.6335877862595419
stingseq,chrombpnet,0.27946127946127947,0.6335877862595419
stingseq,chrombpnet,0.27702702702702703,0.6259541984732825
stingseq,chrombpnet,0.27796610169491526,0.6259541984732825
stingseq,chrombpnet,0.2789115646258503,0.6259541984732825
stingseq,chrombpnet,0.27986348122866894,0.6259541984732825
stingseq,chrombpnet,0.2808219178082192,0.6259541984732825
stingseq,chrombpnet,0.27835051546391754,0.6183206106870229
stingseq,chrombpnet,0.2793103448275862,0.6183206106870229
stingseq,chrombpnet,0.2768166089965398,0.6106870229007634
stingseq,chrombpnet,0.2777777777777778,0.6106870229007634
stingseq,chrombpnet,0.2787456445993031,0.6106870229007634
stingseq,chrombpnet,0.2762237762237762,0.6030534351145038
stingseq,chrombpnet,0.2771929824561403,0.6030534351145038
stingseq,chrombpnet,0.2746478873239437,0.5954198473282443
stingseq,chrombpnet,0.2756183745583039,0.5954198473282443
stingseq,chrombpnet,0.2765957446808511,0.5954198473282443
stingseq,chrombpnet,0.2775800711743772,0.5954198473282443
stingseq,chrombpnet,0.2785714285714286,0.5954198473282443
stingseq,chrombpnet,0.27956989247311825,0.5954198473282443
stingseq,chrombpnet,0.27697841726618705,0.5877862595419847
stingseq,chrombpnet,0.2779783393501805,0.5877862595419847
stingseq,chrombpnet,0.2753623188405797,0.5801526717557252
stingseq,chrombpnet,0.2727272727272727,0.5725190839694656
stingseq,chrombpnet,0.2737226277372263,0.5725190839694656
stingseq,chrombpnet,0.27106227106227104,0.5648854961832062
stingseq,chrombpnet,0.27205882352941174,0.5648854961832062
stingseq,chrombpnet,0.2693726937269373,0.5572519083969466
stingseq,chrombpnet,0.27037037037037037,0.5572519083969466
stingseq,chrombpnet,0.27137546468401486,0.5572519083969466
stingseq,chrombpnet,0.27238805970149255,0.5572519083969466
stingseq,chrombpnet,0.27340823970037453,0.5572519083969466
stingseq,chrombpnet,0.2744360902255639,0.5572519083969466
stingseq,chrombpnet,0.27169811320754716,0.549618320610687
stingseq,chrombpnet,0.2689393939393939,0.5419847328244275
stingseq,chrombpnet,0.26996197718631176,0.5419847328244275
stingseq,chrombpnet,0.27099236641221375,0.5419847328244275
stingseq,chrombpnet,0.2720306513409962,0.5419847328244275
stingseq,chrombpnet,0.27307692307692305,0.5419847328244275
stingseq,chrombpnet,0.27413127413127414,0.5419847328244275
stingseq,chrombpnet,0.2751937984496124,0.5419847328244275
stingseq,chrombpnet,0.27626459143968873,0.5419847328244275
stingseq,chrombpnet,0.27734375,0.5419847328244275
stingseq,chrombpnet,0.2784313725490196,0.5419847328244275
stingseq,chrombpnet,0.2755905511811024,0.5343511450381679
stingseq,chrombpnet,0.2766798418972332,0.5343511450381679
stingseq,chrombpnet,0.2777777777777778,0.5343511450381679
stingseq,chrombpnet,0.2788844621513944,0.5343511450381679
stingseq,chrombpnet,0.28,0.5343511450381679
stingseq,chrombpnet,0.27710843373493976,0.5267175572519084
stingseq,chrombpnet,0.2782258064516129,0.5267175572519084
stingseq,chrombpnet,0.2793522267206478,0.5267175572519084
stingseq,chrombpnet,0.2804878048780488,0.5267175572519084
stingseq,chrombpnet,0.27755102040816326,0.5190839694656488
stingseq,chrombpnet,0.2786885245901639,0.5190839694656488
stingseq,chrombpnet,0.27983539094650206,0.5190839694656488
stingseq,chrombpnet,0.2809917355371901,0.5190839694656488
stingseq,chrombpnet,0.27800829875518673,0.5114503816793893
stingseq,chrombpnet,0.2791666666666667,0.5114503816793893
stingseq,chrombpnet,0.27615062761506276,0.5038167938931297
stingseq,chrombpnet,0.2773109243697479,0.5038167938931297
stingseq,chrombpnet,0.27848101265822783,0.5038167938931297
stingseq,chrombpnet,0.2796610169491525,0.5038167938931297
stingseq,chrombpnet,0.28085106382978725,0.5038167938931297
stingseq,chrombpnet,0.28205128205128205,0.5038167938931297
stingseq,chrombpnet,0.2832618025751073,0.5038167938931297
stingseq,chrombpnet,0.2801724137931034,0.4961832061068702
stingseq,chrombpnet,0.2813852813852814,0.4961832061068702
stingseq,chrombpnet,0.2826086956521739,0.4961832061068702
stingseq,chrombpnet,0.2838427947598253,0.4961832061068702
stingseq,chrombpnet,0.2850877192982456,0.4961832061068702
stingseq,chrombpnet,0.28193832599118945,0.48854961832061067
stingseq,chrombpnet,0.2831858407079646,0.48854961832061067
stingseq,chrombpnet,0.28444444444444444,0.48854961832061067
stingseq,chrombpnet,0.2857142857142857,0.48854961832061067
stingseq,chrombpnet,0.28699551569506726,0.48854961832061067
stingseq,chrombpnet,0.2882882882882883,0.48854961832061067
stingseq,chrombpnet,0.2850678733031674,0.48091603053435117
stingseq,chrombpnet,0.2818181818181818,0.4732824427480916
stingseq,chrombpnet,0.2831050228310502,0.4732824427480916
stingseq,chrombpnet,0.28440366972477066,0.4732824427480916
stingseq,chrombpnet,0.2857142857142857,0.4732824427480916
stingseq,chrombpnet,0.28703703703703703,0.4732824427480916
stingseq,chrombpnet,0.28837209302325584,0.4732824427480916
stingseq,chrombpnet,0.2897196261682243,0.4732824427480916
stingseq,chrombpnet,0.29107981220657275,0.4732824427480916
stingseq,chrombpnet,0.28773584905660377,0.46564885496183206
stingseq,chrombpnet,0.2843601895734597,0.4580152671755725
stingseq,chrombpnet,0.2857142857142857,0.4580152671755725
stingseq,chrombpnet,0.28708133971291866,0.4580152671755725
stingseq,chrombpnet,0.28846153846153844,0.4580152671755725
stingseq,chrombpnet,0.28502415458937197,0.45038167938931295
stingseq,chrombpnet,0.28640776699029125,0.45038167938931295
stingseq,chrombpnet,0.28780487804878047,0.45038167938931295
stingseq,chrombpnet,0.28431372549019607,0.44274809160305345
stingseq,chrombpnet,0.2857142857142857,0.44274809160305345
stingseq,chrombpnet,0.2871287128712871,0.44274809160305345
stingseq,chrombpnet,0.2885572139303483,0.44274809160305345
stingseq,chrombpnet,0.285,0.4351145038167939
stingseq,chrombpnet,0.2864321608040201,0.4351145038167939
stingseq,chrombpnet,0.2878787878787879,0.4351145038167939
stingseq,chrombpnet,0.28426395939086296,0.42748091603053434
stingseq,chrombpnet,0.2857142857142857,0.42748091603053434
stingseq,chrombpnet,0.28717948717948716,0.42748091603053434
stingseq,chrombpnet,0.28865979381443296,0.42748091603053434
stingseq,chrombpnet,0.29015544041450775,0.42748091603053434
stingseq,chrombpnet,0.2864583333333333,0.4198473282442748
stingseq,chrombpnet,0.2879581151832461,0.4198473282442748
stingseq,chrombpnet,0.28421052631578947,0.4122137404580153
stingseq,chrombpnet,0.2804232804232804,0.40458015267175573
stingseq,chrombpnet,0.28191489361702127,0.40458015267175573
stingseq,chrombpnet,0.28342245989304815,0.40458015267175573
stingseq,chrombpnet,0.2849462365591398,0.40458015267175573
stingseq,chrombpnet,0.2864864864864865,0.40458015267175573
stingseq,chrombpnet,0.2826086956521739,0.3969465648854962
stingseq,chrombpnet,0.28415300546448086,0.3969465648854962
stingseq,chrombpnet,0.2857142857142857,0.3969465648854962
stingseq,chrombpnet,0.281767955801105,0.3893129770992366
stingseq,chrombpnet,0.2777777777777778,0.3816793893129771
stingseq,chrombpnet,0.2737430167597765,0.37404580152671757
stingseq,chrombpnet,0.2752808988764045,0.37404580152671757
stingseq,chrombpnet,0.2711864406779661,0.366412213740458
stingseq,chrombpnet,0.2727272727272727,0.366412213740458
stingseq,chrombpnet,0.2742857142857143,0.366412213740458
stingseq,chrombpnet,0.27586206896551724,0.366412213740458
stingseq,chrombpnet,0.2774566473988439,0.366412213740458
stingseq,chrombpnet,0.27906976744186046,0.366412213740458
stingseq,chrombpnet,0.2807017543859649,0.366412213740458
stingseq,chrombpnet,0.2823529411764706,0.366412213740458
stingseq,chrombpnet,0.28402366863905326,0.366412213740458
stingseq,chrombpnet,0.2857142857142857,0.366412213740458
stingseq,chrombpnet,0.2874251497005988,0.366412213740458
stingseq,chrombpnet,0.2891566265060241,0.366412213740458
stingseq,chrombpnet,0.2909090909090909,0.366412213740458
stingseq,chrombpnet,0.2865853658536585,0.35877862595419846
stingseq,chrombpnet,0.2822085889570552,0.3511450381679389
stingseq,chrombpnet,0.2839506172839506,0.3511450381679389
stingseq,chrombpnet,0.2857142857142857,0.3511450381679389
stingseq,chrombpnet,0.2875,0.3511450381679389
stingseq,chrombpnet,0.2830188679245283,0.3435114503816794
stingseq,chrombpnet,0.2848101265822785,0.3435114503816794
stingseq,chrombpnet,0.2802547770700637,0.33587786259541985
stingseq,chrombpnet,0.28205128205128205,0.33587786259541985
stingseq,chrombpnet,0.2838709677419355,0.33587786259541985
stingseq,chrombpnet,0.2857142857142857,0.33587786259541985
stingseq,chrombpnet,0.2875816993464052,0.33587786259541985
stingseq,chrombpnet,0.2894736842105263,0.33587786259541985
stingseq,chrombpnet,0.2913907284768212,0.33587786259541985
stingseq,chrombpnet,0.29333333333333333,0.33587786259541985
stingseq,chrombpnet,0.2953020134228188,0.33587786259541985
stingseq,chrombpnet,0.2905405405405405,0.3282442748091603
stingseq,chrombpnet,0.2925170068027211,0.3282442748091603
stingseq,chrombpnet,0.2945205479452055,0.3282442748091603
stingseq,chrombpnet,0.2896551724137931,0.32061068702290074
stingseq,chrombpnet,0.2916666666666667,0.32061068702290074
stingseq,chrombpnet,0.2937062937062937,0.32061068702290074
stingseq,chrombpnet,0.29577464788732394,0.32061068702290074
stingseq,chrombpnet,0.2978723404255319,0.32061068702290074
stingseq,chrombpnet,0.3,0.32061068702290074
stingseq,chrombpnet,0.302158273381295,0.32061068702290074
stingseq,chrombpnet,0.30434782608695654,0.32061068702290074
stingseq,chrombpnet,0.30656934306569344,0.32061068702290074
stingseq,chrombpnet,0.3088235294117647,0.32061068702290074
stingseq,chrombpnet,0.3111111111111111,0.32061068702290074
stingseq,chrombpnet,0.31343283582089554,0.32061068702290074
stingseq,chrombpnet,0.3082706766917293,0.31297709923664124
stingseq,chrombpnet,0.3106060606060606,0.31297709923664124
stingseq,chrombpnet,0.3053435114503817,0.3053435114503817
stingseq,chrombpnet,0.3076923076923077,0.3053435114503817
stingseq,chrombpnet,0.31007751937984496,0.3053435114503817
stingseq,chrombpnet,0.3046875,0.29770992366412213
stingseq,chrombpnet,0.30708661417322836,0.29770992366412213
stingseq,chrombpnet,0.30952380952380953,0.29770992366412213
stingseq,chrombpnet,0.312,0.29770992366412213
stingseq,chrombpnet,0.31451612903225806,0.29770992366412213
stingseq,chrombpnet,0.3170731707317073,0.29770992366412213
stingseq,chrombpnet,0.319672131147541,0.29770992366412213
stingseq,chrombpnet,0.32231404958677684,0.29770992366412213
stingseq,chrombpnet,0.325,0.29770992366412213
stingseq,chrombpnet,0.3277310924369748,0.29770992366412213
stingseq,chrombpnet,0.3305084745762712,0.29770992366412213
stingseq,chrombpnet,0.3247863247863248,0.2900763358778626
stingseq,chrombpnet,0.3275862068965517,0.2900763358778626
stingseq,chrombpnet,0.33043478260869563,0.2900763358778626
stingseq,chrombpnet,0.3333333333333333,0.2900763358778626
stingseq,chrombpnet,0.336283185840708,0.2900763358778626
stingseq,chrombpnet,0.3392857142857143,0.2900763358778626
stingseq,chrombpnet,0.3333333333333333,0.2824427480916031
stingseq,chrombpnet,0.33636363636363636,0.2824427480916031
stingseq,chrombpnet,0.3394495412844037,0.2824427480916031
stingseq,chrombpnet,0.3333333333333333,0.2748091603053435
stingseq,chrombpnet,0.3364485981308411,0.2748091603053435
stingseq,chrombpnet,0.33962264150943394,0.2748091603053435
stingseq,chrombpnet,0.34285714285714286,0.2748091603053435
stingseq,chrombpnet,0.34615384615384615,0.2748091603053435
stingseq,chrombpnet,0.34951456310679613,0.2748091603053435
stingseq,chrombpnet,0.35294117647058826,0.2748091603053435
stingseq,chrombpnet,0.3564356435643564,0.2748091603053435
stingseq,chrombpnet,0.36,0.2748091603053435
stingseq,chrombpnet,0.35353535353535354,0.26717557251908397
stingseq,chrombpnet,0.35714285714285715,0.26717557251908397
stingseq,chrombpnet,0.36082474226804123,0.26717557251908397
stingseq,chrombpnet,0.3541666666666667,0.2595419847328244
stingseq,chrombpnet,0.3473684210526316,0.25190839694656486
stingseq,chrombpnet,0.3404255319148936,0.24427480916030533
stingseq,chrombpnet,0.34408602150537637,0.24427480916030533
stingseq,chrombpnet,0.34782608695652173,0.24427480916030533
stingseq,chrombpnet,0.3516483516483517,0.24427480916030533
stingseq,chrombpnet,0.34444444444444444,0.2366412213740458
stingseq,chrombpnet,0.33707865168539325,0.22900763358778625
stingseq,chrombpnet,0.32954545454545453,0.22137404580152673
stingseq,chrombpnet,0.3333333333333333,0.22137404580152673
stingseq,chrombpnet,0.3372093023255814,0.22137404580152673
stingseq,chrombpnet,0.3411764705882353,0.22137404580152673
stingseq,chrombpnet,0.3333333333333333,0.21374045801526717
stingseq,chrombpnet,0.3373493975903614,0.21374045801526717
stingseq,chrombpnet,0.32926829268292684,0.20610687022900764
stingseq,chrombpnet,0.3333333333333333,0.20610687022900764
stingseq,chrombpnet,0.3375,0.20610687022900764
stingseq,chrombpnet,0.34177215189873417,0.20610687022900764
stingseq,chrombpnet,0.34615384615384615,0.20610687022900764
stingseq,chrombpnet,0.35064935064935066,0.20610687022900764
stingseq,chrombpnet,0.35526315789473684,0.20610687022900764
stingseq,chrombpnet,0.36,0.20610687022900764
stingseq,chrombpnet,0.35135135135135137,0.1984732824427481
stingseq,chrombpnet,0.3561643835616438,0.1984732824427481
stingseq,chrombpnet,0.3611111111111111,0.1984732824427481
stingseq,chrombpnet,0.36619718309859156,0.1984732824427481
stingseq,chrombpnet,0.37142857142857144,0.1984732824427481
stingseq,chrombpnet,0.37681159420289856,0.1984732824427481
stingseq,chrombpnet,0.38235294117647056,0.1984732824427481
stingseq,chrombpnet,0.373134328358209,0.19083969465648856
stingseq,chrombpnet,0.3787878787878788,0.19083969465648856
stingseq,chrombpnet,0.36923076923076925,0.183206106870229
stingseq,chrombpnet,0.375,0.183206106870229
stingseq,chrombpnet,0.36507936507936506,0.17557251908396945
stingseq,chrombpnet,0.3709677419354839,0.17557251908396945
stingseq,chrombpnet,0.3770491803278688,0.17557251908396945
stingseq,chrombpnet,0.36666666666666664,0.16793893129770993
stingseq,chrombpnet,0.3559322033898305,0.16030534351145037
stingseq,chrombpnet,0.3620689655172414,0.16030534351145037
stingseq,chrombpnet,0.3508771929824561,0.15267175572519084
stingseq,chrombpnet,0.3392857142857143,0.1450381679389313
stingseq,chrombpnet,0.34545454545454546,0.1450381679389313
stingseq,chrombpnet,0.35185185185185186,0.1450381679389313
stingseq,chrombpnet,0.3584905660377358,0.1450381679389313
stingseq,chrombpnet,0.34615384615384615,0.13740458015267176
stingseq,chrombpnet,0.3333333333333333,0.1297709923664122
stingseq,chrombpnet,0.32,0.12213740458015267
stingseq,chrombpnet,0.30612244897959184,0.11450381679389313
stingseq,chrombpnet,0.2916666666666667,0.10687022900763359
stingseq,chrombpnet,0.2978723404255319,0.10687022900763359
stingseq,chrombpnet,0.30434782608695654,0.10687022900763359
stingseq,chrombpnet,0.3111111111111111,0.10687022900763359
stingseq,chrombpnet,0.3181818181818182,0.10687022900763359
stingseq,chrombpnet,0.32558139534883723,0.10687022900763359
stingseq,chrombpnet,0.3333333333333333,0.10687022900763359
stingseq,chrombpnet,0.3170731707317073,0.09923664122137404
stingseq,chrombpnet,0.3,0.0916030534351145
stingseq,chrombpnet,0.28205128205128205,0.08396946564885496
stingseq,chrombpnet,0.2894736842105263,0.08396946564885496
stingseq,chrombpnet,0.2972972972972973,0.08396946564885496
stingseq,chrombpnet,0.3055555555555556,0.08396946564885496
stingseq,chrombpnet,0.2857142857142857,0.07633587786259542
stingseq,chrombpnet,0.29411764705882354,0.07633587786259542
stingseq,chrombpnet,0.30303030303030304,0.07633587786259542
stingseq,chrombpnet,0.3125,0.07633587786259542
stingseq,chrombpnet,0.3225806451612903,0.07633587786259542
stingseq,chrombpnet,0.3333333333333333,0.07633587786259542
stingseq,chrombpnet,0.3103448275862069,0.06870229007633588
stingseq,chrombpnet,0.32142857142857145,0.06870229007633588
stingseq,chrombpnet,0.3333333333333333,0.06870229007633588
stingseq,chrombpnet,0.3076923076923077,0.061068702290076333
stingseq,chrombpnet,0.28,0.05343511450381679
stingseq,chrombpnet,0.2916666666666667,0.05343511450381679
stingseq,chrombpnet,0.30434782608695654,0.05343511450381679
stingseq,chrombpnet,0.2727272727272727,0.04580152671755725
stingseq,chrombpnet,0.2857142857142857,0.04580152671755725
stingseq,chrombpnet,0.25,0.03816793893129771
stingseq,chrombpnet,0.2631578947368421,0.03816793893129771
stingseq,chrombpnet,0.2777777777777778,0.03816793893129771
stingseq,chrombpnet,0.29411764705882354,0.03816793893129771
stingseq,chrombpnet,0.25,0.030534351145038167
stingseq,chrombpnet,0.2,0.022900763358778626
stingseq,chrombpnet,0.21428571428571427,0.022900763358778626
stingseq,chrombpnet,0.23076923076923078,0.022900763358778626
stingseq,chrombpnet,0.16666666666666666,0.015267175572519083
stingseq,chrombpnet,0.18181818181818182,0.015267175572519083
stingseq,chrombpnet,0.2,0.015267175572519083
stingseq,chrombpnet,0.2222222222222222,0.015267175572519083
stingseq,chrombpnet,0.25,0.015267175572519083
stingseq,chrombpnet,0.2857142857142857,0.015267175572519083
stingseq,chrombpnet,0.3333333333333333,0.015267175572519083
stingseq,chrombpnet,0.2,0.007633587786259542
stingseq,chrombpnet,0.25,0.007633587786259542
stingseq,chrombpnet,0.0,0.0
stingseq,chrombpnet,0.0,0.0
stingseq,chrombpnet,0.0,0.0
stingseq,chrombpnet,1.0,0.0
stingseq,gpn_msa,0.2543689320388349,1.0
stingseq,gpn_msa,0.253411306042885,0.9923664122137404
stingseq,gpn_msa,0.25440313111545987,0.9923664122137404
stingseq,gpn_msa,0.25691699604743085,0.9923664122137404
stingseq,gpn_msa,0.25793650793650796,0.9923664122137404
stingseq,gpn_msa,0.25748502994011974,0.9847328244274809
stingseq,gpn_msa,0.2570281124497992,0.9770992366412213
stingseq,gpn_msa,0.2575452716297787,0.9770992366412213
stingseq,gpn_msa,0.2591093117408907,0.9770992366412213
stingseq,gpn_msa,0.25963488843813387,0.9770992366412213
stingseq,gpn_msa,0.2612244897959184,0.9770992366412213
stingseq,gpn_msa,0.261758691206544,0.9770992366412213
stingseq,gpn_msa,0.26229508196721313,0.9770992366412213
stingseq,gpn_msa,0.2618556701030928,0.9694656488549618
stingseq,gpn_msa,0.26195426195426197,0.9618320610687023
stingseq,gpn_msa,0.2609603340292276,0.9541984732824428
stingseq,gpn_msa,0.2615062761506276,0.9541984732824428
stingseq,gpn_msa,0.2605042016806723,0.9465648854961832
stingseq,gpn_msa,0.26105263157894737,0.9465648854961832
stingseq,gpn_msa,0.25792811839323465,0.9312977099236641
stingseq,gpn_msa,0.2574468085106383,0.9236641221374046
stingseq,gpn_msa,0.2569593147751606,0.916030534351145
stingseq,gpn_msa,0.25591397849462366,0.9083969465648855
stingseq,gpn_msa,0.25646551724137934,0.9083969465648855
stingseq,gpn_msa,0.25757575757575757,0.9083969465648855
stingseq,gpn_msa,0.25813449023861174,0.9083969465648855
stingseq,gpn_msa,0.2570806100217865,0.9007633587786259
stingseq,gpn_msa,0.2571428571428571,0.8931297709923665
stingseq,gpn_msa,0.2577092511013216,0.8931297709923665
stingseq,gpn_msa,0.25442477876106195,0.8778625954198473
stingseq,gpn_msa,0.2516703786191537,0.8625954198473282
stingseq,gpn_msa,0.25279642058165547,0.8625954198473282
stingseq,gpn_msa,0.2533632286995516,0.8625954198473282
stingseq,gpn_msa,0.2545045045045045,0.8625954198473282
stingseq,gpn_msa,0.25681818181818183,0.8625954198473282
stingseq,gpn_msa,0.255125284738041,0.8549618320610687
stingseq,gpn_msa,0.25688073394495414,0.8549618320610687
stingseq,gpn_msa,0.2574712643678161,0.8549618320610687
stingseq,gpn_msa,0.25635103926096997,0.8473282442748091
stingseq,gpn_msa,0.2534883720930233,0.8320610687022901
stingseq,gpn_msa,0.2540792540792541,0.8320610687022901
stingseq,gpn_msa,0.2546728971962617,0.8320610687022901
stingseq,gpn_msa,0.2564705882352941,0.8320610687022901
stingseq,gpn_msa,0.2553191489361702,0.8244274809160306
stingseq,gpn_msa,0.2559241706161137,0.8244274809160306
stingseq,gpn_msa,0.25653206650831356,0.8244274809160306
stingseq,gpn_msa,0.2571428571428571,0.8244274809160306
stingseq,gpn_msa,0.2577565632458234,0.8244274809160306
stingseq,gpn_msa,0.2583732057416268,0.8244274809160306
stingseq,gpn_msa,0.25961538461538464,0.8244274809160306
stingseq,gpn_msa,0.26024096385542167,0.8244274809160306
stingseq,gpn_msa,0.2621359223300971,0.8244274809160306
stingseq,gpn_msa,0.26044226044226043,0.8091603053435115
stingseq,gpn_msa,0.25925925925925924,0.8015267175572519
stingseq,gpn_msa,0.26119402985074625,0.8015267175572519
stingseq,gpn_msa,0.26184538653366585,0.8015267175572519
stingseq,gpn_msa,0.2625,0.8015267175572519
stingseq,gpn_msa,0.2631578947368421,0.8015267175572519
stingseq,gpn_msa,0.26448362720403024,0.8015267175572519
stingseq,gpn_msa,0.26329113924050634,0.7938931297709924
stingseq,gpn_msa,0.2639593908629442,0.7938931297709924
stingseq,gpn_msa,0.2659846547314578,0.7938931297709924
stingseq,gpn_msa,0.26666666666666666,0.7938931297709924
stingseq,gpn_msa,0.26735218508997427,0.7938931297709924
stingseq,gpn_msa,0.2661498708010336,0.7862595419847328
stingseq,gpn_msa,0.26631853785900783,0.7786259541984732
stingseq,gpn_msa,0.2670157068062827,0.7786259541984732
stingseq,gpn_msa,0.2650918635170604,0.7709923664122137
stingseq,gpn_msa,0.26649076517150394,0.7709923664122137
stingseq,gpn_msa,0.2671957671957672,0.7709923664122137
stingseq,gpn_msa,0.2693333333333333,0.7709923664122137
stingseq,gpn_msa,0.2695417789757412,0.7633587786259542
stingseq,gpn_msa,0.27100271002710025,0.7633587786259542
stingseq,gpn_msa,0.2717391304347826,0.7633587786259542
stingseq,gpn_msa,0.2724795640326976,0.7633587786259542
stingseq,gpn_msa,0.273224043715847,0.7633587786259542
stingseq,gpn_msa,0.27624309392265195,0.7633587786259542
stingseq,gpn_msa,0.2742382271468144,0.7557251908396947
stingseq,gpn_msa,0.275,0.7557251908396947
stingseq,gpn_msa,0.27298050139275765,0.7480916030534351
stingseq,gpn_msa,0.27323943661971833,0.7404580152671756
stingseq,gpn_msa,0.2747875354107649,0.7404580152671756
stingseq,gpn_msa,0.2755681818181818,0.7404580152671756
stingseq,gpn_msa,0.27635327635327633,0.7404580152671756
stingseq,gpn_msa,0.27507163323782235,0.732824427480916
stingseq,gpn_msa,0.27298850574712646,0.7251908396946565
stingseq,gpn_msa,0.26744186046511625,0.7022900763358778
stingseq,gpn_msa,0.26900584795321636,0.7022900763358778
stingseq,gpn_msa,0.2676470588235294,0.6946564885496184
stingseq,gpn_msa,0.27002967359050445,0.6946564885496184
stingseq,gpn_msa,0.2740963855421687,0.6946564885496184
stingseq,gpn_msa,0.2727272727272727,0.6870229007633588
stingseq,gpn_msa,0.2691131498470948,0.6717557251908397
stingseq,gpn_msa,0.26851851851851855,0.6641221374045801
stingseq,gpn_msa,0.265625,0.648854961832061
stingseq,gpn_msa,0.2664576802507837,0.648854961832061
stingseq,gpn_msa,0.26582278481012656,0.6412213740458015
stingseq,gpn_msa,0.26129032258064516,0.6183206106870229
stingseq,gpn_msa,0.26229508196721313,0.6106870229007634
stingseq,gpn_msa,0.26755852842809363,0.6106870229007634
stingseq,gpn_msa,0.2696245733788396,0.6030534351145038
stingseq,gpn_msa,0.2629757785467128,0.5801526717557252
stingseq,gpn_msa,0.2631578947368421,0.5725190839694656
stingseq,gpn_msa,0.26501766784452296,0.5725190839694656
stingseq,gpn_msa,0.26595744680851063,0.5725190839694656
stingseq,gpn_msa,0.2669039145907473,0.5725190839694656
stingseq,gpn_msa,0.2616487455197133,0.5572519083969466
stingseq,gpn_msa,0.2644927536231884,0.5572519083969466
stingseq,gpn_msa,0.2664233576642336,0.5572519083969466
stingseq,gpn_msa,0.26865671641791045,0.549618320610687
stingseq,gpn_msa,0.2661596958174905,0.5343511450381679
stingseq,gpn_msa,0.2681992337164751,0.5343511450381679
stingseq,gpn_msa,0.2702702702702703,0.5343511450381679
stingseq,gpn_msa,0.2734375,0.5343511450381679
stingseq,gpn_msa,0.28112449799196787,0.5343511450381679
stingseq,gpn_msa,0.2827868852459016,0.5267175572519084
stingseq,gpn_msa,0.2815126050420168,0.5114503816793893
stingseq,gpn_msa,0.27848101265822783,0.5038167938931297
stingseq,gpn_msa,0.2727272727272727,0.48091603053435117
stingseq,gpn_msa,0.27510917030567683,0.48091603053435117
stingseq,gpn_msa,0.2767857142857143,0.4732824427480916
stingseq,gpn_msa,0.26605504587155965,0.44274809160305345
stingseq,gpn_msa,0.26976744186046514,0.44274809160305345
stingseq,gpn_msa,0.2641509433962264,0.42748091603053434
stingseq,gpn_msa,0.2669902912621359,0.4198473282442748
stingseq,gpn_msa,0.2647058823529412,0.4122137404580153
stingseq,gpn_msa,0.25888324873096447,0.3893129770992366
stingseq,gpn_msa,0.265625,0.3893129770992366
stingseq,gpn_msa,0.25806451612903225,0.366412213740458
stingseq,gpn_msa,0.26229508196721313,0.366412213740458
stingseq,gpn_msa,0.26666666666666666,0.366412213740458
stingseq,gpn_msa,0.2598870056497175,0.3511450381679389
stingseq,gpn_msa,0.2647058823529412,0.3435114503816794
stingseq,gpn_msa,0.26785714285714285,0.3435114503816794
stingseq,gpn_msa,0.26666666666666666,0.33587786259541985
stingseq,gpn_msa,0.26380368098159507,0.3282442748091603
stingseq,gpn_msa,0.2608695652173913,0.32061068702290074
stingseq,gpn_msa,0.25625,0.31297709923664124
stingseq,gpn_msa,0.24358974358974358,0.2900763358778626
stingseq,gpn_msa,0.24025974025974026,0.2824427480916031
stingseq,gpn_msa,0.24503311258278146,0.2824427480916031
stingseq,gpn_msa,0.2483221476510067,0.2824427480916031
stingseq,gpn_msa,0.25,0.2824427480916031
stingseq,gpn_msa,0.25170068027210885,0.2824427480916031
stingseq,gpn_msa,0.25517241379310346,0.2824427480916031
stingseq,gpn_msa,0.2569444444444444,0.2824427480916031
stingseq,gpn_msa,0.2605633802816901,0.2824427480916031
stingseq,gpn_msa,0.27007299270072993,0.2824427480916031
stingseq,gpn_msa,0.27205882352941174,0.2824427480916031
stingseq,gpn_msa,0.26666666666666666,0.2748091603053435
stingseq,gpn_msa,0.2706766917293233,0.2748091603053435
stingseq,gpn_msa,0.26717557251908397,0.26717557251908397
stingseq,gpn_msa,0.2692307692307692,0.26717557251908397
stingseq,gpn_msa,0.26356589147286824,0.2595419847328244
stingseq,gpn_msa,0.265625,0.2595419847328244
stingseq,gpn_msa,0.2677165354330709,0.2595419847328244
stingseq,gpn_msa,0.2619047619047619,0.25190839694656486
stingseq,gpn_msa,0.264,0.25190839694656486
stingseq,gpn_msa,0.25806451612903225,0.24427480916030533
stingseq,gpn_msa,0.2459016393442623,0.22900763358778625
stingseq,gpn_msa,0.2396694214876033,0.22137404580152673
stingseq,gpn_msa,0.24166666666666667,0.22137404580152673
stingseq,gpn_msa,0.23931623931623933,0.21374045801526717
stingseq,gpn_msa,0.24347826086956523,0.21374045801526717
stingseq,gpn_msa,0.24561403508771928,0.21374045801526717
stingseq,gpn_msa,0.24107142857142858,0.20610687022900764
stingseq,gpn_msa,0.24324324324324326,0.20610687022900764
stingseq,gpn_msa,0.24545454545454545,0.20610687022900764
stingseq,gpn_msa,0.25,0.20610687022900764
stingseq,gpn_msa,0.2571428571428571,0.20610687022900764
stingseq,gpn_msa,0.25,0.1984732824427481
stingseq,gpn_msa,0.24271844660194175,0.19083969465648856
stingseq,gpn_msa,0.24509803921568626,0.19083969465648856
stingseq,gpn_msa,0.24752475247524752,0.19083969465648856
stingseq,gpn_msa,0.25,0.19083969465648856
stingseq,gpn_msa,0.25252525252525254,0.19083969465648856
stingseq,gpn_msa,0.24489795918367346,0.183206106870229
stingseq,gpn_msa,0.23711340206185566,0.17557251908396945
stingseq,gpn_msa,0.23958333333333334,0.17557251908396945
stingseq,gpn_msa,0.24210526315789474,0.17557251908396945
stingseq,gpn_msa,0.25274725274725274,0.17557251908396945
stingseq,gpn_msa,0.25555555555555554,0.17557251908396945
stingseq,gpn_msa,0.25842696629213485,0.17557251908396945
stingseq,gpn_msa,0.25,0.16793893129770993
stingseq,gpn_msa,0.2413793103448276,0.16030534351145037
stingseq,gpn_msa,0.23255813953488372,0.15267175572519084
stingseq,gpn_msa,0.2235294117647059,0.1450381679389313
stingseq,gpn_msa,0.2261904761904762,0.1450381679389313
stingseq,gpn_msa,0.2289156626506024,0.1450381679389313
stingseq,gpn_msa,0.23170731707317074,0.1450381679389313
stingseq,gpn_msa,0.2345679012345679,0.1450381679389313
stingseq,gpn_msa,0.225,0.13740458015267176
stingseq,gpn_msa,0.22784810126582278,0.13740458015267176
stingseq,gpn_msa,0.23376623376623376,0.13740458015267176
stingseq,gpn_msa,0.22666666666666666,0.1297709923664122
stingseq,gpn_msa,0.22972972972972974,0.1297709923664122
stingseq,gpn_msa,0.2328767123287671,0.1297709923664122
stingseq,gpn_msa,0.2222222222222222,0.12213740458015267
stingseq,gpn_msa,0.2112676056338028,0.11450381679389313
stingseq,gpn_msa,0.21428571428571427,0.11450381679389313
stingseq,gpn_msa,0.21739130434782608,0.11450381679389313
stingseq,gpn_msa,0.22058823529411764,0.11450381679389313
stingseq,gpn_msa,0.22388059701492538,0.11450381679389313
stingseq,gpn_msa,0.22727272727272727,0.11450381679389313
stingseq,gpn_msa,0.23076923076923078,0.11450381679389313
stingseq,gpn_msa,0.234375,0.11450381679389313
stingseq,gpn_msa,0.2222222222222222,0.10687022900763359
stingseq,gpn_msa,0.22580645161290322,0.10687022900763359
stingseq,gpn_msa,0.22950819672131148,0.10687022900763359
stingseq,gpn_msa,0.23333333333333334,0.10687022900763359
stingseq,gpn_msa,0.23728813559322035,0.10687022900763359
stingseq,gpn_msa,0.2413793103448276,0.10687022900763359
stingseq,gpn_msa,0.25,0.10687022900763359
stingseq,gpn_msa,0.2545454545454545,0.10687022900763359
stingseq,gpn_msa,0.24074074074074073,0.09923664122137404
stingseq,gpn_msa,0.24528301886792453,0.09923664122137404
stingseq,gpn_msa,0.23076923076923078,0.0916030534351145
stingseq,gpn_msa,0.23529411764705882,0.0916030534351145
stingseq,gpn_msa,0.24,0.0916030534351145
stingseq,gpn_msa,0.24489795918367346,0.0916030534351145
stingseq,gpn_msa,0.22916666666666666,0.08396946564885496
stingseq,gpn_msa,0.2127659574468085,0.07633587786259542
stingseq,gpn_msa,0.1956521739130435,0.06870229007633588
stingseq,gpn_msa,0.2,0.06870229007633588
stingseq,gpn_msa,0.20454545454545456,0.06870229007633588
stingseq,gpn_msa,0.16666666666666666,0.05343511450381679
stingseq,gpn_msa,0.175,0.05343511450381679
stingseq,gpn_msa,0.1794871794871795,0.05343511450381679
stingseq,gpn_msa,0.1891891891891892,0.05343511450381679
stingseq,gpn_msa,0.19444444444444445,0.05343511450381679
stingseq,gpn_msa,0.2,0.05343511450381679
stingseq,gpn_msa,0.20588235294117646,0.05343511450381679
stingseq,gpn_msa,0.21212121212121213,0.05343511450381679
stingseq,gpn_msa,0.21875,0.05343511450381679
stingseq,gpn_msa,0.22580645161290322,0.05343511450381679
stingseq,gpn_msa,0.23333333333333334,0.05343511450381679
stingseq,gpn_msa,0.2413793103448276,0.05343511450381679
stingseq,gpn_msa,0.25,0.05343511450381679
stingseq,gpn_msa,0.2222222222222222,0.04580152671755725
stingseq,gpn_msa,0.23076923076923078,0.04580152671755725
stingseq,gpn_msa,0.24,0.04580152671755725
stingseq,gpn_msa,0.20833333333333334,0.03816793893129771
stingseq,gpn_msa,0.17391304347826086,0.030534351145038167
stingseq,gpn_msa,0.14285714285714285,0.022900763358778626
stingseq,gpn_msa,0.10526315789473684,0.015267175572519083
stingseq,gpn_msa,0.1111111111111111,0.015267175572519083
stingseq,gpn_msa,0.11764705882352941,0.015267175572519083
stingseq,gpn_msa,0.125,0.015267175572519083
stingseq,gpn_msa,0.13333333333333333,0.015267175572519083
stingseq,gpn_msa,0.14285714285714285,0.015267175572519083
stingseq,gpn_msa,0.15384615384615385,0.015267175572519083
stingseq,gpn_msa,0.16666666666666666,0.015267175572519083
stingseq,gpn_msa,0.09090909090909091,0.007633587786259542
stingseq,gpn_msa,0.1,0.007633587786259542
stingseq,gpn_msa,0.0,0.0
stingseq,gpn_msa,0.0,0.0
stingseq,gpn_msa,0.0,0.0
stingseq,gpn_msa,0.0,0.0
stingseq,gpn_msa,0.0,0.0
stingseq,gpn_msa,0.0,0.0
stingseq,gpn_msa,0.0,0.0
stingseq,gpn_msa,0.0,0.0
stingseq,gpn_msa,0.0,0.0
stingseq,gpn_msa,1.0,0.0
