chrom,pos,class,dist_to_tss,dist_group,func_score,func_group,tool,score,normalized_score
1,198634149,stingseq_hits,4946,1,3,2,alphagenome,1.5355554819107056,0.04968181303798462
1,198634149,stingseq_hits,4946,1,3,2,borzoi,7.849366664886475,0.07880085321548043
1,198634149,stingseq_hits,4946,1,3,2,borzoi_prime,3.61346697807312,0.046317657736971926
1,198634149,stingseq_hits,4946,1,3,2,enformer,4.571722984313965,0.06527179750121746
1,198634149,stingseq_hits,4946,1,3,2,chrombpnet,0.0416006925128,0.045064976596208284
1,198634149,stingseq_hits,4946,1,3,2,gpn_msa,1.2,0.1958456973293769
1,51876755,stingseq_hits,2050,1,7,1,alphagenome,0.8477543592453003,0.009386839641997104
1,51876755,stingseq_hits,2050,1,7,1,borzoi,7.6714253425598145,0.07645090407695163
1,51876755,stingseq_hits,2050,1,7,1,borzoi_prime,5.147872447967529,0.06992133296857693
1,51876755,stingseq_hits,2050,1,7,1,enformer,4.475271224975586,0.06335140580777009
1,51876755,stingseq_hits,2050,1,7,1,chrombpnet,0.17386193000000003,0.21722477264191045
1,51876755,stingseq_hits,2050,1,7,1,gpn_msa,1.51,0.24695021430926484
20,47315915,stingseq_hits,40791,2,7,1,alphagenome,15.175969123840332,0.8488083144339456
20,47315915,stingseq_hits,40791,2,7,1,borzoi,46.18033981323242,0.5850117555013908
20,47315915,stingseq_hits,40791,2,7,1,borzoi_prime,31.947879791259766,0.48218437682961746
20,47315915,stingseq_hits,40791,2,7,1,enformer,43.230369567871094,0.8349803470210673
20,47315915,stingseq_hits,40791,2,7,1,chrombpnet,0.830112608,1.0
20,47315915,stingseq_hits,40791,2,7,1,gpn_msa,1.48,0.24200461589185632
11,64237940,stingseq_hits,3402,1,1,3,alphagenome,1.2518246173858643,0.033059380679422164
11,64237940,stingseq_hits,3402,1,1,3,borzoi,3.754852771759033,0.024727413330699475
11,64237940,stingseq_hits,3402,1,1,3,borzoi_prime,2.9438488483428955,0.03601695875390937
11,64237940,stingseq_hits,3402,1,1,3,enformer,2.62579607963562,0.026527643019909657
11,64237940,stingseq_hits,3402,1,1,3,chrombpnet,0.0126582521792,0.007391621049541051
11,64237940,stingseq_hits,3402,1,1,3,gpn_msa,1.15,0.1876030333003627
12,117046257,stingseq_hits,53189,3,3,2,alphagenome,0.979712188243866,0.01711761680078367
12,117046257,stingseq_hits,53189,3,3,2,borzoi,3.2785327434539795,0.01843698103794261
12,117046257,stingseq_hits,53189,3,3,2,borzoi_prime,1.7631983757019043,0.017855077253202366
12,117046257,stingseq_hits,53189,3,3,2,enformer,2.2571542263031006,0.019187841674107493
12,117046257,stingseq_hits,53189,3,3,2,chrombpnet,0.0453183032,0.04990405953422794
12,117046257,stingseq_hits,53189,3,3,2,gpn_msa,1.18,0.19254863171777123
6,33578721,stingseq_hits,1521,1,2,3,alphagenome,3.211113929748535,0.14784475702592614
6,33578721,stingseq_hits,1521,1,2,3,borzoi,27.05373191833496,0.3324197484403162
6,33578721,stingseq_hits,1521,1,2,3,borzoi_prime,16.411964416503906,0.24319624225481615
6,33578721,stingseq_hits,1521,1,2,3,enformer,17.009864807128906,0.3129199938877179
6,33578721,stingseq_hits,1521,1,2,3,chrombpnet,0.0615014096,0.07096903934344474
6,33578721,stingseq_hits,1521,1,2,3,gpn_msa,0.06,0.007912957467853612
12,6394620,stingseq_hits,98978,3,4,3,alphagenome,2.4575724601745605,0.10369837158301114
12,6394620,stingseq_hits,98978,3,4,3,borzoi,32.93949508666992,0.41014899033963353
12,6394620,stingseq_hits,98978,3,4,3,borzoi_prime,6.056271076202393,0.0838951792708628
12,6394620,stingseq_hits,98978,3,4,3,enformer,7.364736080169678,0.12088176445012339
12,6394620,stingseq_hits,98978,3,4,3,chrombpnet,0.03798042044,0.040352595905353825
12,6394620,stingseq_hits,98978,3,4,3,gpn_msa,0.86,0.1397955819320805
8,11862718,stingseq_hits,5388,1,7,1,alphagenome,8.863962173461914,0.4790180600139677
8,11862718,stingseq_hits,5388,1,7,1,borzoi,48.0753288269043,0.6100375771709907
8,11862718,stingseq_hits,5388,1,7,1,borzoi_prime,33.57737350463867,0.507250789298275
8,11862718,stingseq_hits,5388,1,7,1,enformer,43.362525939941406,0.8376116313117934
8,11862718,stingseq_hits,5388,1,7,1,chrombpnet,0.1740283706,0.21744142251071646
8,11862718,stingseq_hits,5388,1,7,1,gpn_msa,1.53,0.25024727992087054
8,27354393,stingseq_hits,250946,3,1,3,alphagenome,1.9101613759994507,0.07162817811193237
8,27354393,stingseq_hits,250946,3,1,3,borzoi,8.054352760314941,0.08150796414431913
8,27354393,stingseq_hits,250946,3,1,3,borzoi_prime,8.770862579345703,0.12565359155746558
8,27354393,stingseq_hits,250946,3,1,3,enformer,7.21901273727417,0.11798035654261034
8,27354393,stingseq_hits,250946,3,1,3,chrombpnet,0.053059144,0.059980039456003754
8,27354393,stingseq_hits,250946,3,1,3,gpn_msa,0.75,0.1216617210682493
16,29809159,stingseq_hits,1623,1,1,3,alphagenome,1.356466293334961,0.03918983526801058
16,29809159,stingseq_hits,1623,1,1,3,borzoi,5.204220771789551,0.043868223562683724
16,29809159,stingseq_hits,1623,1,1,3,borzoi_prime,4.71661376953125,0.06328730435857621
16,29809159,stingseq_hits,1623,1,1,3,enformer,2.934209108352661,0.03266826526010435
16,29809159,stingseq_hits,1623,1,1,3,chrombpnet,0.010050306399999999,0.003996949852027314
16,29809159,stingseq_hits,1623,1,1,3,gpn_msa,1.25,0.2040883613583911
12,7121501,stingseq_hits,7441,1,1,3,alphagenome,1.2516071796417236,0.03304664204346083
12,7121501,stingseq_hits,7441,1,1,3,borzoi,3.6621146202087402,0.02350268409695637
12,7121501,stingseq_hits,7441,1,1,3,borzoi_prime,4.7366414070129395,0.06359538840809843
12,7121501,stingseq_hits,7441,1,1,3,enformer,2.335352659225464,0.02074480260519706
12,7121501,stingseq_hits,7441,1,1,3,chrombpnet,0.015644247792,0.011278386404679666
12,7121501,stingseq_hits,7441,1,1,3,gpn_msa,1.39,0.22716782063963079
14,95536861,stingseq_hits,2268,1,7,1,alphagenome,0.7555561065673828,0.003985385622241864
14,95536861,stingseq_hits,2268,1,7,1,borzoi,5.356869697570801,0.04588415334755108
14,95536861,stingseq_hits,2268,1,7,1,borzoi_prime,1.4588112831115723,0.013172707293527302
14,95536861,stingseq_hits,2268,1,7,1,enformer,2.9206044673919678,0.03239739161640448
14,95536861,stingseq_hits,2268,1,7,1,chrombpnet,0.026506445159999996,0.02541732627104845
14,95536861,stingseq_hits,2268,1,7,1,gpn_msa,1.64,0.2683811407847017
6,109240576,stingseq_hits,141868,3,2,3,alphagenome,0.7813482284545898,0.005496422506339332
6,109240576,stingseq_hits,141868,3,2,3,borzoi,4.054966926574707,0.02869081536878656
6,109240576,stingseq_hits,141868,3,2,3,borzoi_prime,1.7634360790252686,0.017858733830395452
6,109240576,stingseq_hits,141868,3,2,3,enformer,2.8295342922210693,0.030584149337376382
6,109240576,stingseq_hits,141868,3,2,3,chrombpnet,0.0305971928,0.030742108442733448
6,109240576,stingseq_hits,141868,3,2,3,gpn_msa,0.94,0.15298384437850318
1,67701065,stingseq_hits,16004,2,3,2,alphagenome,1.796424388885498,0.06496487280627063
1,67701065,stingseq_hits,16004,2,3,2,borzoi,28.564878463745117,0.352376425597398
1,67701065,stingseq_hits,16004,2,3,2,borzoi_prime,6.87788200378418,0.0965339751314594
1,67701065,stingseq_hits,16004,2,3,2,enformer,15.514486312866211,0.2831464318641659
1,67701065,stingseq_hits,16004,2,3,2,chrombpnet,0.08579113120000001,0.1025861147323514
1,67701065,stingseq_hits,16004,2,3,2,gpn_msa,1.48,0.24200461589185632
9,4852599,stingseq_hits,59730,3,7,1,alphagenome,10.904784202575684,0.5985800477153013
9,4852599,stingseq_hits,59730,3,7,1,borzoi,73.74119567871094,0.9489890973090522
9,4852599,stingseq_hits,59730,3,7,1,borzoi_prime,42.168846130371094,0.6394129417396164
9,4852599,stingseq_hits,59730,3,7,1,enformer,46.02491760253906,0.8906208751931715
9,4852599,stingseq_hits,59730,3,7,1,chrombpnet,0.779407962,1.0
9,4852599,stingseq_hits,59730,3,7,1,gpn_msa,0.98,0.15957797560171452
5,135387143,stingseq_hits,12744,2,7,1,alphagenome,9.994206428527832,0.5452336573546023
5,135387143,stingseq_hits,12744,2,7,1,borzoi,33.980838775634766,0.42390130302787477
5,135387143,stingseq_hits,12744,2,7,1,borzoi_prime,19.310462951660156,0.28778368633360907
5,135387143,stingseq_hits,12744,2,7,1,enformer,20.28314208984375,0.3780922058535226
5,135387143,stingseq_hits,12744,2,7,1,chrombpnet,0.12142771720000001,0.14897300399851962
5,135387143,stingseq_hits,12744,2,7,1,gpn_msa,1.79,0.2931091328717442
13,95244245,stingseq_hits,57184,3,1,3,alphagenome,0.6314672827720642,0.0
13,95244245,stingseq_hits,57184,3,1,3,borzoi,2.117631196975708,0.0031057496331580643
13,95244245,stingseq_hits,57184,3,1,3,borzoi_prime,0.6017703413963318,0.0
13,95244245,stingseq_hits,57184,3,1,3,enformer,1.5763731002807617,0.005633227134807473
13,95244245,stingseq_hits,57184,3,1,3,chrombpnet,0.05600595239999999,0.06381579619598479
13,95244245,stingseq_hits,57184,3,1,3,gpn_msa,1.43,0.23376195186284213
13,113493359,stingseq_hits,2364,1,1,3,alphagenome,1.501934289932251,0.04771210843636496
13,113493359,stingseq_hits,2364,1,1,3,borzoi,7.088912487030029,0.06875805586645428
13,113493359,stingseq_hits,2364,1,1,3,borzoi_prime,3.8669545650482178,0.050217043391935196
13,113493359,stingseq_hits,2364,1,1,3,enformer,5.322276592254639,0.08021560904040947
13,113493359,stingseq_hits,2364,1,1,3,chrombpnet,0.015337464319999999,0.010879057160729228
13,113493359,stingseq_hits,2364,1,1,3,gpn_msa,1.46,0.23870755028025065
10,69334748,stingseq_hits,18894,2,3,2,alphagenome,1.4448204040527344,0.044366079422719175
10,69334748,stingseq_hits,18894,2,3,2,borzoi,14.170787811279297,0.16228353156701686
10,69334748,stingseq_hits,18894,2,3,2,borzoi_prime,6.142117023468018,0.08521574277181718
10,69334748,stingseq_hits,18894,2,3,2,enformer,4.596138000488281,0.06575790988089994
10,69334748,stingseq_hits,18894,2,3,2,chrombpnet,0.0339355956,0.03508758982553106
10,69334748,stingseq_hits,18894,2,3,2,gpn_msa,3.92,0.6442466205077483
2,235460834,stingseq_hits,33273,2,7,1,alphagenome,7.2610979080200195,0.3851139199871709
2,235460834,stingseq_hits,33273,2,7,1,borzoi,23.6133975982666,0.286985610006444
2,235460834,stingseq_hits,33273,2,7,1,borzoi_prime,11.741181373596191,0.17134584274492112
2,235460834,stingseq_hits,33273,2,7,1,enformer,23.90120506286621,0.4501292337669905
2,235460834,stingseq_hits,33273,2,7,1,chrombpnet,0.321176299,0.4089786999714937
2,235460834,stingseq_hits,33273,2,7,1,gpn_msa,2.18,0.35740191229805485
5,132260726,stingseq_hits,3055,1,1,3,alphagenome,1.0506649017333984,0.021274396439866453
5,132260726,stingseq_hits,3055,1,1,3,borzoi,4.683467864990234,0.036990996684078695
5,132260726,stingseq_hits,3055,1,1,3,borzoi_prime,4.56562614440918,0.06096466999803921
5,132260726,stingseq_hits,3055,1,1,3,enformer,3.298424482345581,0.03991993369663359
5,132260726,stingseq_hits,3055,1,1,3,chrombpnet,0.00887487566,0.002466933043558901
5,132260726,stingseq_hits,3055,1,1,3,gpn_msa,3.64,0.598087701945269
12,117042419,stingseq_hits,57027,3,7,1,alphagenome,3.268490791320801,0.1512061925258278
12,117042419,stingseq_hits,57027,3,7,1,borzoi,21.905603408813477,0.2644319421354
12,117042419,stingseq_hits,57027,3,7,1,borzoi_prime,18.637676239013672,0.27743424521323845
12,117042419,stingseq_hits,57027,3,7,1,enformer,20.096839904785156,0.374382857562607
12,117042419,stingseq_hits,57027,3,7,1,chrombpnet,0.1612134446,0.2007606845377765
12,117042419,stingseq_hits,57027,3,7,1,gpn_msa,1.56,0.25519287833827903
20,59018103,stingseq_hits,1151,1,1,3,alphagenome,0.9451635479927063,0.015093577447092103
20,59018103,stingseq_hits,1151,1,1,3,borzoi,4.445399761199951,0.03384699433488774
20,59018103,stingseq_hits,1151,1,1,3,borzoi_prime,2.618295669555664,0.031008992050532556
20,59018103,stingseq_hits,1151,1,1,3,enformer,2.662687063217163,0.02726215671793931
20,59018103,stingseq_hits,1151,1,1,3,chrombpnet,0.023573716,0.021599895982058862
20,59018103,stingseq_hits,1151,1,1,3,gpn_msa,0.16,0.024398285525881972
13,41005673,stingseq_hits,13641,2,3,2,alphagenome,1.1592782735824585,0.02763753366788672
13,41005673,stingseq_hits,13641,2,3,2,borzoi,5.52379035949707,0.04808856017429257
13,41005673,stingseq_hits,13641,2,3,2,borzoi_prime,2.8552370071411133,0.03465384765815359
13,41005673,stingseq_hits,13641,2,3,2,enformer,3.7244186401367188,0.048401641523332574
13,41005673,stingseq_hits,13641,2,3,2,chrombpnet,0.01388115022,0.008983424372182665
13,41005673,stingseq_hits,13641,2,3,2,gpn_msa,1.95,0.3194856577645896
17,28866054,stingseq_hits,4088,1,3,2,alphagenome,6.431364059448242,0.3365037879996214
17,28866054,stingseq_hits,4088,1,3,2,borzoi,38.43260192871094,0.4826926891416683
17,28866054,stingseq_hits,4088,1,3,2,borzoi_prime,11.184412956237793,0.16278110470117138
17,28866054,stingseq_hits,4088,1,3,2,enformer,22.237722396850586,0.41700865290954015
17,28866054,stingseq_hits,4088,1,3,2,chrombpnet,0.41164444199999994,0.5267378964180015
17,28866054,stingseq_hits,4088,1,3,2,gpn_msa,1.63,0.26673260797889886
12,54304624,stingseq_hits,3503,1,3,2,alphagenome,4.7669453620910645,0.23899346863595541
12,54304624,stingseq_hits,3503,1,3,2,borzoi,16.20588493347168,0.18915966503948312
12,54304624,stingseq_hits,3503,1,3,2,borzoi_prime,9.002881050109863,0.1292227189746324
12,54304624,stingseq_hits,3503,1,3,2,enformer,10.27005672454834,0.1787278179647317
12,54304624,stingseq_hits,3503,1,3,2,chrombpnet,0.1062104932,0.12916527930158941
12,54304624,stingseq_hits,3503,1,3,2,gpn_msa,2.54,0.4167490933069569
10,63267850,stingseq_hits,91295,3,7,1,alphagenome,2.801605701446533,0.12385363136314578
10,63267850,stingseq_hits,91295,3,7,1,borzoi,28.81842803955078,0.3557248811413276
10,63267850,stingseq_hits,91295,3,7,1,borzoi_prime,13.552352905273438,0.1992069951333965
10,63267850,stingseq_hits,91295,3,7,1,enformer,11.466967582702637,0.20255877434710934
10,63267850,stingseq_hits,91295,3,7,1,chrombpnet,0.15013278140000003,0.18633737538986586
10,63267850,stingseq_hits,91295,3,7,1,gpn_msa,2.36,0.38707550280250586
12,7124251,stingseq_hits,4691,1,1,3,alphagenome,1.933180332183838,0.07297674850021378
12,7124251,stingseq_hits,4691,1,1,3,borzoi,21.65333366394043,0.26110038844180083
12,7124251,stingseq_hits,4691,1,1,3,borzoi_prime,12.413969039916992,0.18169529853561145
12,7124251,stingseq_hits,4691,1,1,3,enformer,12.12828540802002,0.21572586706972857
12,7124251,stingseq_hits,4691,1,1,3,chrombpnet,0.011639766499999999,0.006065894100830852
12,7124251,stingseq_hits,4691,1,1,3,gpn_msa,3.11,0.5107154632377185
3,128483046,stingseq_hits,10139,2,7,1,alphagenome,5.209821701049805,0.264939472077907
3,128483046,stingseq_hits,10139,2,7,1,borzoi,27.070449829101562,0.33264053043457303
3,128483046,stingseq_hits,10139,2,7,1,borzoi_prime,5.309031963348389,0.07240044095937055
3,128483046,stingseq_hits,10139,2,7,1,enformer,16.21507453918457,0.29709541340247847
3,128483046,stingseq_hits,10139,2,7,1,chrombpnet,0.039981939,0.04295790214335598
3,128483046,stingseq_hits,10139,2,7,1,gpn_msa,4.64,0.7629409825255525
1,198663227,stingseq_hits,24131,2,3,2,alphagenome,1.5671627521514893,0.05153353161113348
1,198663227,stingseq_hits,24131,2,3,2,borzoi,5.353686809539795,0.04584211912588353
1,198663227,stingseq_hits,24131,2,3,2,borzoi_prime,2.250244379043579,0.02534727922411896
1,198663227,stingseq_hits,24131,2,3,2,enformer,3.7389652729034424,0.04869127058686102
1,198663227,stingseq_hits,24131,2,3,2,chrombpnet,0.0126669322,0.007402919527001199
1,198663227,stingseq_hits,24131,2,3,2,gpn_msa,0.62,0.10023079459281242
9,111901105,stingseq_hits,4339,1,7,1,alphagenome,2.934196949005127,0.13162151748146114
9,111901105,stingseq_hits,4339,1,7,1,borzoi,9.174859046936035,0.09630572302647199
9,111901105,stingseq_hits,4339,1,7,1,borzoi_prime,4.720070838928223,0.06334048426760304
9,111901105,stingseq_hits,4339,1,7,1,enformer,7.016576766967773,0.11394977837070262
9,111901105,stingseq_hits,4339,1,7,1,chrombpnet,0.12303371079999999,0.15106346932214446
9,111901105,stingseq_hits,4339,1,7,1,gpn_msa,0.7,0.1134190570392351
1,30769039,stingseq_hits,11219,2,3,2,alphagenome,9.486018180847168,0.5154613420069759
1,30769039,stingseq_hits,11219,2,3,2,borzoi,71.45067596435547,0.9187397726488047
1,30769039,stingseq_hits,11219,2,3,2,borzoi_prime,26.446001052856445,0.39754927779423577
1,30769039,stingseq_hits,11219,2,3,2,enformer,39.919769287109375,0.7690650197827633
1,30769039,stingseq_hits,11219,2,3,2,chrombpnet,0.1914756212,0.24015189431576778
1,30769039,stingseq_hits,11219,2,3,2,gpn_msa,1.26,0.20573689416419394
8,26393166,stingseq_hits,10268,2,1,3,alphagenome,0.7892252206802368,0.005957897752181949
8,26393166,stingseq_hits,10268,2,1,3,borzoi,4.8090338706970215,0.03864926089770233
8,26393166,stingseq_hits,10268,2,1,3,borzoi_prime,1.3311984539031982,0.011209646137190301
8,26393166,stingseq_hits,10268,2,1,3,enformer,2.340693712234497,0.0208511450286341
8,26393166,stingseq_hits,10268,2,1,3,chrombpnet,0.0261859098,0.025000096678679216
8,26393166,stingseq_hits,10268,2,1,3,gpn_msa,1.34,0.21892515661061662
9,4855858,stingseq_hits,62989,3,3,2,alphagenome,1.2872254848480225,0.03513334794346876
9,4855858,stingseq_hits,62989,3,3,2,borzoi,6.208491325378418,0.05713093675036934
9,4855858,stingseq_hits,62989,3,3,2,borzoi_prime,6.354762077331543,0.08848684997879762
9,4855858,stingseq_hits,62989,3,3,2,enformer,3.702332019805908,0.0479618884020773
9,4855858,stingseq_hits,62989,3,3,2,chrombpnet,0.013274622994000002,0.008193929237340677
9,4855858,stingseq_hits,62989,3,3,2,gpn_msa,1.65,0.2700296735905045
18,9191862,stingseq_hits,55102,3,7,1,alphagenome,1.400152325630188,0.04174919065593246
18,9191862,stingseq_hits,55102,3,7,1,borzoi,11.600480079650879,0.12833923824201898
18,9191862,stingseq_hits,55102,3,7,1,borzoi_prime,10.05615234375,0.14542513354733663
18,9191862,stingseq_hits,55102,3,7,1,enformer,7.9708170890808105,0.1329490708741133
18,9191862,stingseq_hits,55102,3,7,1,chrombpnet,0.1768155758,0.2210694293847332
18,9191862,stingseq_hits,55102,3,7,1,gpn_msa,0.21,0.03264094955489615
20,57415349,stingseq_hits,64097,3,7,1,alphagenome,1.4023252725601196,0.04187649320873025
20,57415349,stingseq_hits,64097,3,7,1,borzoi,7.864924907684326,0.07900632026934842
20,57415349,stingseq_hits,64097,3,7,1,borzoi_prime,7.574492454528809,0.10724989550904364
20,57415349,stingseq_hits,64097,3,7,1,enformer,6.292153835296631,0.09952623866477105
20,57415349,stingseq_hits,64097,3,7,1,chrombpnet,0.0217348078,0.019206253924313802
20,57415349,stingseq_hits,64097,3,7,1,gpn_msa,3.96,0.6508407517309597
12,93316116,stingseq_hits,62434,3,7,1,alphagenome,1.6604264974594116,0.05699740774065976
12,93316116,stingseq_hits,62434,3,7,1,borzoi,11.006478309631348,0.12049466380877137
12,93316116,stingseq_hits,62434,3,7,1,borzoi_prime,7.616110801696777,0.10789010826212808
12,93316116,stingseq_hits,62434,3,7,1,enformer,7.101132392883301,0.11563331346385475
12,93316116,stingseq_hits,62434,3,7,1,chrombpnet,0.2238054674,0.28223451681141454
12,93316116,stingseq_hits,62434,3,7,1,gpn_msa,1.16,0.18925156610616556
14,103106478,stingseq_hits,279382,3,1,3,alphagenome,1.2071393728256226,0.030441486230849028
14,103106478,stingseq_hits,279382,3,1,3,borzoi,9.145710945129395,0.09592078401492232
14,103106478,stingseq_hits,279382,3,1,3,borzoi_prime,1.3597455024719238,0.01164878382045431
14,103106478,stingseq_hits,279382,3,1,3,enformer,3.637331485748291,0.04666770272283047
14,103106478,stingseq_hits,279382,3,1,3,chrombpnet,0.051204234599999995,0.0575655691996056
14,103106478,stingseq_hits,279382,3,1,3,gpn_msa,1.51,0.24695021430926484
1,117613431,stingseq_hits,7497,1,7,1,alphagenome,6.100176811218262,0.3171011134229918
1,117613431,stingseq_hits,7497,1,7,1,borzoi,19.064105987548828,0.22690623236814
1,117613431,stingseq_hits,7497,1,7,1,borzoi_prime,15.835562705993652,0.23432948633875317
1,117613431,stingseq_hits,7497,1,7,1,enformer,8.74813175201416,0.14842570532984256
1,117613431,stingseq_hits,7497,1,7,1,chrombpnet,0.5028927769999999,0.6455126413210969
1,117613431,stingseq_hits,7497,1,7,1,gpn_msa,1.1,0.17936036927134857
19,5684764,stingseq_hits,5432,1,2,3,alphagenome,1.0394939184188843,0.02061994203345173
19,5684764,stingseq_hits,5432,1,2,3,borzoi,3.9434890747070312,0.02721860375129293
19,5684764,stingseq_hits,5432,1,2,3,borzoi_prime,12.574261665344238,0.1841610712057691
19,5684764,stingseq_hits,5432,1,2,3,enformer,1.8955466747283936,0.011988095986777185
19,5684764,stingseq_hits,5432,1,2,3,chrombpnet,0.027197170400000005,0.026316418996182894
19,5684764,stingseq_hits,5432,1,2,3,gpn_msa,0.43,0.06890867128255854
1,11982386,stingseq_hits,2074,1,1,3,alphagenome,1.03481125831604,0.020345607406698944
1,11982386,stingseq_hits,2074,1,1,3,borzoi,5.398255348205566,0.04643070528267768
1,11982386,stingseq_hits,2074,1,1,3,borzoi_prime,3.3304741382598877,0.041964394394994387
1,11982386,stingseq_hits,2074,1,1,3,enformer,3.3181798458099365,0.040313270595392324
1,11982386,stingseq_hits,2074,1,1,3,chrombpnet,0.0398251356,0.04275379667847338
1,11982386,stingseq_hits,2074,1,1,3,gpn_msa,2.49,0.4085064292779428
19,38659595,stingseq_hits,11925,2,1,3,alphagenome,6.771228790283203,0.3564148347192868
19,38659595,stingseq_hits,11925,2,1,3,borzoi,23.0358829498291,0.2793587696928035
19,38659595,stingseq_hits,11925,2,1,3,borzoi_prime,24.41646957397461,0.3663291063077887
19,38659595,stingseq_hits,11925,2,1,3,enformer,19.237472534179688,0.3572725220803823
19,38659595,stingseq_hits,11925,2,1,3,chrombpnet,0.01848941786,0.014981844106484555
19,38659595,stingseq_hits,11925,2,1,3,gpn_msa,3.89,0.6393010220903398
1,206673255,stingseq_hits,11782,2,3,2,alphagenome,1.7451624870300293,0.061961683507176256
1,206673255,stingseq_hits,11782,2,3,2,borzoi,8.954991340637207,0.09340208085807934
1,206673255,stingseq_hits,11782,2,3,2,borzoi_prime,3.7871289253234863,0.048989089951866106
1,206673255,stingseq_hits,11782,2,3,2,enformer,5.864552021026611,0.09101252177811152
1,206673255,stingseq_hits,11782,2,3,2,chrombpnet,0.010840463739999999,0.005025469840822818
1,206673255,stingseq_hits,11782,2,3,2,gpn_msa,1.91,0.31289152654137825
16,88971947,stingseq_hits,168734,3,1,3,alphagenome,2.8556580543518066,0.1270202998237439
16,88971947,stingseq_hits,168734,3,1,3,borzoi,16.824390411376953,0.19732784315558496
16,88971947,stingseq_hits,168734,3,1,3,borzoi_prime,8.819706916809082,0.1264049613231559
16,88971947,stingseq_hits,168734,3,1,3,enformer,9.520732879638672,0.16380849148134224
16,88971947,stingseq_hits,168734,3,1,3,chrombpnet,0.0213589806,0.018717052890589246
16,88971947,stingseq_hits,168734,3,1,3,gpn_msa,1.34,0.21892515661061662
9,132985025,stingseq_hits,6314,1,7,1,alphagenome,2.593299388885498,0.11164996224097941
9,132985025,stingseq_hits,6314,1,7,1,borzoi,4.717498779296875,0.037440419655160304
9,132985025,stingseq_hits,6314,1,7,1,borzoi_prime,5.265472412109375,0.07173036677047255
9,132985025,stingseq_hits,6314,1,7,1,enformer,3.1225430965423584,0.03641806753425944
9,132985025,stingseq_hits,6314,1,7,1,chrombpnet,0.0890533,0.10683236500147505
9,132985025,stingseq_hits,6314,1,7,1,gpn_msa,0.32,0.05077481041872735
9,136645297,stingseq_hits,17633,2,3,2,alphagenome,1.7453594207763672,0.06197322091211492
9,136645297,stingseq_hits,17633,2,3,2,borzoi,6.597008228302002,0.06226181331906824
9,136645297,stingseq_hits,17633,2,3,2,borzoi_prime,3.290572166442871,0.04135058454984678
9,136645297,stingseq_hits,17633,2,3,2,enformer,3.716362953186035,0.0482412496921081
9,136645297,stingseq_hits,17633,2,3,2,chrombpnet,0.0367905144,0.038803737108536844
9,136645297,stingseq_hits,17633,2,3,2,gpn_msa,1.17,0.1909000989119684
14,68719943,stingseq_hits,73297,3,7,1,alphagenome,2.538973331451416,0.1084672587430089
14,68719943,stingseq_hits,73297,3,7,1,borzoi,14.24545669555664,0.16326963236692174
14,68719943,stingseq_hits,73297,3,7,1,borzoi_prime,3.937364101409912,0.05130014943013492
14,68719943,stingseq_hits,73297,3,7,1,enformer,4.778825759887695,0.06939529356422225
14,68719943,stingseq_hits,73297,3,7,1,chrombpnet,0.114917728,0.14049918026735886
14,68719943,stingseq_hits,73297,3,7,1,gpn_msa,1.46,0.23870755028025065
13,27448480,stingseq_hits,2094,1,3,2,alphagenome,2.3812355995178223,0.09922616055000756
13,27448480,stingseq_hits,2094,1,3,2,borzoi,12.718634605407715,0.1431059390296004
13,27448480,stingseq_hits,2094,1,3,2,borzoi_prime,5.411627292633057,0.07397865928576997
13,27448480,stingseq_hits,2094,1,3,2,enformer,14.832502365112305,0.26956786868071625
13,27448480,stingseq_hits,2094,1,3,2,chrombpnet,0.11863963799999999,0.14534385946947556
13,27448480,stingseq_hits,2094,1,3,2,gpn_msa,1.25,0.2040883613583911
12,6332457,stingseq_hits,161141,3,1,3,alphagenome,1.1989483833312988,0.02996161538899646
12,6332457,stingseq_hits,161141,3,1,3,borzoi,4.916905403137207,0.04007384632516274
12,6332457,stingseq_hits,161141,3,1,3,borzoi_prime,5.232965469360352,0.07123031425210326
12,6332457,stingseq_hits,161141,3,1,3,enformer,4.284454822540283,0.059552177709455256
12,6332457,stingseq_hits,161141,3,1,3,chrombpnet,0.09642240199999999,0.11642446561585766
12,6332457,stingseq_hits,161141,3,1,3,gpn_msa,1.16,0.18925156610616556
8,41772887,stingseq_hits,24735,2,7,1,alphagenome,5.274615287780762,0.2687354179807529
8,41772887,stingseq_hits,24735,2,7,1,borzoi,11.535452842712402,0.12748046807314298
8,41772887,stingseq_hits,24735,2,7,1,borzoi_prime,8.357165336608887,0.1192897095501613
8,41772887,stingseq_hits,24735,2,7,1,enformer,9.772748947143555,0.16882622849279225
8,41772887,stingseq_hits,24735,2,7,1,chrombpnet,0.0725524,0.08535372445234628
8,41772887,stingseq_hits,24735,2,7,1,gpn_msa,0.8,0.1299043850972635
10,92756711,stingseq_hits,68523,3,3,2,alphagenome,1.6911365985870361,0.05879656547266553
10,92756711,stingseq_hits,68523,3,3,2,borzoi,9.905906677246094,0.10596016824812168
10,92756711,stingseq_hits,68523,3,3,2,borzoi_prime,4.054605960845947,0.053103674526971345
10,92756711,stingseq_hits,68523,3,3,2,enformer,4.689986705780029,0.06762647376526396
10,92756711,stingseq_hits,68523,3,3,2,chrombpnet,0.031172063399999998,0.03149039726211069
10,92756711,stingseq_hits,68523,3,3,2,gpn_msa,3.96,0.6508407517309597
15,63049797,stingseq_hits,1330,1,1,3,alphagenome,1.460453987121582,0.04528197617409688
15,63049797,stingseq_hits,1330,1,1,3,borzoi,8.060683250427246,0.08159156659029043
15,63049797,stingseq_hits,1330,1,1,3,borzoi_prime,7.401551246643066,0.10458955038828657
15,63049797,stingseq_hits,1330,1,1,3,enformer,5.636023044586182,0.08646242179985632
15,63049797,stingseq_hits,1330,1,1,3,chrombpnet,0.053595057599999996,0.06067761932011962
15,63049797,stingseq_hits,1330,1,1,3,gpn_msa,1.06,0.17276623804813723
6,33577348,stingseq_hits,2894,1,6,2,alphagenome,2.075979709625244,0.08134268005418747
6,33577348,stingseq_hits,2894,1,6,2,borzoi,20.142210006713867,0.24114401355327933
6,33577348,stingseq_hits,2894,1,6,2,borzoi_prime,10.57272720336914,0.15337157629568085
6,33577348,stingseq_hits,2894,1,6,2,enformer,7.9384965896606445,0.13230555727684645
6,33577348,stingseq_hits,2894,1,6,2,chrombpnet,0.06346709980000001,0.07352770906671713
6,33577348,stingseq_hits,2894,1,6,2,gpn_msa,1.82,0.2980547312891528
19,12888644,stingseq_hits,1463,1,1,3,alphagenome,1.3263142108917236,0.03742336917796478
19,12888644,stingseq_hits,1463,1,1,3,borzoi,2.5463638305664062,0.008767727805468755
19,12888644,stingseq_hits,1463,1,1,3,borzoi_prime,1.2397884130477905,0.009803490489552218
19,12888644,stingseq_hits,1463,1,1,3,enformer,1.8280372619628906,0.010643957565729263
19,12888644,stingseq_hits,1463,1,1,3,chrombpnet,0.047154132599999996,0.05229369402641459
19,12888644,stingseq_hits,1463,1,1,3,gpn_msa,0.77,0.12495878667985497
9,110253322,stingseq_hits,3318,1,1,3,alphagenome,1.0833735466003418,0.023190639277076028
9,110253322,stingseq_hits,3318,1,1,3,borzoi,7.372961521148682,0.07250929686151493
9,110253322,stingseq_hits,3318,1,1,3,borzoi_prime,6.8310675621032715,0.09581383114131767
9,110253322,stingseq_hits,3318,1,1,3,enformer,4.492798805236816,0.06370038668453991
9,110253322,stingseq_hits,3318,1,1,3,chrombpnet,0.021268978839999998,0.018599900768472937
9,110253322,stingseq_hits,3318,1,1,3,gpn_msa,1.4,0.22881635344543363
7,101856650,stingseq_hits,40645,2,7,1,alphagenome,3.4135169982910156,0.15970258335598442
7,101856650,stingseq_hits,40645,2,7,1,borzoi,16.266950607299805,0.18996611755837947
7,101856650,stingseq_hits,40645,2,7,1,borzoi_prime,12.19509506225586,0.17832837213530445
7,101856650,stingseq_hits,40645,2,7,1,enformer,13.813322067260742,0.2492755962375263
7,101856650,stingseq_hits,40645,2,7,1,chrombpnet,0.065663439,0.0763866064723593
7,101856650,stingseq_hits,40645,2,7,1,gpn_msa,1.96,0.32113419057039244
16,87855889,stingseq_hits,13599,2,2,3,alphagenome,1.1423726081848145,0.026647111705794455
16,87855889,stingseq_hits,13599,2,2,3,borzoi,5.354772567749023,0.04585645799071305
16,87855889,stingseq_hits,13599,2,2,3,borzoi_prime,1.9394969940185547,0.02056706923457432
16,87855889,stingseq_hits,13599,2,2,3,enformer,2.72855544090271,0.028573621498217787
16,87855889,stingseq_hits,13599,2,2,3,chrombpnet,0.014509993799999999,0.009801967919289023
16,87855889,stingseq_hits,13599,2,2,3,gpn_msa,0.31,0.04912627761292451
1,42961547,stingseq_hits,2498,1,3,2,alphagenome,7.107644081115723,0.37612379527109197
1,42961547,stingseq_hits,2498,1,3,2,borzoi,24.809595108032227,0.3027829710175287
1,42961547,stingseq_hits,2498,1,3,2,borzoi_prime,20.97447967529297,0.31338116437654856
1,42961547,stingseq_hits,2498,1,3,2,enformer,27.076433181762695,0.5133492491006357
1,42961547,stingseq_hits,2498,1,3,2,chrombpnet,0.1093643146,0.13327049757494117
1,42961547,stingseq_hits,2498,1,3,2,gpn_msa,1.62,0.26508407517309607
2,54560455,stingseq_hits,104170,3,7,1,alphagenome,15.549396514892578,0.870685636659695
2,54560455,stingseq_hits,104170,3,7,1,borzoi,189.85581970214844,1.0
2,54560455,stingseq_hits,104170,3,7,1,borzoi_prime,86.15458679199219,1.0
2,54560455,stingseq_hits,104170,3,7,1,enformer,50.05976104736328,0.9709561628950505
2,54560455,stingseq_hits,104170,3,7,1,chrombpnet,0.1317609872,0.1624234577329884
2,54560455,stingseq_hits,104170,3,7,1,gpn_msa,5.48,0.9014177382129909
16,120329,stingseq_hits,18183,2,3,2,alphagenome,1.2413355112075806,0.03244487418841249
16,120329,stingseq_hits,18183,2,3,2,borzoi,3.792573928833008,0.02522557080986875
16,120329,stingseq_hits,18183,2,3,2,borzoi_prime,0.9761773943901062,0.0057483766399536946
16,120329,stingseq_hits,18183,2,3,2,enformer,2.00520920753479,0.01417151927037931
16,120329,stingseq_hits,18183,2,3,2,chrombpnet,0.012331184339999999,0.006965888358999499
16,120329,stingseq_hits,18183,2,3,2,gpn_msa,0.97,0.15792944279591167
22,21628971,stingseq_hits,1093,1,3,2,alphagenome,2.571096897125244,0.11034922459266464
22,21628971,stingseq_hits,1093,1,3,2,borzoi,9.545353889465332,0.10119859459023829
22,21628971,stingseq_hits,1093,1,3,2,borzoi_prime,7.582309722900391,0.10737014811988307
22,21628971,stingseq_hits,1093,1,3,2,enformer,5.676803112030029,0.08727436865613546
22,21628971,stingseq_hits,1093,1,3,2,chrombpnet,0.03179616248,0.03230276506061635
22,21628971,stingseq_hits,1093,1,3,2,gpn_msa,0.21,0.03264094955489615
8,55973597,stingseq_hits,93762,3,1,3,alphagenome,4.616155624389648,0.23015942014600793
8,55973597,stingseq_hits,93762,3,1,3,borzoi,23.049293518066406,0.2795358738800961
8,55973597,stingseq_hits,93762,3,1,3,borzoi_prime,8.730352401733398,0.1250304257159092
8,55973597,stingseq_hits,93762,3,1,3,enformer,9.148507118225098,0.15639733314468632
8,55973597,stingseq_hits,93762,3,1,3,chrombpnet,0.028162930599999997,0.02757351504503202
8,55973597,stingseq_hits,93762,3,1,3,gpn_msa,1.33,0.2172766238048138
17,28862953,stingseq_hits,8015,1,1,3,alphagenome,1.3303847312927246,0.03766184147156985
17,28862953,stingseq_hits,8015,1,1,3,borzoi,5.089530944824219,0.04235359359056049
17,28862953,stingseq_hits,8015,1,1,3,borzoi_prime,1.159688115119934,0.008571311997400445
17,28862953,stingseq_hits,8015,1,1,3,enformer,3.2273287773132324,0.03850439081467414
17,28862953,stingseq_hits,8015,1,1,3,chrombpnet,0.03277550476,0.03357754042478947
17,28862953,stingseq_hits,8015,1,1,3,gpn_msa,0.02,0.0013188262446422686
6,109304594,stingseq_hits,77850,3,7,1,alphagenome,4.7180633544921875,0.23612970594230623
6,109304594,stingseq_hits,77850,3,7,1,borzoi,27.01019859313965,0.3318448336386142
6,109304594,stingseq_hits,77850,3,7,1,borzoi_prime,11.706701278686523,0.17081543733502727
6,109304594,stingseq_hits,77850,3,7,1,enformer,18.284337997436523,0.3382952461897696
6,109304594,stingseq_hits,77850,3,7,1,chrombpnet,0.32959893000000007,0.4199421421914302
6,109304594,stingseq_hits,77850,3,7,1,gpn_msa,1.05,0.17111770524233438
11,57432941,stingseq_hits,5820,1,7,1,alphagenome,6.016814231872559,0.3122172991832902
11,57432941,stingseq_hits,5820,1,7,1,borzoi,22.921598434448242,0.27784949239310236
11,57432941,stingseq_hits,5820,1,7,1,borzoi_prime,13.578863143920898,0.19961480068129386
11,57432941,stingseq_hits,5820,1,7,1,enformer,17.704545974731445,0.32675136361087664
11,57432941,stingseq_hits,5820,1,7,1,chrombpnet,0.1477666494,0.18325746467470538
11,57432941,stingseq_hits,5820,1,7,1,gpn_msa,2.84,0.466205077481042
6,33572432,stingseq_hits,7810,1,1,3,alphagenome,1.1548209190368652,0.02737639861458071
6,33572432,stingseq_hits,7810,1,1,3,borzoi,6.786374568939209,0.06476264484728313
6,33572432,stingseq_hits,7810,1,1,3,borzoi_prime,5.233389854431152,0.0712368425443838
6,33572432,stingseq_hits,7810,1,1,3,enformer,2.4085328578948975,0.02220184855867289
6,33572432,stingseq_hits,7810,1,1,3,chrombpnet,0.020907857600000003,0.018129841965097634
6,33572432,stingseq_hits,7810,1,1,3,gpn_msa,1.53,0.25024727992087054
10,95297613,stingseq_hits,6589,1,7,1,alphagenome,8.572282791137695,0.46192996206878584
10,95297613,stingseq_hits,6589,1,7,1,borzoi,65.17786407470703,0.8358990434494797
10,95297613,stingseq_hits,6589,1,7,1,borzoi_prime,38.31969451904297,0.5802016535021922
10,95297613,stingseq_hits,6589,1,7,1,enformer,28.520753860473633,0.5421062303428339
10,95297613,stingseq_hits,6589,1,7,1,chrombpnet,0.36097158800000007,0.4607788265088159
10,95297613,stingseq_hits,6589,1,7,1,gpn_msa,4.79,0.7876689746125951
21,34908079,stingseq_hits,19389,2,1,3,alphagenome,3.4337143898010254,0.1608858517845242
21,34908079,stingseq_hits,19389,2,1,3,borzoi,8.284586906433105,0.08454850878148369
21,34908079,stingseq_hits,19389,2,1,3,borzoi_prime,6.207154273986816,0.0862162072313892
21,34908079,stingseq_hits,19389,2,1,3,enformer,7.164268970489502,0.11689038705192976
21,34908079,stingseq_hits,19389,2,1,3,chrombpnet,0.04522697220000001,0.04978517718720491
21,34908079,stingseq_hits,19389,2,1,3,gpn_msa,4.77,0.7843719090009894
19,43774629,stingseq_hits,6628,1,7,1,alphagenome,7.1036176681518555,0.3758879070209659
19,43774629,stingseq_hits,6628,1,7,1,borzoi,64.9341812133789,0.8326808908440888
19,43774629,stingseq_hits,6628,1,7,1,borzoi_prime,32.959068298339844,0.49773943420352795
19,43774629,stingseq_hits,6628,1,7,1,enformer,42.479373931884766,0.820027734533163
19,43774629,stingseq_hits,6628,1,7,1,chrombpnet,0.112661138,0.13756185651672959
19,43774629,stingseq_hits,6628,1,7,1,gpn_msa,0.63,0.10187932739861526
1,117612209,stingseq_hits,6275,1,1,3,alphagenome,0.8330914378166199,0.008527809306910605
1,117612209,stingseq_hits,6275,1,1,3,borzoi,4.450484752655029,0.03391414833336905
1,117612209,stingseq_hits,6275,1,1,3,borzoi_prime,1.9075140953063965,0.020075078056897504
1,117612209,stingseq_hits,6275,1,1,3,enformer,2.8207192420959473,0.03040863829274922
1,117612209,stingseq_hits,6275,1,1,3,chrombpnet,0.037566760399999996,0.03981414919585929
1,117612209,stingseq_hits,6275,1,1,3,gpn_msa,0.32,0.05077481041872735
22,19984929,stingseq_hits,5513,1,1,3,alphagenome,2.0151963233947754,0.07778167259089164
22,19984929,stingseq_hits,5513,1,1,3,borzoi,8.133641242980957,0.08255507281531244
22,19984929,stingseq_hits,5513,1,1,3,borzoi_prime,6.780125617980957,0.09503019400737782
22,19984929,stingseq_hits,5513,1,1,3,enformer,4.750771522521973,0.06883672288834555
22,19984929,stingseq_hits,5513,1,1,3,chrombpnet,0.0160071392,0.011750749373414656
22,19984929,stingseq_hits,5513,1,1,3,gpn_msa,1.04,0.16946917243653153
22,37242581,stingseq_hits,1689,1,7,1,alphagenome,11.528044700622559,0.63509389504699
22,37242581,stingseq_hits,1689,1,7,1,borzoi,43.23167419433594,0.5460707487676382
22,37242581,stingseq_hits,1689,1,7,1,borzoi_prime,26.394947052001953,0.3967639168977275
22,37242581,stingseq_hits,1689,1,7,1,enformer,35.354557037353516,0.6781698848117318
22,37242581,stingseq_hits,1689,1,7,1,chrombpnet,0.032612561,0.03336544226949106
22,37242581,stingseq_hits,1689,1,7,1,gpn_msa,1.57,0.2568414111440819
11,68037340,stingseq_hits,6449,1,1,3,alphagenome,0.9941706657409668,0.017964669745149948
11,68037340,stingseq_hits,6449,1,1,3,borzoi,5.9666032791137695,0.05393648703791566
11,68037340,stingseq_hits,6449,1,1,3,borzoi_prime,3.6712043285369873,0.04720582823415887
11,68037340,stingseq_hits,6449,1,1,3,enformer,5.000097751617432,0.07380090418060903
11,68037340,stingseq_hits,6449,1,1,3,chrombpnet,0.01210500454,0.006671478076913443
11,68037340,stingseq_hits,6449,1,1,3,gpn_msa,0.38,0.06066600725354437
7,100642673,stingseq_hits,1123,1,3,2,alphagenome,3.2645816802978516,0.15097717643457562
7,100642673,stingseq_hits,1123,1,3,2,borzoi,14.860828399658203,0.17139642487930837
7,100642673,stingseq_hits,1123,1,3,2,borzoi_prime,8.486166000366211,0.12127411968928763
7,100642673,stingseq_hits,1123,1,3,2,enformer,6.315314292907715,0.09998737230005009
7,100642673,stingseq_hits,1123,1,3,2,chrombpnet,0.07268273719999999,0.08552337979653837
7,100642673,stingseq_hits,1123,1,3,2,gpn_msa,1.59,0.2601384767556875
1,36463302,stingseq_hits,1135,1,1,3,alphagenome,0.8968459963798523,0.012262883526072813
1,36463302,stingseq_hits,1135,1,1,3,borzoi,9.386240005493164,0.09909728653160783
1,36463302,stingseq_hits,1135,1,1,3,borzoi_prime,3.0925118923187256,0.03830383421010073
1,36463302,stingseq_hits,1135,1,1,3,enformer,6.9375505447387695,0.11237633583555211
1,36463302,stingseq_hits,1135,1,1,3,chrombpnet,0.0431913078,0.04713542451151703
1,36463302,stingseq_hits,1135,1,1,3,gpn_msa,0.22,0.03428948236069899
19,44909976,stingseq_hits,4222,1,6,2,alphagenome,2.2136850357055664,0.08941017553804076
19,44909976,stingseq_hits,4222,1,6,2,borzoi,20.708694458007812,0.24862518560989907
19,44909976,stingseq_hits,4222,1,6,2,borzoi_prime,4.736093997955322,0.06358696764457253
19,44909976,stingseq_hits,4222,1,6,2,enformer,12.357863426208496,0.22029685387340667
19,44909976,stingseq_hits,4222,1,6,2,chrombpnet,0.0750131686,0.08855682029766275
19,44909976,stingseq_hits,4222,1,6,2,gpn_msa,1.06,0.17276623804813723
1,67686755,stingseq_hits,1694,1,3,2,alphagenome,3.422065258026123,0.16020338495001687
1,67686755,stingseq_hits,1694,1,3,2,borzoi,29.69979476928711,0.3673644877273102
1,67686755,stingseq_hits,1694,1,3,2,borzoi_prime,15.069692611694336,0.22254814866098552
1,67686755,stingseq_hits,1694,1,3,2,enformer,15.225388526916504,0.2773903835500639
1,67686755,stingseq_hits,1694,1,3,2,chrombpnet,0.06577977588,0.07653803809294528
1,67686755,stingseq_hits,1694,1,3,2,gpn_msa,2.77,0.4546653478404222
12,7122950,stingseq_hits,5992,1,1,3,alphagenome,1.2612218856811523,0.03360992161847468
12,7122950,stingseq_hits,5992,1,1,3,borzoi,5.437636852264404,0.04695078982699249
12,7122950,stingseq_hits,5992,1,1,3,borzoi_prime,5.6271514892578125,0.07729405618801993
12,7122950,stingseq_hits,5992,1,1,3,enformer,3.443709373474121,0.04281261186052104
12,7122950,stingseq_hits,5992,1,1,3,chrombpnet,0.00982465148,0.003703222787756735
12,7122950,stingseq_hits,5992,1,1,3,gpn_msa,1.24,0.20243982855258827
2,26175899,stingseq_hits,2808,1,1,3,alphagenome,1.2801318168640137,0.03471776391303289
2,26175899,stingseq_hits,2808,1,1,3,borzoi,10.203242301940918,0.10988687614243996
2,26175899,stingseq_hits,2808,1,1,3,borzoi_prime,5.882477283477783,0.08122171888426574
2,26175899,stingseq_hits,2808,1,1,3,enformer,5.233059406280518,0.07843926049028739
2,26175899,stingseq_hits,2808,1,1,3,chrombpnet,0.037747743199999996,0.04004972813438839
2,26175899,stingseq_hits,2808,1,1,3,gpn_msa,1.64,0.2683811407847017
8,26391502,stingseq_hits,8604,1,3,2,alphagenome,0.7853248119354248,0.005729391485724262
8,26391502,stingseq_hits,8604,1,3,2,borzoi,4.928513526916504,0.04022714686333126
8,26391502,stingseq_hits,8604,1,3,2,borzoi_prime,5.254069805145264,0.07155496109260238
8,26391502,stingseq_hits,8604,1,3,2,enformer,2.854001045227051,0.03107129181731267
8,26391502,stingseq_hits,8604,1,3,2,chrombpnet,0.005509128216,0.0
8,26391502,stingseq_hits,8604,1,3,2,gpn_msa,1.21,0.19749423013517975
1,26321458,stingseq_hits,3501,1,3,2,alphagenome,1.6719220876693726,0.057670879310299655
1,26321458,stingseq_hits,3501,1,3,2,borzoi,12.19342041015625,0.13616979497078238
1,26321458,stingseq_hits,3501,1,3,2,borzoi_prime,2.9097917079925537,0.03549305963081645
1,26321458,stingseq_hits,3501,1,3,2,enformer,2.9531219005584717,0.03304482624044391
1,26321458,stingseq_hits,3501,1,3,2,chrombpnet,0.01759539785,0.013818129737055098
1,26321458,stingseq_hits,3501,1,3,2,gpn_msa,1.21,0.19749423013517975
1,198681384,stingseq_hits,42288,2,7,1,alphagenome,1.59519624710083,0.053175879807371824
1,198681384,stingseq_hits,42288,2,7,1,borzoi,4.030795574188232,0.028371600877318423
1,198681384,stingseq_hits,42288,2,7,1,borzoi_prime,4.006189346313477,0.052358884399680616
1,198681384,stingseq_hits,42288,2,7,1,enformer,2.853886127471924,0.031069003760527708
1,198681384,stingseq_hits,42288,2,7,1,chrombpnet,0.0788873826,0.09359974825410164
1,198681384,stingseq_hits,42288,2,7,1,gpn_msa,1.45,0.2370590174744478
8,26385620,stingseq_hits,2722,1,3,2,alphagenome,2.4958066940307617,0.10593833221302755
8,26385620,stingseq_hits,2722,1,3,2,borzoi,24.069108963012695,0.2930038777983229
8,26385620,stingseq_hits,2722,1,3,2,borzoi_prime,10.994966506958008,0.15986686035682054
8,26385620,stingseq_hits,2722,1,3,2,enformer,11.500160217285156,0.20321965249151186
8,26385620,stingseq_hits,2722,1,3,2,chrombpnet,0.27499122,0.3488612087695522
8,26385620,stingseq_hits,2722,1,3,2,gpn_msa,1.64,0.2683811407847017
3,128484192,stingseq_hits,5020,1,3,2,alphagenome,1.2356040477752686,0.032109095198069905
3,128484192,stingseq_hits,5020,1,3,2,borzoi,5.461241722106934,0.04726252317159305
3,128484192,stingseq_hits,5020,1,3,2,borzoi_prime,3.2219228744506836,0.040294556254291555
3,128484192,stingseq_hits,5020,1,3,2,enformer,2.1654574871063232,0.017362124263895013
3,128484192,stingseq_hits,5020,1,3,2,chrombpnet,0.02358808004,0.021618593147182782
3,128484192,stingseq_hits,5020,1,3,2,gpn_msa,1.06,0.17276623804813723
3,138877750,stingseq_hits,42998,2,1,3,alphagenome,0.9980525970458984,0.018192093506906974
3,138877750,stingseq_hits,42998,2,1,3,borzoi,4.198145866394043,0.030581681536827318
3,138877750,stingseq_hits,42998,2,1,3,borzoi_prime,1.0140076875686646,0.006330317966169471
3,138877750,stingseq_hits,42998,2,1,3,enformer,2.22385835647583,0.018524908076203148
3,138877750,stingseq_hits,42998,2,1,3,chrombpnet,0.00974544118,0.003600117529165467
3,138877750,stingseq_hits,42998,2,1,3,gpn_msa,1.18,0.19254863171777123
13,41007530,stingseq_hits,11784,2,7,1,alphagenome,3.3244800567626953,0.15448633541466042
13,41007530,stingseq_hits,11784,2,7,1,borzoi,21.491025924682617,0.25895690132448435
13,41007530,stingseq_hits,11784,2,7,1,borzoi_prime,6.081784248352051,0.08428764699948085
13,41007530,stingseq_hits,11784,2,7,1,enformer,14.032492637634277,0.25363936674498644
13,41007530,stingseq_hits,11784,2,7,1,chrombpnet,0.1154665716,0.14121359065722183
13,41007530,stingseq_hits,11784,2,7,1,gpn_msa,0.24,0.03758654797230466
20,59022590,stingseq_hits,9792,1,1,3,alphagenome,0.8094563484191895,0.0071431426247880936
20,59022590,stingseq_hits,9792,1,1,3,borzoi,7.120182037353516,0.0691710113951873
20,59022590,stingseq_hits,9792,1,1,3,borzoi_prime,2.2562897205352783,0.025440274380897198
20,59022590,stingseq_hits,9792,1,1,3,enformer,2.364243507385254,0.021320030524348492
20,59022590,stingseq_hits,9792,1,1,3,chrombpnet,0.0647073988,0.07514216260527827
20,59022590,stingseq_hits,9792,1,1,3,gpn_msa,3.43,0.5634685130234094
17,60524770,stingseq_hits,1449,1,1,3,alphagenome,2.159789562225342,0.08625269789154631
17,60524770,stingseq_hits,1449,1,1,3,borzoi,18.45016098022461,0.21879828126267914
17,60524770,stingseq_hits,1449,1,1,3,borzoi_prime,14.491092681884766,0.21364757765794135
17,60524770,stingseq_hits,1449,1,1,3,enformer,12.564274787902832,0.22440658361965546
17,60524770,stingseq_hits,1449,1,1,3,chrombpnet,0.0797400086,0.0947095814981575
17,60524770,stingseq_hits,1449,1,1,3,gpn_msa,2.06,0.3376195186284208
10,95294018,stingseq_hits,2994,1,1,3,alphagenome,1.2181713581085205,0.031087797408354257
10,95294018,stingseq_hits,2994,1,1,3,borzoi,7.913007736206055,0.0796413172446729
10,95294018,stingseq_hits,2994,1,1,3,borzoi_prime,3.180877447128296,0.03966315669578584
10,95294018,stingseq_hits,2994,1,1,3,enformer,4.002908229827881,0.053946476562351645
10,95294018,stingseq_hits,2994,1,1,3,chrombpnet,0.04419730013999999,0.04844488932046908
10,95294018,stingseq_hits,2994,1,1,3,gpn_msa,1.53,0.25024727992087054
11,238058,stingseq_hits,1020,1,1,3,alphagenome,1.1190789937973022,0.025282450408930297
11,238058,stingseq_hits,1020,1,1,3,borzoi,8.318694114685059,0.08499893931443299
11,238058,stingseq_hits,1020,1,1,3,borzoi_prime,2.3039042949676514,0.0261727267692937
11,238058,stingseq_hits,1020,1,1,3,enformer,5.690330505371094,0.08754370426996327
11,238058,stingseq_hits,1020,1,1,3,chrombpnet,0.02886628228,0.028489043162549604
11,238058,stingseq_hits,1020,1,1,3,gpn_msa,1.46,0.23870755028025065
11,64239437,stingseq_hits,4899,1,1,3,alphagenome,1.2498443126678467,0.03294336411111644
11,64239437,stingseq_hits,4899,1,1,3,borzoi,10.271727561950684,0.11079131405296884
11,64239437,stingseq_hits,4899,1,1,3,borzoi_prime,7.719144821166992,0.109475074935604
11,64239437,stingseq_hits,4899,1,1,3,enformer,6.296603202819824,0.09961482728659865
11,64239437,stingseq_hits,4899,1,1,3,chrombpnet,0.010265884079999999,0.0042775597277998545
11,64239437,stingseq_hits,4899,1,1,3,gpn_msa,0.42,0.0672601384767557
1,198650557,stingseq_hits,11461,2,3,2,alphagenome,1.6563082933425903,0.05675614188653686
1,198650557,stingseq_hits,11461,2,3,2,borzoi,4.804533958435059,0.03858983363929384
1,198650557,stingseq_hits,11461,2,3,2,borzoi_prime,2.6393795013427734,0.03133332347915746
1,198650557,stingseq_hits,11461,2,3,2,enformer,3.0553746223449707,0.03508071733147395
1,198650557,stingseq_hits,11461,2,3,2,chrombpnet,0.05535557919999999,0.06296922830056172
1,198650557,stingseq_hits,11461,2,3,2,gpn_msa,1.3,0.21233102538740528
9,132999365,stingseq_hits,20654,2,7,1,alphagenome,5.760191917419434,0.2971830269308214
9,132999365,stingseq_hits,20654,2,7,1,borzoi,27.18855857849121,0.334200311772892
9,132999365,stingseq_hits,20654,2,7,1,borzoi_prime,13.719829559326172,0.20178327932209184
9,132999365,stingseq_hits,20654,2,7,1,enformer,10.712753295898438,0.18754207728120312
9,132999365,stingseq_hits,20654,2,7,1,chrombpnet,0.1937102744,0.24306066370621074
9,132999365,stingseq_hits,20654,2,7,1,gpn_msa,2.9,0.47609627431585905
16,143225,stingseq_hits,9462,1,7,1,alphagenome,11.738992691040039,0.6474523274218446
16,143225,stingseq_hits,9462,1,7,1,borzoi,51.123294830322266,0.6502899760536308
16,143225,stingseq_hits,9462,1,7,1,borzoi_prime,69.58518981933594,1.0
16,143225,stingseq_hits,9462,1,7,1,enformer,28.88209342956543,0.5493006403956698
16,143225,stingseq_hits,9462,1,7,1,chrombpnet,0.53070446,0.681714129859499
16,143225,stingseq_hits,9462,1,7,1,gpn_msa,0.5,0.0804484009231784
11,2303117,stingseq_hits,32165,2,1,3,alphagenome,4.122331619262695,0.2012286369687745
11,2303117,stingseq_hits,32165,2,1,3,borzoi,11.24326229095459,0.12362170763227683
11,2303117,stingseq_hits,32165,2,1,3,borzoi_prime,7.248590469360352,0.10223656313622502
11,2303117,stingseq_hits,32165,2,1,3,enformer,7.656320095062256,0.12668731454047757
11,2303117,stingseq_hits,32165,2,1,3,chrombpnet,0.0194359688,0.016213936137931324
11,2303117,stingseq_hits,32165,2,1,3,gpn_msa,1.43,0.23376195186284213
9,133004155,stingseq_hits,25444,2,3,2,alphagenome,1.6476008892059326,0.05624601678427613
9,133004155,stingseq_hits,25444,2,3,2,borzoi,4.938673973083496,0.040361328915060425
9,133004155,stingseq_hits,25444,2,3,2,borzoi_prime,2.2607614994049072,0.025509063510118394
9,133004155,stingseq_hits,25444,2,3,2,enformer,3.869337320327759,0.051287028286345133
9,133004155,stingseq_hits,25444,2,3,2,chrombpnet,0.015468992140000002,0.011050262293054775
9,133004155,stingseq_hits,25444,2,3,2,gpn_msa,2.31,0.3788328387734917
22,19706810,stingseq_hits,499149,3,1,3,alphagenome,1.1117832660675049,0.0248550286658001
22,19706810,stingseq_hits,499149,3,1,3,borzoi,6.459280490875244,0.060442937446473693
22,19706810,stingseq_hits,499149,3,1,3,borzoi_prime,1.1010419130325317,0.007669160685509345
22,19706810,stingseq_hits,499149,3,1,3,enformer,4.603050231933594,0.0658955350724135
22,19706810,stingseq_hits,499149,3,1,3,chrombpnet,0.11258303,0.1374601860832374
22,19706810,stingseq_hits,499149,3,1,3,gpn_msa,0.31,0.04912627761292451
20,56413821,stingseq_hits,1563,1,1,3,alphagenome,0.6819122433662415,0.0
20,56413821,stingseq_hits,1563,1,1,3,borzoi,6.481829643249512,0.06074072865373015
20,56413821,stingseq_hits,1563,1,1,3,borzoi_prime,1.8257356882095337,0.018817085303388117
20,56413821,stingseq_hits,1563,1,1,3,enformer,3.4529519081115723,0.04299663428650802
20,56413821,stingseq_hits,1563,1,1,3,chrombpnet,0.161675513,0.20136214270507105
20,56413821,stingseq_hits,1563,1,1,3,gpn_msa,2.89,0.4744477415100562
1,159922298,stingseq_hits,3434,1,7,1,alphagenome,11.426777839660645,0.6291611547040514
1,159922298,stingseq_hits,3434,1,7,1,borzoi,56.73114776611328,0.7243490479046663
1,159922298,stingseq_hits,3434,1,7,1,borzoi_prime,34.89972686767578,0.5275924785941928
1,159922298,stingseq_hits,3434,1,7,1,enformer,35.21760940551758,0.6754432046928925
1,159922298,stingseq_hits,3434,1,7,1,chrombpnet,0.5814579820000001,0.7477782024640418
1,159922298,stingseq_hits,3434,1,7,1,gpn_msa,2.17,0.355753379492252
1,116408144,stingseq_hits,24774,2,1,3,alphagenome,0.7578694820404053,0.004120915210764676
1,116408144,stingseq_hits,24774,2,1,3,borzoi,3.7657768726348877,0.024871680446998015
1,116408144,stingseq_hits,24774,2,1,3,borzoi_prime,1.2589985132217407,0.010098998407484577
1,116408144,stingseq_hits,24774,2,1,3,enformer,2.2059326171875,0.018167999699784193
1,116408144,stingseq_hits,24774,2,1,3,chrombpnet,0.059358570799999996,0.06817978152478477
1,116408144,stingseq_hits,24774,2,1,3,gpn_msa,0.14,0.0211012199142763
12,54292096,stingseq_hits,9025,1,3,2,alphagenome,27.844886779785156,1.0
12,54292096,stingseq_hits,9025,1,3,2,borzoi,36.40053939819336,0.4558566314424893
12,54292096,stingseq_hits,9025,1,3,2,borzoi_prime,90.60491943359375,1.0
12,54292096,stingseq_hits,9025,1,3,2,enformer,1.9749819040298462,0.013569682010339727
12,54292096,stingseq_hits,9025,1,3,2,chrombpnet,0.0745076702,0.08789883082849685
12,54292096,stingseq_hits,9025,1,3,2,gpn_msa,4.86,0.799208704253215
2,62296430,stingseq_hits,100317,3,3,2,alphagenome,41.57658386230469,1.0
2,62296430,stingseq_hits,100317,3,3,2,borzoi,17.275480270385742,0.20328507788732872
2,62296430,stingseq_hits,100317,3,3,2,borzoi_prime,15.11396312713623,0.22322915957324338
2,62296430,stingseq_hits,100317,3,3,2,enformer,36.8831901550293,0.7086055592011886
2,62296430,stingseq_hits,100317,3,3,2,chrombpnet,0.0668524222,0.07793426404084058
2,62296430,stingseq_hits,100317,3,3,2,gpn_msa,1.96,0.32113419057039244
13,113220766,stingseq_hits,11994,2,3,2,alphagenome,1.0922355651855469,0.02370982249931584
13,113220766,stingseq_hits,11994,2,3,2,borzoi,3.792020320892334,0.02521825968906635
13,113220766,stingseq_hits,11994,2,3,2,borzoi_prime,2.843994379043579,0.03448090292641839
13,113220766,stingseq_hits,11994,2,3,2,enformer,1.8916027545928955,0.011909571017198774
13,113220766,stingseq_hits,11994,2,3,2,chrombpnet,0.0325042708,0.033224484728945194
13,113220766,stingseq_hits,11994,2,3,2,gpn_msa,0.43,0.06890867128255854
19,14418270,stingseq_hits,1097,1,7,1,alphagenome,13.898874282836914,0.773989444637742
19,14418270,stingseq_hits,1097,1,7,1,borzoi,44.13954544067383,0.558060382346455
19,14418270,stingseq_hits,1097,1,7,1,borzoi_prime,32.78602981567383,0.4950775927101582
19,14418270,stingseq_hits,1097,1,7,1,enformer,22.00336456298828,0.4123424981340263
19,14418270,stingseq_hits,1097,1,7,1,chrombpnet,0.17787439,0.22244765054904017
19,14418270,stingseq_hits,1097,1,7,1,gpn_msa,0.18,0.027695351137487643
9,127919617,stingseq_hits,18201,2,3,2,alphagenome,5.022037029266357,0.25393806759580173
9,127919617,stingseq_hits,18201,2,3,2,borzoi,29.605215072631836,0.3661154384689858
9,127919617,stingseq_hits,18201,2,3,2,borzoi_prime,16.766956329345703,0.24865706339040594
9,127919617,stingseq_hits,18201,2,3,2,enformer,24.974422454833984,0.4714974055757352
9,127919617,stingseq_hits,18201,2,3,2,chrombpnet,0.098664973,0.11934354132778249
9,127919617,stingseq_hits,18201,2,3,2,gpn_msa,1.97,0.3227827233761953
1,219906322,stingseq_hits,22329,2,1,3,alphagenome,0.6907483339309692,0.00018860863514195476
1,219906322,stingseq_hits,22329,2,1,3,borzoi,5.779626369476318,0.05146721108794439
1,219906322,stingseq_hits,22329,2,1,3,borzoi_prime,1.0214908123016357,0.006445430463732972
1,219906322,stingseq_hits,22329,2,1,3,enformer,4.268075942993164,0.05922606790652347
1,219906322,stingseq_hits,22329,2,1,3,chrombpnet,0.032724308800000004,0.03351090044621815
1,219906322,stingseq_hits,22329,2,1,3,gpn_msa,1.49,0.24365314869765917
12,54342686,stingseq_hits,17559,2,1,3,alphagenome,1.037214994430542,0.020486430792403056
12,54342686,stingseq_hits,17559,2,1,3,borzoi,3.029717206954956,0.01515104470790298
12,54342686,stingseq_hits,17559,2,1,3,borzoi_prime,1.2626374959945679,0.010154976680000203
12,54342686,stingseq_hits,17559,2,1,3,enformer,1.6790807247161865,0.007678175512861792
12,54342686,stingseq_hits,17559,2,1,3,chrombpnet,0.03472619608000001,0.03611668663406204
12,54342686,stingseq_hits,17559,2,1,3,gpn_msa,0.07,0.009561490273656449
7,50360284,stingseq_hits,83604,3,3,2,alphagenome,3.4445295333862305,0.16151945924557456
7,50360284,stingseq_hits,83604,3,3,2,borzoi,9.674996376037598,0.10291069409390476
7,50360284,stingseq_hits,83604,3,3,2,borzoi_prime,8.604781150817871,0.12309877004653748
7,50360284,stingseq_hits,83604,3,3,2,enformer,4.326040267944336,0.060380159951252226
7,50360284,stingseq_hits,83604,3,3,2,chrombpnet,0.0216231136,0.019060865516819514
7,50360284,stingseq_hits,83604,3,3,2,gpn_msa,3.85,0.6327068908671285
9,97990841,stingseq_hits,7480,1,1,3,alphagenome,0.9063785076141357,0.012821347701144046
9,97990841,stingseq_hits,7480,1,1,3,borzoi,7.897146224975586,0.07943184513238084
9,97990841,stingseq_hits,7480,1,1,3,borzoi_prime,2.6477339267730713,0.031461839147585685
9,97990841,stingseq_hits,7480,1,1,3,enformer,6.493374347686768,0.1035326166012229
9,97990841,stingseq_hits,7480,1,1,3,chrombpnet,0.014422936099999997,0.009688647976417183
9,97990841,stingseq_hits,7480,1,1,3,gpn_msa,0.15,0.022749752720079133
13,27426370,stingseq_hits,1826,1,3,2,alphagenome,2.9822587966918945,0.13443723093420354
13,27426370,stingseq_hits,1826,1,3,2,borzoi,12.193343162536621,0.13616877481439135
13,27426370,stingseq_hits,1826,1,3,2,borzoi_prime,9.42996597290039,0.13579254293032803
13,27426370,stingseq_hits,1826,1,3,2,enformer,10.589784622192383,0.1850937236051351
13,27426370,stingseq_hits,1826,1,3,2,chrombpnet,0.057904827000000006,0.0662874944052504
13,27426370,stingseq_hits,1826,1,3,2,gpn_msa,1.3,0.21233102538740528
14,103098483,stingseq_hits,9139,1,3,2,alphagenome,1.110325813293457,0.024769643488572444
14,103098483,stingseq_hits,9139,1,3,2,borzoi,5.914793491363525,0.053252270665354706
14,103098483,stingseq_hits,9139,1,3,2,borzoi_prime,3.340178966522217,0.04211368323616248
14,103098483,stingseq_hits,9139,1,3,2,enformer,1.8406400680541992,0.010894884291150297
14,103098483,stingseq_hits,9139,1,3,2,chrombpnet,0.0494381286,0.055266691202304874
14,103098483,stingseq_hits,9139,1,3,2,gpn_msa,1.4,0.22881635344543363
6,42229969,stingseq_hits,12104,2,5,2,alphagenome,2.79943585395813,0.12372651039178166
6,42229969,stingseq_hits,12104,2,5,2,borzoi,8.264791488647461,0.08428708426038906
6,42229969,stingseq_hits,12104,2,5,2,borzoi_prime,4.790402412414551,0.06442239100716471
6,42229969,stingseq_hits,12104,2,5,2,enformer,11.715553283691406,0.20750821143942658
6,42229969,stingseq_hits,12104,2,5,2,chrombpnet,0.1929444212,0.24206377956072778
6,42229969,stingseq_hits,12104,2,5,2,gpn_msa,1.21,0.19749423013517975
20,47360928,stingseq_hits,4222,1,7,1,alphagenome,2.6899309158325195,0.11731114056597915
20,47360928,stingseq_hits,4222,1,7,1,borzoi,22.3533992767334,0.27034567538350635
20,47360928,stingseq_hits,4222,1,7,1,borzoi_prime,11.628710746765137,0.16961571325770158
20,47360928,stingseq_hits,4222,1,7,1,enformer,10.533116340637207,0.18396543628381512
20,47360928,stingseq_hits,4222,1,7,1,chrombpnet,0.156990762,0.19526416727396298
20,47360928,stingseq_hits,4222,1,7,1,gpn_msa,0.23,0.03593801516650182
11,64239435,stingseq_hits,4897,1,1,3,alphagenome,1.2861239910125732,0.035068816695506745
11,64239435,stingseq_hits,4897,1,1,3,borzoi,17.120285034179688,0.20123552072512732
11,64239435,stingseq_hits,4897,1,1,3,borzoi_prime,18.53436279296875,0.2758449801360812
11,64239435,stingseq_hits,4897,1,1,3,enformer,11.45971393585205,0.20241435144332182
11,64239435,stingseq_hits,4897,1,1,3,chrombpnet,0.051326415,0.057724607124430845
11,64239435,stingseq_hits,4897,1,1,3,gpn_msa,1.84,0.3013517969007584
20,56415068,stingseq_hits,2810,1,3,2,alphagenome,1.2172433137893677,0.031033427736775875
20,56415068,stingseq_hits,2810,1,3,2,borzoi,3.852776527404785,0.026020625285136906
20,56415068,stingseq_hits,2810,1,3,2,borzoi_prime,2.2563092708587646,0.025440575122451695
20,56415068,stingseq_hits,2810,1,3,2,enformer,3.2340853214263916,0.038638916211414714
20,56415068,stingseq_hits,2810,1,3,2,chrombpnet,0.0337607198,0.03485996015388034
20,56415068,stingseq_hits,2810,1,3,2,gpn_msa,2.51,0.41180349488954837
3,196195699,stingseq_hits,3211,1,1,3,alphagenome,1.2138913869857788,0.030837054400174597
3,196195699,stingseq_hits,3211,1,1,3,borzoi,3.3882975578308105,0.019886569742875837
3,196195699,stingseq_hits,3211,1,1,3,borzoi_prime,1.650101900100708,0.016115320368659012
3,196195699,stingseq_hits,3211,1,1,3,enformer,2.60310697555542,0.02607589421505357
3,196195699,stingseq_hits,3211,1,1,3,chrombpnet,0.02103645888,0.01829723772334584
3,196195699,stingseq_hits,3211,1,1,3,gpn_msa,1.5,0.245301681503462
6,44104989,stingseq_hits,22468,2,1,3,alphagenome,3.6086132526397705,0.17113233844009212
6,44104989,stingseq_hits,22468,2,1,3,borzoi,17.88053321838379,0.2112755976571107
6,44104989,stingseq_hits,22468,2,1,3,borzoi_prime,15.328681945800781,0.22653216739048004
6,44104989,stingseq_hits,22468,2,1,3,enformer,8.145547866821289,0.1364280279866032
6,44104989,stingseq_hits,22468,2,1,3,chrombpnet,0.011596557379999999,0.006009650310678546
6,44104989,stingseq_hits,22468,2,1,3,gpn_msa,4.72,0.7761292449719752
1,26321543,stingseq_hits,3586,1,3,2,alphagenome,1.2212108373641968,0.031265865939662414
1,26321543,stingseq_hits,3586,1,3,2,borzoi,9.768138885498047,0.1041407634055466
1,26321543,stingseq_hits,3586,1,3,2,borzoi_prime,4.504214286804199,0.06001997475892665
1,26321543,stingseq_hits,3586,1,3,2,enformer,7.071363925933838,0.11504061181643477
1,26321543,stingseq_hits,3586,1,3,2,chrombpnet,0.034383914019999996,0.03567115012798325
1,26321543,stingseq_hits,3586,1,3,2,gpn_msa,2.02,0.3310253874052095
13,95247462,stingseq_hits,53967,3,3,2,alphagenome,5.940154075622559,0.30772614780997576
13,95247462,stingseq_hits,53967,3,3,2,borzoi,22.14991569519043,0.2676584071261994
13,95247462,stingseq_hits,53967,3,3,2,borzoi_prime,17.807573318481445,0.26466481749059234
13,95247462,stingseq_hits,53967,3,3,2,enformer,9.742386817932129,0.16822170680098525
13,95247462,stingseq_hits,53967,3,3,2,chrombpnet,0.08688762679999999,0.1040133844483124
13,95247462,stingseq_hits,53967,3,3,2,gpn_msa,0.62,0.10023079459281242
16,88774054,stingseq_hits,11157,2,7,1,alphagenome,2.7331631183624268,0.11984390824167253
16,88774054,stingseq_hits,11157,2,7,1,borzoi,14.807393074035645,0.17069074114170402
16,88774054,stingseq_hits,11157,2,7,1,borzoi_prime,7.667896747589111,0.10868672862903034
16,88774054,stingseq_hits,11157,2,7,1,enformer,8.889800071716309,0.15124637616308467
16,88774054,stingseq_hits,11157,2,7,1,chrombpnet,0.1774386376,0.22188044699238446
16,88774054,stingseq_hits,11157,2,7,1,gpn_msa,2.46,0.40356083086053424
3,196194440,stingseq_hits,4470,1,1,3,alphagenome,2.230523109436035,0.09039663762809899
3,196194440,stingseq_hits,4470,1,1,3,borzoi,3.888047218322754,0.026486421136568423
3,196194440,stingseq_hits,4470,1,1,3,borzoi_prime,3.1683361530303955,0.03947023465615621
3,196194440,stingseq_hits,4470,1,1,3,enformer,3.302220106124878,0.03999550602861813
3,196194440,stingseq_hits,4470,1,1,3,chrombpnet,0.01695199672,0.012980637139671122
3,196194440,stingseq_hits,4470,1,1,3,gpn_msa,0.29,0.045829212001318835
8,27362470,stingseq_hits,36991,2,3,2,alphagenome,2.1578805446624756,0.08614085769621475
8,27362470,stingseq_hits,36991,2,3,2,borzoi,9.402275085449219,0.09930905084714887
8,27362470,stingseq_hits,36991,2,3,2,borzoi_prime,5.8770856857299805,0.08113878023166347
8,27362470,stingseq_hits,36991,2,3,2,enformer,4.311685562133789,0.060094352227375004
8,27362470,stingseq_hits,36991,2,3,2,chrombpnet,0.032405233299999996,0.033095571102210626
8,27362470,stingseq_hits,36991,2,3,2,gpn_msa,1.22,0.19914276294098257
17,7237821,stingseq_hits,1685,1,7,1,alphagenome,7.013899803161621,0.3706317670354472
17,7237821,stingseq_hits,1685,1,7,1,borzoi,32.8278923034668,0.40867512883958157
17,7237821,stingseq_hits,1685,1,7,1,borzoi_prime,34.63789367675781,0.5235647129712587
17,7237821,stingseq_hits,1685,1,7,1,enformer,25.164636611938477,0.47528464273745497
17,7237821,stingseq_hits,1685,1,7,1,chrombpnet,0.1579890324,0.19656358070549915
17,7237821,stingseq_hits,1685,1,7,1,gpn_msa,5.32,0.8750412133201455
8,23494246,stingseq_hits,48,1,3,2,alphagenome,2.8614656925201416,0.12736054152701373
8,23494246,stingseq_hits,48,1,3,2,borzoi,13.424199104309082,0.15242384599291942
8,23494246,stingseq_hits,48,1,3,2,borzoi_prime,6.698309421539307,0.09377161994244908
8,23494246,stingseq_hits,48,1,3,2,enformer,5.928972244262695,0.09229515324529489
8,23494246,stingseq_hits,48,1,3,2,chrombpnet,0.03194360004,0.032494679341333196
8,23494246,stingseq_hits,48,1,3,2,gpn_msa,1.51,0.24695021430926484
3,28243953,stingseq_hits,2335,1,1,3,alphagenome,4.600838661193848,0.22926207263646867
3,28243953,stingseq_hits,2335,1,1,3,borzoi,21.24398422241211,0.25569439080786843
3,28243953,stingseq_hits,2335,1,1,3,borzoi_prime,7.689560890197754,0.10901998694721188
3,28243953,stingseq_hits,2335,1,1,3,enformer,13.65483283996582,0.2461200146526401
3,28243953,stingseq_hits,2335,1,1,3,chrombpnet,0.10048580120000002,0.12171364928610703
3,28243953,stingseq_hits,2335,1,1,3,gpn_msa,1.56,0.25519287833827903
17,58332680,stingseq_hits,172,1,3,2,alphagenome,3.1514503955841064,0.14434935633139168
17,58332680,stingseq_hits,172,1,3,2,borzoi,17.582731246948242,0.2073427310408762
17,58332680,stingseq_hits,172,1,3,2,borzoi_prime,15.307275772094727,0.2262028773937859
17,58332680,stingseq_hits,172,1,3,2,enformer,7.930291652679443,0.132142193820005
17,58332680,stingseq_hits,172,1,3,2,chrombpnet,0.0608739946,0.07015235532862546
17,58332680,stingseq_hits,172,1,3,2,gpn_msa,1.42,0.2321134190570393
14,68726568,stingseq_hits,66672,3,1,3,alphagenome,0.9649202823638916,0.016251029884496428
14,68726568,stingseq_hits,66672,3,1,3,borzoi,2.470731496810913,0.007768903388353496
14,68726568,stingseq_hits,66672,3,1,3,borzoi_prime,0.6053226590156555,4.353857489926739e-05
14,68726568,stingseq_hits,66672,3,1,3,enformer,1.3245728015899658,0.0006197861635864876
14,68726568,stingseq_hits,66672,3,1,3,chrombpnet,0.01389162578,0.00899706003980024
14,68726568,stingseq_hits,66672,3,1,3,gpn_msa,1.46,0.23870755028025065
1,198641406,stingseq_hits,2311,1,1,3,alphagenome,1.6858596801757812,0.05848741609795922
1,198641406,stingseq_hits,2311,1,1,3,borzoi,6.881501197814941,0.0660189170647465
1,198641406,stingseq_hits,2311,1,1,3,borzoi_prime,2.4510772228240967,0.028436679850904534
1,198641406,stingseq_hits,2311,1,1,3,enformer,3.397887945175171,0.0419002895670677
1,198641406,stingseq_hits,2311,1,1,3,chrombpnet,0.061492146000000004,0.07095698124148722
1,198641406,stingseq_hits,2311,1,1,3,gpn_msa,1.61,0.2634355423672932
17,78257915,stingseq_hits,102162,3,3,2,alphagenome,7.909209728240967,0.4230836872539403
17,78257915,stingseq_hits,102162,3,3,2,borzoi,40.12667465209961,0.5050651470108088
17,78257915,stingseq_hits,102162,3,3,2,borzoi_prime,19.238140106201172,0.28667114796644794
17,78257915,stingseq_hits,102162,3,3,2,enformer,23.105375289916992,0.43428395633655925
17,78257915,stingseq_hits,102162,3,3,2,chrombpnet,0.028558658999999997,0.0280886207700944
17,78257915,stingseq_hits,102162,3,3,2,gpn_msa,1.25,0.2040883613583911
11,2299328,stingseq_hits,28376,2,2,3,alphagenome,4.83245849609375,0.24283156936701542
11,2299328,stingseq_hits,28376,2,2,3,borzoi,19.7963924407959,0.23657703787561626
11,2299328,stingseq_hits,28376,2,2,3,borzoi_prime,22.48377799987793,0.3365986177681612
11,2299328,stingseq_hits,28376,2,2,3,enformer,10.996309280395508,0.19318778619300306
11,2299328,stingseq_hits,28376,2,2,3,chrombpnet,0.145464594,0.18026096021368926
11,2299328,stingseq_hits,28376,2,2,3,gpn_msa,0.28,0.04418067919551601
16,87854513,stingseq_hits,14975,2,3,2,alphagenome,1.8170156478881836,0.06617121604468772
16,87854513,stingseq_hits,14975,2,3,2,borzoi,7.436466217041016,0.0733479598738689
16,87854513,stingseq_hits,14975,2,3,2,borzoi_prime,4.27979850769043,0.056567799130659666
16,87854513,stingseq_hits,14975,2,3,2,enformer,5.701033592224121,0.08775680685334582
16,87854513,stingseq_hits,14975,2,3,2,chrombpnet,0.036941373900000005,0.039000105608068464
16,87854513,stingseq_hits,14975,2,3,2,gpn_msa,1.43,0.23376195186284213
2,96214409,stingseq_nonhits,-1,1,1,3,alphagenome,0.9024789333343506,0.012592890321995422
2,96214409,stingseq_nonhits,-1,1,1,3,borzoi,7.069687843322754,0.06850416916758227
2,96214409,stingseq_nonhits,-1,1,1,3,borzoi_prime,2.157742977142334,0.0239243352293381
2,96214409,stingseq_nonhits,-1,1,1,3,enformer,4.3056111335754395,0.05997340801416507
2,96214409,stingseq_nonhits,-1,1,1,3,chrombpnet,0.0168917134,0.012902168464545031
2,96214409,stingseq_nonhits,-1,1,1,3,gpn_msa,0.01,0.0
3,172066946,stingseq_nonhits,-1,1,1,3,alphagenome,1.1030595302581787,0.024343946769062014
3,172066946,stingseq_nonhits,-1,1,1,3,borzoi,5.3062968254089355,0.04521627207177
3,172066946,stingseq_nonhits,-1,1,1,3,borzoi_prime,1.9588053226470947,0.02086408819543903
3,172066946,stingseq_nonhits,-1,1,1,3,enformer,2.6706905364990234,0.027421508954898425
3,172066946,stingseq_nonhits,-1,1,1,3,chrombpnet,0.04559767260000001,0.050267704845879176
3,172066946,stingseq_nonhits,-1,1,1,3,gpn_msa,1.76,0.28816353445433573
6,139518307,stingseq_nonhits,-1,1,3,2,alphagenome,1.0783073902130127,0.022893837439858546
6,139518307,stingseq_nonhits,-1,1,3,2,borzoi,5.661701202392578,0.049909854195369564
6,139518307,stingseq_nonhits,-1,1,3,2,borzoi_prime,1.3699955940246582,0.01180646041692891
6,139518307,stingseq_nonhits,-1,1,3,2,enformer,2.869951009750366,0.03138886175684997
6,139518307,stingseq_nonhits,-1,1,3,2,chrombpnet,0.0789324534,0.09365841532756199
6,139518307,stingseq_nonhits,-1,1,3,2,gpn_msa,0.58,0.09363666336960108
11,65586968,stingseq_nonhits,-1,1,1,3,alphagenome,1.8490326404571533,0.06804693828658609
11,65586968,stingseq_nonhits,-1,1,1,3,borzoi,11.590466499328613,0.1282069957468851
11,65586968,stingseq_nonhits,-1,1,1,3,borzoi_prime,4.54928731918335,0.06071333074523859
11,65586968,stingseq_nonhits,-1,1,1,3,enformer,7.057445526123047,0.11476349111313115
11,65586968,stingseq_nonhits,-1,1,1,3,chrombpnet,0.06675663420000001,0.07780958017384426
11,65586968,stingseq_nonhits,-1,1,1,3,gpn_msa,1.38,0.22551928783382794
3,24301839,stingseq_nonhits,-1,1,5,2,alphagenome,0.7347154021263123,0.002764428570365834
3,24301839,stingseq_nonhits,-1,1,5,2,borzoi,4.61115026473999,0.03603594768148358
3,24301839,stingseq_nonhits,-1,1,5,2,borzoi_prime,1.8189387321472168,0.01871252810087146
3,24301839,stingseq_nonhits,-1,1,5,2,enformer,2.877016544342041,0.031529539273078735
3,24301839,stingseq_nonhits,-1,1,5,2,chrombpnet,0.09628177079999999,0.11624141093430738
3,24301839,stingseq_nonhits,-1,1,5,2,gpn_msa,0.37,0.059017474447741525
4,54540932,stingseq_nonhits,-1,1,3,2,alphagenome,1.1599900722503662,0.027679234542516716
4,54540932,stingseq_nonhits,-1,1,3,2,borzoi,3.7276906967163086,0.024368702414018024
4,54540932,stingseq_nonhits,-1,1,3,2,borzoi_prime,1.051210880279541,0.006902612640266776
4,54540932,stingseq_nonhits,-1,1,3,2,enformer,3.0407605171203613,0.03478974486531035
4,54540932,stingseq_nonhits,-1,1,3,2,chrombpnet,0.01455221838,0.00985693016838804
4,54540932,stingseq_nonhits,-1,1,3,2,gpn_msa,0.77,0.12495878667985497
1,12600408,stingseq_nonhits,-1,1,1,3,alphagenome,2.3986761569976807,0.10024791927720865
1,12600408,stingseq_nonhits,-1,1,1,3,borzoi,13.220497131347656,0.1497336935897662
1,12600408,stingseq_nonhits,-1,1,1,3,borzoi_prime,5.886470317840576,0.0812831435129817
1,12600408,stingseq_nonhits,-1,1,1,3,enformer,5.752117156982422,0.0887739003113237
1,12600408,stingseq_nonhits,-1,1,1,3,chrombpnet,0.02197718046,0.019521741882126784
1,12600408,stingseq_nonhits,-1,1,1,3,gpn_msa,1.44,0.23541048466864498
7,140175430,stingseq_nonhits,-1,1,7,1,alphagenome,4.990630626678467,0.2520981168963342
7,140175430,stingseq_nonhits,-1,1,7,1,borzoi,12.836804389953613,0.14466652641741348
7,140175430,stingseq_nonhits,-1,1,7,1,borzoi_prime,12.086919784545898,0.17666431776815578
7,140175430,stingseq_nonhits,-1,1,7,1,enformer,8.470399856567383,0.14289595627518573
7,140175430,stingseq_nonhits,-1,1,7,1,chrombpnet,0.0625508854,0.07233510504126786
7,140175430,stingseq_nonhits,-1,1,7,1,gpn_msa,6.9,1.0
6,135207584,stingseq_nonhits,-1,1,1,3,alphagenome,0.7736669778823853,0.005046414826422433
6,135207584,stingseq_nonhits,-1,1,1,3,borzoi,7.311288356781006,0.07169482163124712
6,135207584,stingseq_nonhits,-1,1,1,3,borzoi_prime,1.5171267986297607,0.014069771672051489
6,135207584,stingseq_nonhits,-1,1,1,3,enformer,3.757598638534546,0.04906226807642885
6,135207584,stingseq_nonhits,-1,1,1,3,chrombpnet,0.015073445599999999,0.010535393288751272
6,135207584,stingseq_nonhits,-1,1,1,3,gpn_msa,0.61,0.09858226178700959
4,144114635,stingseq_nonhits,-1,1,1,3,alphagenome,1.4057685136795044,0.04207821621372318
4,144114635,stingseq_nonhits,-1,1,1,3,borzoi,9.651461601257324,0.10259988644677012
4,144114635,stingseq_nonhits,-1,1,1,3,borzoi_prime,3.5017709732055664,0.04459944421695434
4,144114635,stingseq_nonhits,-1,1,1,3,enformer,3.127540349960327,0.03651756477536471
4,144114635,stingseq_nonhits,-1,1,1,3,chrombpnet,0.009491236827999999,0.0032692286744586186
4,144114635,stingseq_nonhits,-1,1,1,3,gpn_msa,1.18,0.19254863171777123
6,136761810,stingseq_nonhits,-1,1,7,1,alphagenome,7.17525053024292,0.380084533308885
6,136761810,stingseq_nonhits,-1,1,7,1,borzoi,53.31736755371094,0.6792655913788423
6,136761810,stingseq_nonhits,-1,1,7,1,borzoi_prime,28.633480072021484,0.43119914763462064
6,136761810,stingseq_nonhits,-1,1,7,1,enformer,27.859373092651367,0.5289378844106893
6,136761810,stingseq_nonhits,-1,1,7,1,chrombpnet,0.1292289378,0.15912757818004053
6,136761810,stingseq_nonhits,-1,1,7,1,gpn_msa,1.31,0.21397955819320813
6,137868747,stingseq_nonhits,-1,1,1,3,alphagenome,0.9858262538909912,0.017475810622331247
6,137868747,stingseq_nonhits,-1,1,1,3,borzoi,7.545672416687012,0.07479017133675216
6,137868747,stingseq_nonhits,-1,1,1,3,borzoi_prime,3.690453052520752,0.04750193030004035
6,137868747,stingseq_nonhits,-1,1,1,3,enformer,4.065081596374512,0.05518437224708386
6,137868747,stingseq_nonhits,-1,1,1,3,chrombpnet,0.1249176742,0.1535157581473791
6,137868747,stingseq_nonhits,-1,1,1,3,gpn_msa,1.45,0.2370590174744478
14,99232594,stingseq_nonhits,-1,1,2,3,alphagenome,1.1223335266113281,0.025473117898173896
14,99232594,stingseq_nonhits,-1,1,2,3,borzoi,6.268466949462891,0.057922993729081135
14,99232594,stingseq_nonhits,-1,1,2,3,borzoi_prime,3.1566364765167236,0.03929025917368967
14,99232594,stingseq_nonhits,-1,1,2,3,enformer,2.963118076324463,0.03324385395169491
14,99232594,stingseq_nonhits,-1,1,2,3,chrombpnet,0.035243760199999995,0.03679038162612949
14,99232594,stingseq_nonhits,-1,1,2,3,gpn_msa,0.62,0.10023079459281242
6,41973985,stingseq_nonhits,-1,1,1,3,alphagenome,0.8946812152862549,0.012136059370513708
6,41973985,stingseq_nonhits,-1,1,1,3,borzoi,21.113950729370117,0.2539771275496301
6,41973985,stingseq_nonhits,-1,1,1,3,borzoi_prime,1.9564319849014282,0.020827579270997123
6,41973985,stingseq_nonhits,-1,1,1,3,enformer,5.803936004638672,0.0898056335351207
6,41973985,stingseq_nonhits,-1,1,1,3,chrombpnet,0.0497159452,0.055628315288868704
6,41973985,stingseq_nonhits,-1,1,1,3,gpn_msa,1.54,0.25189581272667333
1,198655622,stingseq_nonhits,-1,1,3,2,alphagenome,2.0915350914001465,0.08225399536631593
1,198655622,stingseq_nonhits,-1,1,3,2,borzoi,7.272022724151611,0.07117626732151887
1,198655622,stingseq_nonhits,-1,1,3,2,borzoi_prime,2.973377227783203,0.03647119219617713
1,198655622,stingseq_nonhits,-1,1,3,2,enformer,3.2476394176483154,0.038908783489889666
1,198655622,stingseq_nonhits,-1,1,3,2,chrombpnet,0.01621457988,0.012020767602783167
1,198655622,stingseq_nonhits,-1,1,3,2,gpn_msa,1.32,0.21562809099901095
10,69217077,stingseq_nonhits,-1,1,1,3,alphagenome,1.1076538562774658,0.024613106324955506
10,69217077,stingseq_nonhits,-1,1,1,3,borzoi,6.9586262702941895,0.06703745505952921
10,69217077,stingseq_nonhits,-1,1,1,3,borzoi_prime,1.4670910835266113,0.013300075009436538
10,69217077,stingseq_nonhits,-1,1,1,3,enformer,4.531007289886475,0.06446113233649836
10,69217077,stingseq_nonhits,-1,1,1,3,chrombpnet,0.0481958756,0.05364969421074218
10,69217077,stingseq_nonhits,-1,1,1,3,gpn_msa,1.61,0.2634355423672932
15,78259585,stingseq_nonhits,-1,1,1,3,alphagenome,1.0215657949447632,0.019569619149955766
15,78259585,stingseq_nonhits,-1,1,1,3,borzoi,6.52280855178833,0.06128190902464964
15,78259585,stingseq_nonhits,-1,1,1,3,borzoi_prime,2.283757209777832,0.025862805262225102
15,78259585,stingseq_nonhits,-1,1,1,3,enformer,3.421058177947998,0.042361617829583635
15,78259585,stingseq_nonhits,-1,1,1,3,chrombpnet,0.0291953006,0.02891731472527396
15,78259585,stingseq_nonhits,-1,1,1,3,gpn_msa,0.93,0.15133531157270036
1,116406684,stingseq_nonhits,-1,1,3,2,alphagenome,0.9888488054275513,0.01765288743965557
1,116406684,stingseq_nonhits,-1,1,3,2,borzoi,4.706712245941162,0.037297969298854435
1,116406684,stingseq_nonhits,-1,1,3,2,borzoi_prime,2.0262885093688965,0.021902178357542518
1,116406684,stingseq_nonhits,-1,1,3,2,enformer,2.6815006732940674,0.027636742943875255
1,116406684,stingseq_nonhits,-1,1,3,2,chrombpnet,0.0496090572,0.05548918294269272
1,116406684,stingseq_nonhits,-1,1,3,2,gpn_msa,0.48,0.07715133531157271
4,144112490,stingseq_nonhits,-1,1,1,3,alphagenome,1.1102468967437744,0.024765020145915428
4,144112490,stingseq_nonhits,-1,1,1,3,borzoi,6.341165542602539,0.058883074243753004
4,144112490,stingseq_nonhits,-1,1,1,3,borzoi_prime,1.0785589218139648,0.007323306064048305
4,144112490,stingseq_nonhits,-1,1,1,3,enformer,4.899513244628906,0.07179822788900711
4,144112490,stingseq_nonhits,-1,1,1,3,chrombpnet,0.129419352,0.15937543363987908
4,144112490,stingseq_nonhits,-1,1,1,3,gpn_msa,0.02,0.0013188262446422686
8,129586704,stingseq_nonhits,-1,1,1,3,alphagenome,1.1382205486297607,0.02640386242370389
8,129586704,stingseq_nonhits,-1,1,1,3,borzoi,3.1020255088806152,0.016105970913895467
8,129586704,stingseq_nonhits,-1,1,1,3,borzoi_prime,1.7303990125656128,0.017350526448045384
8,129586704,stingseq_nonhits,-1,1,1,3,enformer,2.5168142318725586,0.024357772437803505
8,129586704,stingseq_nonhits,-1,1,1,3,chrombpnet,0.01504351044,0.010496427744967557
8,129586704,stingseq_nonhits,-1,1,1,3,gpn_msa,2.94,0.4826904055390704
1,92460097,stingseq_nonhits,-1,1,5,2,alphagenome,8.828680038452148,0.4769510487156105
1,92460097,stingseq_nonhits,-1,1,5,2,borzoi,25.783966064453125,0.315650820709268
1,92460097,stingseq_nonhits,-1,1,5,2,borzoi_prime,21.072641372680664,0.31489118038651603
1,92460097,stingseq_nonhits,-1,1,5,2,enformer,26.254287719726562,0.49698001616046045
1,92460097,stingseq_nonhits,-1,1,5,2,chrombpnet,0.05983827300000001,0.06880419298867016
1,92460097,stingseq_nonhits,-1,1,5,2,gpn_msa,4.3,0.7068908671282561
15,90035310,stingseq_nonhits,-1,1,1,3,alphagenome,16.516342163085938,0.9273343507797382
15,90035310,stingseq_nonhits,-1,1,1,3,borzoi,78.18319702148438,1.0
15,90035310,stingseq_nonhits,-1,1,1,3,borzoi_prime,36.163047790527344,0.547026075098728
15,90035310,stingseq_nonhits,-1,1,1,3,enformer,51.88317108154297,1.0
15,90035310,stingseq_nonhits,-1,1,1,3,chrombpnet,0.566680736,0.7285431816385078
15,90035310,stingseq_nonhits,-1,1,1,3,gpn_msa,0.92,0.1496867787668975
2,96247049,stingseq_nonhits,-1,1,3,2,alphagenome,1.1600208282470703,0.02768103638905072
2,96247049,stingseq_nonhits,-1,1,3,2,borzoi,5.509936332702637,0.047905599533644025
2,96247049,stingseq_nonhits,-1,1,3,2,borzoi_prime,5.136840343475342,0.06975162670992247
2,96247049,stingseq_nonhits,-1,1,3,2,enformer,1.889460802078247,0.01186692391728991
2,96247049,stingseq_nonhits,-1,1,3,2,chrombpnet,0.0140760644,0.009237137297547233
2,96247049,stingseq_nonhits,-1,1,3,2,gpn_msa,1.27,0.20738542696999676
13,113506191,stingseq_nonhits,-1,1,3,2,alphagenome,4.064352989196777,0.19783194673513774
13,113506191,stingseq_nonhits,-1,1,3,2,borzoi,13.572859764099121,0.15438710548115345
13,113506191,stingseq_nonhits,-1,1,3,2,borzoi_prime,6.368992328643799,0.0887057531546718
13,113506191,stingseq_nonhits,-1,1,3,2,enformer,6.270933151245117,0.09910372666850119
13,113506191,stingseq_nonhits,-1,1,3,2,chrombpnet,0.0786068164,0.0932345451100286
13,113506191,stingseq_nonhits,-1,1,3,2,gpn_msa,2.16,0.3541048466864492
19,43777746,stingseq_nonhits,-1,1,3,2,alphagenome,1.3554925918579102,0.039132790762236365
19,43777746,stingseq_nonhits,-1,1,3,2,borzoi,11.077452659606934,0.12143197342523353
19,43777746,stingseq_nonhits,-1,1,3,2,borzoi_prime,9.422009468078613,0.13567014845280778
19,43777746,stingseq_nonhits,-1,1,3,2,enformer,7.146730899810791,0.11654119730690572
19,43777746,stingseq_nonhits,-1,1,3,2,chrombpnet,0.016138988,0.0119223723141048
19,43777746,stingseq_nonhits,-1,1,3,2,gpn_msa,1.38,0.22551928783382794
14,23118346,stingseq_nonhits,-1,1,1,3,alphagenome,1.5787386894226074,0.05221171033024592
14,23118346,stingseq_nonhits,-1,1,1,3,borzoi,4.2313008308410645,0.03101953643821555
14,23118346,stingseq_nonhits,-1,1,1,3,borzoi_prime,4.417726993560791,0.05868954546795281
14,23118346,stingseq_nonhits,-1,1,1,3,enformer,2.8695790767669678,0.03138145642783641
14,23118346,stingseq_nonhits,-1,1,1,3,chrombpnet,0.1136944258,0.13890685086491666
14,23118346,stingseq_nonhits,-1,1,1,3,gpn_msa,1.07,0.17441477085394005
11,114082900,stingseq_nonhits,-1,1,6,2,alphagenome,2.7048120498657227,0.1181829549323854
11,114082900,stingseq_nonhits,-1,1,6,2,borzoi,17.963315963745117,0.21236885266164407
11,114082900,stingseq_nonhits,-1,1,6,2,borzoi_prime,7.500277042388916,0.10610824389237526
11,114082900,stingseq_nonhits,-1,1,6,2,enformer,8.83945083618164,0.15024390348290279
11,114082900,stingseq_nonhits,-1,1,6,2,chrombpnet,0.1318033876,0.16247864884079094
11,114082900,stingseq_nonhits,-1,1,6,2,gpn_msa,1.93,0.31618859215298395
6,44087596,stingseq_nonhits,-1,1,1,3,alphagenome,1.2304584980010986,0.03180764208259023
6,44087596,stingseq_nonhits,-1,1,1,3,borzoi,8.976860046386719,0.09369088587292837
6,44087596,stingseq_nonhits,-1,1,1,3,borzoi_prime,6.161699295043945,0.08551697578202477
6,44087596,stingseq_nonhits,-1,1,1,3,enformer,5.381941318511963,0.08140355673034638
6,44087596,stingseq_nonhits,-1,1,1,3,chrombpnet,0.045339673059999995,0.049931875928577646
6,44087596,stingseq_nonhits,-1,1,1,3,gpn_msa,2.85,0.46785361028684486
7,50267184,stingseq_nonhits,-1,1,3,2,alphagenome,3.047055721282959,0.13823337238628564
7,50267184,stingseq_nonhits,-1,1,3,2,borzoi,8.824454307556152,0.09167816769151425
7,50267184,stingseq_nonhits,-1,1,3,2,borzoi_prime,4.528689861297607,0.060396481179676775
7,50267184,stingseq_nonhits,-1,1,3,2,enformer,5.9493560791015625,0.09270100325128423
7,50267184,stingseq_nonhits,-1,1,3,2,chrombpnet,0.056740834,0.06477236570022812
7,50267184,stingseq_nonhits,-1,1,3,2,gpn_msa,0.18,0.027695351137487643
18,3441169,stingseq_nonhits,-1,1,1,3,alphagenome,0.9267050623893738,0.014012183186736511
18,3441169,stingseq_nonhits,-1,1,1,3,borzoi,5.072263717651367,0.04212555715085632
18,3441169,stingseq_nonhits,-1,1,1,3,borzoi_prime,1.3695228099822998,0.011799187605921998
18,3441169,stingseq_nonhits,-1,1,1,3,enformer,2.8051538467407227,0.030098725273531707
18,3441169,stingseq_nonhits,-1,1,1,3,chrombpnet,0.0842921414,0.10063493248768532
18,3441169,stingseq_nonhits,-1,1,1,3,gpn_msa,0.37,0.059017474447741525
6,26024958,stingseq_nonhits,-1,1,5,2,alphagenome,1.363420009613037,0.039597220198326594
6,26024958,stingseq_nonhits,-1,1,5,2,borzoi,4.4974164962768555,0.03453394371901479
6,26024958,stingseq_nonhits,-1,1,5,2,borzoi_prime,1.6458176374435425,0.01604941579105503
6,26024958,stingseq_nonhits,-1,1,5,2,enformer,2.6336183547973633,0.026683387532477548
6,26024958,stingseq_nonhits,-1,1,5,2,chrombpnet,0.0293934678,0.029175261992236808
6,26024958,stingseq_nonhits,-1,1,5,2,gpn_msa,1.4,0.22881635344543363
15,90969037,stingseq_nonhits,-1,1,3,2,alphagenome,0.9777092337608337,0.017000273291231972
15,90969037,stingseq_nonhits,-1,1,3,2,borzoi,4.199758529663086,0.030602978875805542
15,90969037,stingseq_nonhits,-1,1,3,2,borzoi_prime,2.1467390060424805,0.023755061745115713
15,90969037,stingseq_nonhits,-1,1,3,2,enformer,2.585057020187378,0.025716512648624318
15,90969037,stingseq_nonhits,-1,1,3,2,chrombpnet,0.016843929716,0.012839970125499938
15,90969037,stingseq_nonhits,-1,1,3,2,gpn_msa,6.73,1.0
6,7142658,stingseq_nonhits,-1,1,3,2,alphagenome,2.333125591278076,0.09640762560114215
6,7142658,stingseq_nonhits,-1,1,3,2,borzoi,27.347505569458008,0.3362994157899369
6,7142658,stingseq_nonhits,-1,1,3,2,borzoi_prime,5.853391647338867,0.08077429613793334
6,7142658,stingseq_nonhits,-1,1,3,2,enformer,8.199929237365723,0.1375107820285013
6,7142658,stingseq_nonhits,-1,1,3,2,chrombpnet,0.0479611784,0.05334419712896561
6,7142658,stingseq_nonhits,-1,1,3,2,gpn_msa,0.26,0.040883613583910336
1,150572164,stingseq_nonhits,-1,1,2,3,alphagenome,1.3166180849075317,0.03685531959836672
1,150572164,stingseq_nonhits,-1,1,2,3,borzoi,6.619414806365967,0.06255772164508445
1,150572164,stingseq_nonhits,-1,1,2,3,borzoi_prime,2.6438794136047363,0.03140254538281073
1,150572164,stingseq_nonhits,-1,1,2,3,enformer,3.143603563308716,0.03683738954264653
1,150572164,stingseq_nonhits,-1,1,2,3,chrombpnet,0.00873634362,0.0022866107646712323
1,150572164,stingseq_nonhits,-1,1,2,3,gpn_msa,1.65,0.2700296735905045
11,118426020,stingseq_nonhits,-1,1,4,3,alphagenome,1.2064683437347412,0.03040217385046178
11,118426020,stingseq_nonhits,-1,1,4,3,borzoi,3.0560832023620605,0.015499242346221288
11,118426020,stingseq_nonhits,-1,1,4,3,borzoi_prime,1.3037998676300049,0.010788175186463
11,118426020,stingseq_nonhits,-1,1,4,3,enformer,1.9463465213775635,0.01299954050787934
11,118426020,stingseq_nonhits,-1,1,4,3,chrombpnet,0.02376846754,0.02185339720466183
11,118426020,stingseq_nonhits,-1,1,4,3,gpn_msa,0.88,0.14309264754368617
6,135210313,stingseq_nonhits,-1,1,1,3,alphagenome,1.0506634712219238,0.021274312633050917
6,135210313,stingseq_nonhits,-1,1,1,3,borzoi,12.876840591430664,0.14519525710200537
6,135210313,stingseq_nonhits,-1,1,1,3,borzoi_prime,1.3721966743469238,0.011840319514869305
6,135210313,stingseq_nonhits,-1,1,1,3,enformer,7.484318733215332,0.12326270115013335
6,135210313,stingseq_nonhits,-1,1,1,3,chrombpnet,0.0269308848,0.0259698044063236
6,135210313,stingseq_nonhits,-1,1,1,3,gpn_msa,5.07,0.8338278931750746
12,121801168,stingseq_nonhits,-1,1,3,2,alphagenome,2.2596030235290527,0.09210029050990125
12,121801168,stingseq_nonhits,-1,1,3,2,borzoi,14.359993934631348,0.16478224721530962
12,121801168,stingseq_nonhits,-1,1,3,2,borzoi_prime,13.049382209777832,0.1914698244960227
12,121801168,stingseq_nonhits,-1,1,3,2,enformer,7.8960089683532715,0.13145961236518583
12,121801168,stingseq_nonhits,-1,1,3,2,chrombpnet,0.015867559090000004,0.011569062858709534
12,121801168,stingseq_nonhits,-1,1,3,2,gpn_msa,1.99,0.32607978898780093
16,3192057,stingseq_nonhits,-1,1,6,2,alphagenome,1.4348125457763672,0.04377976694123577
16,3192057,stingseq_nonhits,-1,1,6,2,borzoi,6.508355140686035,0.06109103272607808
16,3192057,stingseq_nonhits,-1,1,6,2,borzoi_prime,5.12306547164917,0.0695397286117201
16,3192057,stingseq_nonhits,-1,1,6,2,enformer,3.994922399520874,0.0537874756038201
16,3192057,stingseq_nonhits,-1,1,6,2,chrombpnet,0.0866652626,0.10372394079840273
16,3192057,stingseq_nonhits,-1,1,6,2,gpn_msa,4.11,0.6755687438180024
3,138880287,stingseq_nonhits,-1,1,1,3,alphagenome,1.8543295860290527,0.0683572609567099
3,138880287,stingseq_nonhits,-1,1,1,3,borzoi,5.27928352355957,0.044859525900730536
3,138880287,stingseq_nonhits,-1,1,1,3,borzoi_prime,3.2088429927825928,0.04009334915159354
3,138880287,stingseq_nonhits,-1,1,1,3,enformer,5.282650947570801,0.07942664718610702
3,138880287,stingseq_nonhits,-1,1,1,3,chrombpnet,0.017520908820000004,0.013721169989391444
3,138880287,stingseq_nonhits,-1,1,1,3,gpn_msa,0.06,0.007912957467853612
13,112700505,stingseq_nonhits,-1,1,1,3,alphagenome,1.002488374710083,0.018451964474078663
13,112700505,stingseq_nonhits,-1,1,1,3,borzoi,4.387362480163574,0.03308053572487687
13,112700505,stingseq_nonhits,-1,1,1,3,borzoi_prime,1.4649782180786133,0.013267572916071311
13,112700505,stingseq_nonhits,-1,1,1,3,enformer,2.471579074859619,0.023457123031558082
13,112700505,stingseq_nonhits,-1,1,1,3,chrombpnet,0.0198396232,0.016739358858126843
13,112700505,stingseq_nonhits,-1,1,1,3,gpn_msa,0.42,0.0672601384767557
20,53594087,stingseq_nonhits,-1,1,3,2,alphagenome,2.840055465698242,0.12610621888670281
20,53594087,stingseq_nonhits,-1,1,3,2,borzoi,8.227530479431152,0.08379500363873427
20,53594087,stingseq_nonhits,-1,1,3,2,borzoi_prime,8.199600219726562,0.11686589399443587
20,53594087,stingseq_nonhits,-1,1,3,2,enformer,5.299057960510254,0.07975331713572062
20,53594087,stingseq_nonhits,-1,1,3,2,chrombpnet,0.0146898274,0.010036050984640357
20,53594087,stingseq_nonhits,-1,1,3,2,gpn_msa,4.98,0.8189910979228491
10,3844712,stingseq_nonhits,-1,1,4,3,alphagenome,1.1714451313018799,0.02835033158571645
10,3844712,stingseq_nonhits,-1,1,4,3,borzoi,9.94912052154541,0.10653086388450272
10,3844712,stingseq_nonhits,-1,1,4,3,borzoi_prime,2.8573591709136963,0.0346864927871362
10,3844712,stingseq_nonhits,-1,1,4,3,enformer,5.577674865722656,0.0853006870758251
10,3844712,stingseq_nonhits,-1,1,4,3,chrombpnet,0.12649070099999998,0.15556331174817337
10,3844712,stingseq_nonhits,-1,1,4,3,gpn_msa,1.77,0.2898120672601386
6,137874556,stingseq_nonhits,-1,1,1,3,alphagenome,1.7704312801361084,0.06344206106459048
6,137874556,stingseq_nonhits,-1,1,1,3,borzoi,6.794686794281006,0.06487241871276758
6,137874556,stingseq_nonhits,-1,1,1,3,borzoi_prime,6.412726879119873,0.08937851934724053
6,137874556,stingseq_nonhits,-1,1,1,3,enformer,5.255425930023193,0.07888458659632594
6,137874556,stingseq_nonhits,-1,1,1,3,chrombpnet,0.006962411240000001,0.0
6,137874556,stingseq_nonhits,-1,1,1,3,gpn_msa,1.66,0.27167820639630735
4,128306129,stingseq_nonhits,-1,1,7,1,alphagenome,15.601648330688477,0.8737468202751396
4,128306129,stingseq_nonhits,-1,1,7,1,borzoi,40.81636047363281,0.5141733551604156
4,128306129,stingseq_nonhits,-1,1,7,1,borzoi_prime,36.03068161010742,0.5449898934012691
4,128306129,stingseq_nonhits,-1,1,7,1,enformer,28.24953269958496,0.5367061125219607
4,128306129,stingseq_nonhits,-1,1,7,1,chrombpnet,1.008431092,1.0
4,128306129,stingseq_nonhits,-1,1,7,1,gpn_msa,3.55,0.5832509066930434
5,1113129,stingseq_nonhits,-1,1,4,3,alphagenome,5.6521196365356445,0.2908515896307773
5,1113129,stingseq_nonhits,-1,1,4,3,borzoi,30.0468692779541,0.3719480629867434
5,1113129,stingseq_nonhits,-1,1,4,3,borzoi_prime,13.26811408996582,0.1948345650186897
5,1113129,stingseq_nonhits,-1,1,4,3,enformer,10.974943161010742,0.19276237852320868
5,1113129,stingseq_nonhits,-1,1,4,3,chrombpnet,0.04003773196,0.04303052587497134
5,1113129,stingseq_nonhits,-1,1,4,3,gpn_msa,1.34,0.21892515661061662
8,89983198,stingseq_nonhits,-1,1,5,2,alphagenome,1.1951929330825806,0.029741601546512994
8,89983198,stingseq_nonhits,-1,1,5,2,borzoi,4.375159740447998,0.03291938250140207
8,89983198,stingseq_nonhits,-1,1,5,2,borzoi_prime,1.7455259561538696,0.01758322339204715
8,89983198,stingseq_nonhits,-1,1,5,2,enformer,2.7544398307800293,0.029088989674509604
8,89983198,stingseq_nonhits,-1,1,5,2,chrombpnet,0.012908909207999999,0.007717892478536305
8,89983198,stingseq_nonhits,-1,1,5,2,gpn_msa,1.04,0.16946917243653153
17,78123984,stingseq_nonhits,-1,1,1,3,alphagenome,1.6835256814956665,0.058350678294512445
17,78123984,stingseq_nonhits,-1,1,1,3,borzoi,5.2707672119140625,0.044747056807250024
17,78123984,stingseq_nonhits,-1,1,1,3,borzoi_prime,4.4533233642578125,0.05923712248709243
17,78123984,stingseq_nonhits,-1,1,1,3,enformer,3.2618978023529053,0.0391926734234326
17,78123984,stingseq_nonhits,-1,1,1,3,chrombpnet,0.056781831799999995,0.06482573109299489
17,78123984,stingseq_nonhits,-1,1,1,3,gpn_msa,0.0,0.0
7,93006659,stingseq_nonhits,-1,1,7,1,alphagenome,1.795333981513977,0.06490099106112901
7,93006659,stingseq_nonhits,-1,1,7,1,borzoi,10.152915954589844,0.10922225055094384
7,93006659,stingseq_nonhits,-1,1,7,1,borzoi_prime,9.840850830078125,0.14211316216474398
7,93006659,stingseq_nonhits,-1,1,7,1,enformer,8.882002830505371,0.15109113008612346
7,93006659,stingseq_nonhits,-1,1,7,1,chrombpnet,0.1036556538,0.1258397348080556
7,93006659,stingseq_nonhits,-1,1,7,1,gpn_msa,5.14,0.8453676228156943
1,244324625,stingseq_nonhits,-1,1,2,3,alphagenome,0.7173357009887695,0.0017462351247756324
1,244324625,stingseq_nonhits,-1,1,2,3,borzoi,4.586697578430176,0.03571301780562835
1,244324625,stingseq_nonhits,-1,1,2,3,borzoi_prime,1.3993369340896606,0.012257816642739325
1,244324625,stingseq_nonhits,-1,1,2,3,enformer,2.9926624298095703,0.03383209341368362
1,244324625,stingseq_nonhits,-1,1,2,3,chrombpnet,0.017271792,0.013396903395961869
1,244324625,stingseq_nonhits,-1,1,2,3,gpn_msa,4.11,0.6755687438180024
2,39525808,stingseq_nonhits,-1,1,1,3,alphagenome,0.7906221151351929,0.0060397351075519535
2,39525808,stingseq_nonhits,-1,1,1,3,borzoi,5.537105083465576,0.0482643986119889
2,39525808,stingseq_nonhits,-1,1,1,3,borzoi_prime,2.0684688091278076,0.022551035596528768
2,39525808,stingseq_nonhits,-1,1,1,3,enformer,2.5273923873901367,0.024568387590158412
2,39525808,stingseq_nonhits,-1,1,1,3,chrombpnet,0.015938855879999998,0.011661867379960895
2,39525808,stingseq_nonhits,-1,1,1,3,gpn_msa,1.4,0.22881635344543363
13,113185433,stingseq_nonhits,-1,1,1,3,alphagenome,1.0739339590072632,0.022637619053063926
13,113185433,stingseq_nonhits,-1,1,1,3,borzoi,5.8812174797058105,0.05280885528190918
13,113185433,stingseq_nonhits,-1,1,1,3,borzoi_prime,5.281067848205566,0.07197027050904244
13,113185433,stingseq_nonhits,-1,1,1,3,enformer,2.268700361251831,0.019417729669920773
13,113185433,stingseq_nonhits,-1,1,1,3,chrombpnet,0.0266544081,0.025609924420413176
13,113185433,stingseq_nonhits,-1,1,1,3,gpn_msa,0.04,0.00461589185624794
9,133271182,stingseq_nonhits,-1,1,1,3,alphagenome,1.3676493167877197,0.03984499504845605
9,133271182,stingseq_nonhits,-1,1,1,3,borzoi,5.577826499938965,0.04880217846160495
9,133271182,stingseq_nonhits,-1,1,1,3,borzoi_prime,1.828909158706665,0.018865902626084785
9,133271182,stingseq_nonhits,-1,1,1,3,enformer,2.457711935043335,0.02318102293449672
9,133271182,stingseq_nonhits,-1,1,1,3,chrombpnet,0.022880033060000003,0.020696953322972216
9,133271182,stingseq_nonhits,-1,1,1,3,gpn_msa,2.07,0.3392680514342236
9,4848297,stingseq_nonhits,-1,1,1,3,alphagenome,0.6718770265579224,0.0
9,4848297,stingseq_nonhits,-1,1,1,3,borzoi,3.4128379821777344,0.020210658314878907
9,4848297,stingseq_nonhits,-1,1,1,3,borzoi_prime,1.0600873231887817,0.007039158474958058
9,4848297,stingseq_nonhits,-1,1,1,3,enformer,1.9895882606506348,0.013860500198815542
9,4848297,stingseq_nonhits,-1,1,1,3,chrombpnet,0.021530317119999996,0.018940075606078615
9,4848297,stingseq_nonhits,-1,1,1,3,gpn_msa,1.7,0.2782723376195187
11,33882634,stingseq_nonhits,-1,1,3,2,alphagenome,0.7992678880691528,0.006546249532843379
11,33882634,stingseq_nonhits,-1,1,3,2,borzoi,4.252457618713379,0.03129893964138672
11,33882634,stingseq_nonhits,-1,1,3,2,borzoi_prime,1.089722752571106,0.007495038660615688
11,33882634,stingseq_nonhits,-1,1,3,2,enformer,2.43076229095459,0.022644445136389142
11,33882634,stingseq_nonhits,-1,1,3,2,chrombpnet,0.07592178720000001,0.08973953713769287
11,33882634,stingseq_nonhits,-1,1,3,2,gpn_msa,1.73,0.28321793603692724
19,1855584,stingseq_nonhits,-1,1,3,2,alphagenome,15.08957576751709,0.8437469414877304
19,1855584,stingseq_nonhits,-1,1,3,2,borzoi,50.45249557495117,0.64143118984437
19,1855584,stingseq_nonhits,-1,1,3,2,borzoi_prime,45.46480941772461,0.690114564313563
19,1855584,stingseq_nonhits,-1,1,3,2,enformer,32.47977066040039,0.6209317803271022
19,1855584,stingseq_nonhits,-1,1,3,2,chrombpnet,0.5894073879999999,0.7581256643632767
19,1855584,stingseq_nonhits,-1,1,3,2,gpn_msa,-0.0,0.0
6,136787619,stingseq_nonhits,-1,1,1,3,alphagenome,1.0517736673355103,0.021339353705807435
6,136787619,stingseq_nonhits,-1,1,1,3,borzoi,6.924522399902344,0.06658706860741163
6,136787619,stingseq_nonhits,-1,1,1,3,borzoi_prime,2.267071485519409,0.025606129680622133
6,136787619,stingseq_nonhits,-1,1,1,3,enformer,5.5636138916015625,0.08502072766306629
6,136787619,stingseq_nonhits,-1,1,1,3,chrombpnet,0.102860621,0.12480486860463837
6,136787619,stingseq_nonhits,-1,1,1,3,gpn_msa,0.36,0.05736894164193869
6,136789983,stingseq_nonhits,-1,1,3,2,alphagenome,1.0561482906341553,0.021595641931615
6,136789983,stingseq_nonhits,-1,1,3,2,borzoi,4.6988325119018555,0.03719390704970743
6,136789983,stingseq_nonhits,-1,1,3,2,borzoi_prime,2.168060302734375,0.024083046083353772
6,136789983,stingseq_nonhits,-1,1,3,2,enformer,2.677583932876587,0.027558759132955527
6,136789983,stingseq_nonhits,-1,1,3,2,chrombpnet,0.0526677866,0.05947062330774265
6,136789983,stingseq_nonhits,-1,1,3,2,gpn_msa,1.64,0.2683811407847017
12,12724758,stingseq_nonhits,-1,1,3,2,alphagenome,1.9016613960266113,0.07113020499792422
12,12724758,stingseq_nonhits,-1,1,3,2,borzoi,5.7746686935424805,0.05140173845832977
12,12724758,stingseq_nonhits,-1,1,3,2,borzoi_prime,7.858340263366699,0.1116163107926605
12,12724758,stingseq_nonhits,-1,1,3,2,enformer,3.7229974269866943,0.04837334462189037
12,12724758,stingseq_nonhits,-1,1,3,2,chrombpnet,0.033829656400000005,0.034949692498908745
12,12724758,stingseq_nonhits,-1,1,3,2,gpn_msa,1.35,0.22057368941641947
9,4763176,stingseq_nonhits,-1,1,3,2,alphagenome,2.509129047393799,0.10671882508610574
9,4763176,stingseq_nonhits,-1,1,3,2,borzoi,14.06668472290039,0.1609087133985585
9,4763176,stingseq_nonhits,-1,1,3,2,borzoi_prime,5.78466272354126,0.07971704287068053
9,4763176,stingseq_nonhits,-1,1,3,2,enformer,6.455660343170166,0.10278171623924785
9,4763176,stingseq_nonhits,-1,1,3,2,chrombpnet,0.030836430079999998,0.03105351518679415
9,4763176,stingseq_nonhits,-1,1,3,2,gpn_msa,1.31,0.21397955819320813
2,231716309,stingseq_nonhits,-1,1,3,2,alphagenome,1.6093767881393433,0.05400664978586977
2,231716309,stingseq_nonhits,-1,1,3,2,borzoi,4.790198802947998,0.03840051906161719
2,231716309,stingseq_nonhits,-1,1,3,2,borzoi_prime,3.4201560020446777,0.04334396558948895
2,231716309,stingseq_nonhits,-1,1,3,2,enformer,3.7731175422668457,0.049371255429519666
2,231716309,stingseq_nonhits,-1,1,3,2,chrombpnet,0.08196037379999999,0.09759975270206725
2,231716309,stingseq_nonhits,-1,1,3,2,gpn_msa,5.35,0.8799868117375539
12,124831485,stingseq_nonhits,-1,1,1,3,alphagenome,1.1341383457183838,0.026164705707771956
12,124831485,stingseq_nonhits,-1,1,1,3,borzoi,4.740178108215332,0.03773993001485349
12,124831485,stingseq_nonhits,-1,1,1,3,borzoi_prime,0.7986096739768982,0.003016862130598991
12,124831485,stingseq_nonhits,-1,1,1,3,enformer,2.3142900466918945,0.020325437873757964
12,124831485,stingseq_nonhits,-1,1,1,3,chrombpnet,0.09206015780000001,0.11074628593115432
12,124831485,stingseq_nonhits,-1,1,1,3,gpn_msa,1.38,0.22551928783382794
18,48934533,stingseq_nonhits,-1,1,1,3,alphagenome,2.0910117626190186,0.08222333603963268
18,48934533,stingseq_nonhits,-1,1,1,3,borzoi,12.182238578796387,0.13602212418454956
18,48934533,stingseq_nonhits,-1,1,1,3,borzoi_prime,4.381241798400879,0.05812829571082339
18,48934533,stingseq_nonhits,-1,1,1,3,enformer,8.10605239868164,0.1356416579974555
18,48934533,stingseq_nonhits,-1,1,1,3,chrombpnet,0.030845606799999998,0.031065460200114636
18,48934533,stingseq_nonhits,-1,1,1,3,gpn_msa,3.68,0.6046818331684802
15,70088961,stingseq_nonhits,-1,1,3,2,alphagenome,1.4919490814208984,0.04712712289612752
15,70088961,stingseq_nonhits,-1,1,3,2,borzoi,19.14129638671875,0.22792563308777192
15,70088961,stingseq_nonhits,-1,1,3,2,borzoi_prime,6.245909214019775,0.0868123723494797
15,70088961,stingseq_nonhits,-1,1,3,2,enformer,6.895674705505371,0.11154257174071763
15,70088961,stingseq_nonhits,-1,1,3,2,chrombpnet,0.024885253819999998,0.02330707858436346
15,70088961,stingseq_nonhits,-1,1,3,2,gpn_msa,0.74,0.12001318826244646
1,206703992,stingseq_nonhits,-1,1,1,3,alphagenome,7.891851425170898,0.4220667474186325
1,206703992,stingseq_nonhits,-1,1,1,3,borzoi,21.910938262939453,0.264502395898998
1,206703992,stingseq_nonhits,-1,1,1,3,borzoi_prime,21.2132625579834,0.31705434837157115
1,206703992,stingseq_nonhits,-1,1,1,3,enformer,12.295672416687012,0.21905860691024687
1,206703992,stingseq_nonhits,-1,1,1,3,chrombpnet,0.0829012502,0.09882445838459114
1,206703992,stingseq_nonhits,-1,1,1,3,gpn_msa,0.28,0.04418067919551601
7,112445345,stingseq_nonhits,-1,1,2,3,alphagenome,9.773297309875488,0.5322916501875719
7,112445345,stingseq_nonhits,-1,1,2,3,borzoi,32.895042419433594,0.40956193441742594
7,112445345,stingseq_nonhits,-1,1,2,3,borzoi_prime,12.970717430114746,0.19025972850264683
7,112445345,stingseq_nonhits,-1,1,2,3,enformer,21.251304626464844,0.39736869501232935
7,112445345,stingseq_nonhits,-1,1,2,3,chrombpnet,0.485632152,0.6230450934886572
7,112445345,stingseq_nonhits,-1,1,2,3,gpn_msa,1.52,0.24859874711506766
5,150122240,stingseq_nonhits,-1,1,6,2,alphagenome,2.3341684341430664,0.09646872076966723
5,150122240,stingseq_nonhits,-1,1,6,2,borzoi,11.237626075744629,0.12354727399930147
5,150122240,stingseq_nonhits,-1,1,6,2,borzoi_prime,8.863859176635742,0.12708415311576704
5,150122240,stingseq_nonhits,-1,1,6,2,enformer,7.374600887298584,0.12107817656119074
5,150122240,stingseq_nonhits,-1,1,6,2,chrombpnet,0.02996787328,0.029922945381286484
5,150122240,stingseq_nonhits,-1,1,6,2,gpn_msa,1.45,0.2370590174744478
6,43843237,stingseq_nonhits,-1,1,1,3,alphagenome,1.1310781240463257,0.025985421977638538
6,43843237,stingseq_nonhits,-1,1,1,3,borzoi,8.015545845031738,0.08099546780032034
6,43843237,stingseq_nonhits,-1,1,1,3,borzoi_prime,1.0516855716705322,0.00690991479191315
6,43843237,stingseq_nonhits,-1,1,1,3,enformer,4.099125862121582,0.055862206696125113
6,43843237,stingseq_nonhits,-1,1,1,3,chrombpnet,0.0683880396,0.07993312314280399
6,43843237,stingseq_nonhits,-1,1,1,3,gpn_msa,1.36,0.22222222222222232
16,84549359,stingseq_nonhits,-1,1,7,1,alphagenome,3.174496650695801,0.14569952603306957
16,84549359,stingseq_nonhits,-1,1,7,1,borzoi,17.692481994628906,0.20879213397659008
16,84549359,stingseq_nonhits,-1,1,7,1,borzoi_prime,6.473263740539551,0.09030975456799942
16,84549359,stingseq_nonhits,-1,1,7,1,enformer,6.316495418548584,0.10001088896667393
16,84549359,stingseq_nonhits,-1,1,7,1,chrombpnet,0.034227136000000005,0.035467077699353054
16,84549359,stingseq_nonhits,-1,1,7,1,gpn_msa,0.86,0.1397955819320805
11,12114765,stingseq_nonhits,-1,1,7,1,alphagenome,3.3973400592803955,0.158754853982506
11,12114765,stingseq_nonhits,-1,1,7,1,borzoi,12.552803993225098,0.14091592774304348
11,12114765,stingseq_nonhits,-1,1,7,1,borzoi_prime,10.852173805236816,0.15767028805373667
11,12114765,stingseq_nonhits,-1,1,7,1,enformer,7.664068698883057,0.12684159222826008
11,12114765,stingseq_nonhits,-1,1,7,1,chrombpnet,0.061878093460000005,0.07145935546132913
11,12114765,stingseq_nonhits,-1,1,7,1,gpn_msa,0.63,0.10187932739861526
6,137876687,stingseq_nonhits,-1,1,1,3,alphagenome,1.0225164890289307,0.01962531576278012
6,137876687,stingseq_nonhits,-1,1,1,3,borzoi,2.7040939331054688,0.010850761210724041
6,137876687,stingseq_nonhits,-1,1,1,3,borzoi_prime,1.495937466621399,0.013743817339306285
6,137876687,stingseq_nonhits,-1,1,1,3,enformer,1.8935301303863525,0.011947945811907508
6,137876687,stingseq_nonhits,-1,1,1,3,chrombpnet,0.032127924399999994,0.03273460787086117
6,137876687,stingseq_nonhits,-1,1,1,3,gpn_msa,1.45,0.2370590174744478
15,78270761,stingseq_nonhits,-1,1,1,3,alphagenome,0.8687684535980225,0.010617954778306115
15,78270761,stingseq_nonhits,-1,1,1,3,borzoi,6.28495454788208,0.058140734145949884
15,78270761,stingseq_nonhits,-1,1,1,3,borzoi_prime,4.251567363739014,0.05613352099080673
15,78270761,stingseq_nonhits,-1,1,1,3,enformer,2.3339598178863525,0.02071707059744243
15,78270761,stingseq_nonhits,-1,1,1,3,chrombpnet,0.06025845,0.06935112259554076
15,78270761,stingseq_nonhits,-1,1,1,3,gpn_msa,2.02,0.3310253874052095
8,129592317,stingseq_nonhits,-1,1,7,1,alphagenome,4.662781715393066,0.23289101949155827
8,129592317,stingseq_nonhits,-1,1,7,1,borzoi,50.39858627319336,0.6407192466286625
8,129592317,stingseq_nonhits,-1,1,7,1,borzoi_prime,32.3898811340332,0.4889836592562341
8,129592317,stingseq_nonhits,-1,1,7,1,enformer,28.509252548217773,0.5418772347841069
8,129592317,stingseq_nonhits,-1,1,7,1,chrombpnet,0.03415494102,0.03537310403580309
8,129592317,stingseq_nonhits,-1,1,7,1,gpn_msa,4.79,0.7876689746125951
2,8616053,stingseq_nonhits,-1,1,6,2,alphagenome,4.785320281982422,0.2400699671815035
2,8616053,stingseq_nonhits,-1,1,6,2,borzoi,18.23280906677246,0.21592786344687345
2,8616053,stingseq_nonhits,-1,1,6,2,borzoi_prime,12.60939884185791,0.184701584465958
2,8616053,stingseq_nonhits,-1,1,6,2,enformer,11.934532165527344,0.2118681653542413
2,8616053,stingseq_nonhits,-1,1,6,2,chrombpnet,0.315800313,0.40198096827860735
2,8616053,stingseq_nonhits,-1,1,6,2,gpn_msa,1.82,0.2980547312891528
3,24299773,stingseq_nonhits,-1,1,1,3,alphagenome,2.642946243286133,0.11455853364533466
3,24299773,stingseq_nonhits,-1,1,1,3,borzoi,7.670433521270752,0.0764378057726717
3,24299773,stingseq_nonhits,-1,1,1,3,borzoi_prime,10.428937911987305,0.15115967350847753
3,24299773,stingseq_nonhits,-1,1,1,3,enformer,15.339655876159668,0.27966549050326084
3,24299773,stingseq_nonhits,-1,1,1,3,chrombpnet,0.055915393800000004,0.0636979192548463
3,24299773,stingseq_nonhits,-1,1,1,3,gpn_msa,0.44,0.07055720408836139
1,11802157,stingseq_nonhits,-1,1,5,2,alphagenome,1.0067534446716309,0.0187018344945965
1,11802157,stingseq_nonhits,-1,1,5,2,borzoi,6.185675144195557,0.05682961907657599
1,11802157,stingseq_nonhits,-1,1,5,2,borzoi_prime,5.5300726890563965,0.0758006983261076
1,11802157,stingseq_nonhits,-1,1,5,2,enformer,2.8142800331115723,0.03028043116069906
1,11802157,stingseq_nonhits,-1,1,5,2,chrombpnet,0.0414975622,0.04493073549915598
1,11802157,stingseq_nonhits,-1,1,5,2,gpn_msa,1.39,0.22716782063963079
8,129588843,stingseq_nonhits,-1,1,1,3,alphagenome,1.0343025922775269,0.02031580709987493
8,129588843,stingseq_nonhits,-1,1,1,3,borzoi,3.5627081394195557,0.022189890807346617
8,129588843,stingseq_nonhits,-1,1,1,3,borzoi_prime,0.7808228731155396,0.002743248747970974
8,129588843,stingseq_nonhits,-1,1,1,3,enformer,1.8697539567947388,0.011474553034206978
8,129588843,stingseq_nonhits,-1,1,1,3,chrombpnet,0.027564046340000002,0.02679396848993073
8,129588843,stingseq_nonhits,-1,1,1,3,gpn_msa,0.72,0.11671612265084079
2,64860098,stingseq_nonhits,-1,1,3,2,alphagenome,4.109104156494141,0.2004537032811268
2,64860098,stingseq_nonhits,-1,1,3,2,borzoi,21.04410171508789,0.2530546794707163
2,64860098,stingseq_nonhits,-1,1,3,2,borzoi_prime,15.725337028503418,0.23263389078418167
2,64860098,stingseq_nonhits,-1,1,3,2,enformer,9.455455780029297,0.16250879927539302
2,64860098,stingseq_nonhits,-1,1,3,2,chrombpnet,0.014166601840000001,0.009354986695458761
2,64860098,stingseq_nonhits,-1,1,3,2,gpn_msa,0.4,0.06396307286515004
7,13984182,stingseq_nonhits,-1,1,1,3,alphagenome,1.9384515285491943,0.07328556264765797
7,13984182,stingseq_nonhits,-1,1,1,3,borzoi,8.05504322052002,0.08151708257922169
7,13984182,stingseq_nonhits,-1,1,1,3,borzoi_prime,17.847322463989258,0.26527627641700297
7,13984182,stingseq_nonhits,-1,1,1,3,enformer,5.440746784210205,0.08257439621145965
7,13984182,stingseq_nonhits,-1,1,1,3,chrombpnet,0.0673808328,0.0786220775140299
7,13984182,stingseq_nonhits,-1,1,1,3,gpn_msa,6.17,1.0
7,139095604,stingseq_nonhits,-1,1,3,2,alphagenome,1.3740222454071045,0.04021835441166483
7,139095604,stingseq_nonhits,-1,1,3,2,borzoi,5.526301383972168,0.0481217215542628
7,139095604,stingseq_nonhits,-1,1,3,2,borzoi_prime,3.509105682373047,0.044712273646009625
7,139095604,stingseq_nonhits,-1,1,3,2,enformer,3.8673758506774902,0.05124797466981016
7,139095604,stingseq_nonhits,-1,1,3,2,chrombpnet,0.0147083964,0.010060221598143668
7,139095604,stingseq_nonhits,-1,1,3,2,gpn_msa,1.24,0.20243982855258827
2,64852706,stingseq_nonhits,-1,1,1,3,alphagenome,1.0584278106689453,0.021729188092170146
2,64852706,stingseq_nonhits,-1,1,1,3,borzoi,5.094295501708984,0.04241651582919752
2,64852706,stingseq_nonhits,-1,1,1,3,borzoi_prime,1.8464431762695312,0.01913562745708896
2,64852706,stingseq_nonhits,-1,1,1,3,enformer,3.783862829208374,0.0495851982329249
2,64852706,stingseq_nonhits,-1,1,1,3,chrombpnet,0.028035934000000002,0.027408208042240572
2,64852706,stingseq_nonhits,-1,1,1,3,gpn_msa,0.01,0.0
6,44063346,stingseq_nonhits,-1,1,3,2,alphagenome,1.0477538108825684,0.02110384957025257
6,44063346,stingseq_nonhits,-1,1,3,2,borzoi,6.674746513366699,0.06328844959236249
6,44063346,stingseq_nonhits,-1,1,3,2,borzoi_prime,4.317174911499023,0.05714275830157821
6,44063346,stingseq_nonhits,-1,1,3,2,enformer,4.442995071411133,0.06270877515357792
6,44063346,stingseq_nonhits,-1,1,3,2,chrombpnet,0.012297819460000001,0.006922458469448944
6,44063346,stingseq_nonhits,-1,1,3,2,gpn_msa,2.41,0.3953181668315201
6,7140598,stingseq_nonhits,-1,1,7,1,alphagenome,0.9886287450790405,0.01763999515786576
6,7140598,stingseq_nonhits,-1,1,7,1,borzoi,5.967397689819336,0.05394697827586294
6,7140598,stingseq_nonhits,-1,1,7,1,borzoi_prime,3.454841375350952,0.04387752878570502
6,7140598,stingseq_nonhits,-1,1,7,1,enformer,3.978288412094116,0.053456286504705935
6,7140598,stingseq_nonhits,-1,1,7,1,chrombpnet,0.024641318185999996,0.022989556158325493
6,7140598,stingseq_nonhits,-1,1,7,1,gpn_msa,0.07,0.009561490273656449
2,26177909,stingseq_nonhits,-1,1,1,3,alphagenome,0.7911699414253235,0.006071829625951241
2,26177909,stingseq_nonhits,-1,1,1,3,borzoi,5.951043128967285,0.05373099479500098
2,26177909,stingseq_nonhits,-1,1,1,3,borzoi_prime,1.9085423946380615,0.020090896329148036
2,26177909,stingseq_nonhits,-1,1,1,3,enformer,2.072171449661255,0.015504763313166896
2,26177909,stingseq_nonhits,-1,1,1,3,chrombpnet,0.0205035168,0.017603525782189596
2,26177909,stingseq_nonhits,-1,1,1,3,gpn_msa,0.72,0.11671612265084079
10,119250744,stingseq_nonhits,-1,1,7,1,alphagenome,6.394106864929199,0.3343210674246155
10,119250744,stingseq_nonhits,-1,1,7,1,borzoi,37.768802642822266,0.4739263467337676
10,119250744,stingseq_nonhits,-1,1,7,1,borzoi_prime,27.545156478881836,0.41445752546018366
10,119250744,stingseq_nonhits,-1,1,7,1,enformer,24.992679595947266,0.47186091229018545
10,119250744,stingseq_nonhits,-1,1,7,1,chrombpnet,0.446059562,0.5715348463986167
10,119250744,stingseq_nonhits,-1,1,7,1,gpn_msa,1.23,0.20079129574678542
1,172699200,stingseq_nonhits,-1,1,2,3,alphagenome,0.8075352907180786,0.007030597055425777
1,172699200,stingseq_nonhits,-1,1,2,3,borzoi,4.500084400177002,0.03456917689807546
1,172699200,stingseq_nonhits,-1,1,2,3,borzoi_prime,1.694374680519104,0.01679636612292623
1,172699200,stingseq_nonhits,-1,1,2,3,enformer,2.9232819080352783,0.03245070049129056
1,172699200,stingseq_nonhits,-1,1,2,3,chrombpnet,0.07286200400000001,0.08575672507828623
1,172699200,stingseq_nonhits,-1,1,2,3,gpn_msa,1.46,0.23870755028025065
15,70086897,stingseq_nonhits,-1,1,7,1,alphagenome,1.781930923461914,0.06411577008687439
15,70086897,stingseq_nonhits,-1,1,7,1,borzoi,8.281972885131836,0.08451398719299208
15,70086897,stingseq_nonhits,-1,1,7,1,borzoi_prime,6.367950916290283,0.08868973316552496
15,70086897,stingseq_nonhits,-1,1,7,1,enformer,5.058365821838379,0.07496104391069885
15,70086897,stingseq_nonhits,-1,1,7,1,chrombpnet,0.0914408186,0.10994011390085383
15,70086897,stingseq_nonhits,-1,1,7,1,gpn_msa,1.48,0.24200461589185632
6,42018531,stingseq_nonhits,-1,1,1,3,alphagenome,0.8797445297241211,0.011260990506104185
6,42018531,stingseq_nonhits,-1,1,1,3,borzoi,4.42650032043457,0.03359740236847675
6,42018531,stingseq_nonhits,-1,1,1,3,borzoi_prime,4.508028984069824,0.060078656037852805
6,42018531,stingseq_nonhits,-1,1,1,3,enformer,2.2877678871154785,0.0197973714570102
6,42018531,stingseq_nonhits,-1,1,1,3,chrombpnet,0.04259050760000001,0.04635338404477616
6,42018531,stingseq_nonhits,-1,1,1,3,gpn_msa,1.76,0.28816353445433573
3,196045068,stingseq_nonhits,-1,1,3,2,alphagenome,1.4792883396148682,0.04638539067523431
3,196045068,stingseq_nonhits,-1,1,3,2,borzoi,10.223787307739258,0.11015819995888461
3,196045068,stingseq_nonhits,-1,1,3,2,borzoi_prime,5.749490737915039,0.07917599414382144
3,196045068,stingseq_nonhits,-1,1,3,2,enformer,5.318337917327881,0.08013718850495817
3,196045068,stingseq_nonhits,-1,1,3,2,chrombpnet,0.029103771699999996,0.02879817477878878
3,196045068,stingseq_nonhits,-1,1,3,2,gpn_msa,1.26,0.20573689416419394
7,22672382,stingseq_nonhits,-1,1,1,3,alphagenome,0.6980429291725159,0.000615964031209852
7,22672382,stingseq_nonhits,-1,1,1,3,borzoi,5.616483211517334,0.049312691168176735
7,22672382,stingseq_nonhits,-1,1,1,3,borzoi_prime,1.1753349304199219,0.008812006099445867
7,22672382,stingseq_nonhits,-1,1,1,3,enformer,2.775965452194214,0.029517573091169425
7,22672382,stingseq_nonhits,-1,1,1,3,chrombpnet,0.0247758022,0.02316460926429608
7,22672382,stingseq_nonhits,-1,1,1,3,gpn_msa,1.53,0.25024727992087054
1,51874087,stingseq_nonhits,-1,1,1,3,alphagenome,0.7616499662399292,0.004342395672520005
1,51874087,stingseq_nonhits,-1,1,1,3,borzoi,9.132720947265625,0.09574923401242533
1,51874087,stingseq_nonhits,-1,1,1,3,borzoi_prime,1.522195816040039,0.014147748089004562
1,51874087,stingseq_nonhits,-1,1,1,3,enformer,2.5365636348724365,0.024750990661417796
1,51874087,stingseq_nonhits,-1,1,1,3,chrombpnet,0.03940819594,0.04221108100309713
1,51874087,stingseq_nonhits,-1,1,1,3,gpn_msa,0.51,0.08209693372898123
9,130753219,stingseq_nonhits,-1,1,1,3,alphagenome,1.1527535915374756,0.02725528379832993
9,130753219,stingseq_nonhits,-1,1,1,3,borzoi,5.471717357635498,0.047400867713288095
9,130753219,stingseq_nonhits,-1,1,1,3,borzoi_prime,1.7930408716201782,0.018314142732031705
9,130753219,stingseq_nonhits,-1,1,1,3,enformer,3.8640615940093994,0.051181986542491245
9,130753219,stingseq_nonhits,-1,1,1,3,chrombpnet,0.033143168199999996,0.03405611497956019
9,130753219,stingseq_nonhits,-1,1,1,3,gpn_msa,0.58,0.09363666336960108
15,70092539,stingseq_nonhits,-1,1,1,3,alphagenome,1.0749045610427856,0.02269448197740448
15,70092539,stingseq_nonhits,-1,1,1,3,borzoi,4.330141544342041,0.03232485802685024
15,70092539,stingseq_nonhits,-1,1,1,3,borzoi_prime,3.085308313369751,0.03819302195000854
15,70092539,stingseq_nonhits,-1,1,1,3,enformer,5.0077900886535645,0.07395406157502794
15,70092539,stingseq_nonhits,-1,1,1,3,chrombpnet,0.010978328974,0.005204924161817888
15,70092539,stingseq_nonhits,-1,1,1,3,gpn_msa,6.03,0.9920870425321469
19,43756777,stingseq_nonhits,-1,1,1,3,alphagenome,0.8000710010528564,0.006593300075865032
19,43756777,stingseq_nonhits,-1,1,1,3,borzoi,5.2263288497924805,0.04416018980289261
19,43756777,stingseq_nonhits,-1,1,1,3,borzoi_prime,2.3668296337127686,0.02714070380582022
19,43756777,stingseq_nonhits,-1,1,1,3,enformer,3.3759267330169678,0.04146303337085162
19,43756777,stingseq_nonhits,-1,1,1,3,chrombpnet,0.046092457399999995,0.050911748799140656
19,43756777,stingseq_nonhits,-1,1,1,3,gpn_msa,0.34,0.054071876030333026
9,97977842,stingseq_nonhits,-1,1,1,3,alphagenome,0.9045231342315674,0.012712650261395049
9,97977842,stingseq_nonhits,-1,1,1,3,borzoi,3.5566296577453613,0.022109616464169524
9,97977842,stingseq_nonhits,-1,1,1,3,borzoi_prime,0.8416263461112976,0.003678585239989802
9,97977842,stingseq_nonhits,-1,1,1,3,enformer,2.3829221725463867,0.021691929945014128
9,97977842,stingseq_nonhits,-1,1,1,3,chrombpnet,0.046218454799999996,0.05107575517847299
9,97977842,stingseq_nonhits,-1,1,1,3,gpn_msa,1.66,0.27167820639630735
6,29626488,stingseq_nonhits,-1,1,1,3,alphagenome,0.7867138981819153,0.005810771395559471
6,29626488,stingseq_nonhits,-1,1,1,3,borzoi,5.598399639129639,0.04907387381648832
6,29626488,stingseq_nonhits,-1,1,1,3,borzoi_prime,1.1705375909805298,0.008738208889826318
6,29626488,stingseq_nonhits,-1,1,1,3,enformer,2.754530429840088,0.029090793536705215
6,29626488,stingseq_nonhits,-1,1,1,3,chrombpnet,0.08008891679999999,0.09516374301737425
6,29626488,stingseq_nonhits,-1,1,1,3,gpn_msa,1.37,0.22387075502802514
19,2169122,stingseq_nonhits,-1,1,7,1,alphagenome,3.9731059074401855,0.19248621726381204
19,2169122,stingseq_nonhits,-1,1,7,1,borzoi,37.7912712097168,0.4742230737038013
19,2169122,stingseq_nonhits,-1,1,7,1,borzoi_prime,29.777048110961914,0.44879059209046634
19,2169122,stingseq_nonhits,-1,1,7,1,enformer,17.29068374633789,0.3185112071731873
19,2169122,stingseq_nonhits,-1,1,7,1,chrombpnet,0.16073760899999998,0.2001413060909718
19,2169122,stingseq_nonhits,-1,1,7,1,gpn_msa,0.09,0.012858555885262121
2,65429835,stingseq_nonhits,-1,1,1,3,alphagenome,2.1563823223114014,0.08605308402474435
2,65429835,stingseq_nonhits,-1,1,1,3,borzoi,10.066509246826172,0.10808113635769537
2,65429835,stingseq_nonhits,-1,1,1,3,borzoi_prime,7.814694881439209,0.11094491627498668
2,65429835,stingseq_nonhits,-1,1,1,3,enformer,5.0088653564453125,0.07397547057108639
2,65429835,stingseq_nonhits,-1,1,1,3,chrombpnet,0.022011918399999997,0.019566959035535212
2,65429835,stingseq_nonhits,-1,1,1,3,gpn_msa,2.97,0.48763600395647894
14,50347258,stingseq_nonhits,-1,1,1,3,alphagenome,0.9632302522659302,0.016152019115843026
14,50347258,stingseq_nonhits,-1,1,1,3,borzoi,4.668971061706543,0.03679954733469489
14,50347258,stingseq_nonhits,-1,1,1,3,borzoi_prime,1.2010939121246338,0.009208255102974718
14,50347258,stingseq_nonhits,-1,1,1,3,enformer,3.791260004043579,0.049732478834190755
14,50347258,stingseq_nonhits,-1,1,1,3,chrombpnet,0.012172989672000001,0.006759971929546517
14,50347258,stingseq_nonhits,-1,1,1,3,gpn_msa,1.14,0.1859545004945599
8,27369273,stingseq_nonhits,-1,1,1,3,alphagenome,5.437476634979248,0.2782766842513957
8,27369273,stingseq_nonhits,-1,1,1,3,borzoi,32.26320266723633,0.4012176596758992
8,27369273,stingseq_nonhits,-1,1,1,3,borzoi_prime,8.693145751953125,0.12445807786190285
8,27369273,stingseq_nonhits,-1,1,1,3,enformer,33.51757049560547,0.6415947749335248
8,27369273,stingseq_nonhits,-1,1,1,3,chrombpnet,0.627421652,0.8076074933662818
8,27369273,stingseq_nonhits,-1,1,1,3,gpn_msa,1.47,0.2403560830860535
15,78243095,stingseq_nonhits,-1,1,1,3,alphagenome,0.8812143802642822,0.011347102009066478
15,78243095,stingseq_nonhits,-1,1,1,3,borzoi,2.704907178878784,0.010861501190507414
15,78243095,stingseq_nonhits,-1,1,1,3,borzoi_prime,0.8759472966194153,0.004206542540278458
15,78243095,stingseq_nonhits,-1,1,1,3,enformer,1.5256359577178955,0.0046230310762249115
15,78243095,stingseq_nonhits,-1,1,1,3,chrombpnet,0.019296942199999997,0.016032970107704634
15,78243095,stingseq_nonhits,-1,1,1,3,gpn_msa,2.15,0.3524563138806463
5,132263012,stingseq_nonhits,-1,1,1,3,alphagenome,1.32890784740448,0.03757531791843117
5,132263012,stingseq_nonhits,-1,1,1,3,borzoi,5.264639854431152,0.04466613699475144
5,132263012,stingseq_nonhits,-1,1,1,3,borzoi_prime,1.7428934574127197,0.017542727808218198
5,132263012,stingseq_nonhits,-1,1,1,3,enformer,4.520965576171875,0.06426119794714379
5,132263012,stingseq_nonhits,-1,1,1,3,chrombpnet,0.01957054394,0.01638910785940765
5,132263012,stingseq_nonhits,-1,1,1,3,gpn_msa,0.11,0.016155621496867792
6,44062274,stingseq_nonhits,-1,1,1,3,alphagenome,1.9920696020126343,0.0764267887558399
6,44062274,stingseq_nonhits,-1,1,1,3,borzoi,6.092156887054443,0.05559458752273579
6,44062274,stingseq_nonhits,-1,1,1,3,borzoi_prime,3.916077136993408,0.050972693223407195
6,44062274,stingseq_nonhits,-1,1,1,3,enformer,3.7994983196258545,0.04989650687184112
6,44062274,stingseq_nonhits,-1,1,1,3,chrombpnet,0.017597347000000003,0.013820666876982399
6,44062274,stingseq_nonhits,-1,1,1,3,gpn_msa,0.5,0.0804484009231784
6,26128182,stingseq_nonhits,-1,1,1,3,alphagenome,1.5105465650558472,0.04821666038539261
6,26128182,stingseq_nonhits,-1,1,1,3,borzoi,3.513601541519165,0.021541373611210134
6,26128182,stingseq_nonhits,-1,1,1,3,borzoi_prime,6.933333396911621,0.09738698087224985
6,26128182,stingseq_nonhits,-1,1,1,3,enformer,3.0493876934051514,0.03496151526938451
6,26128182,stingseq_nonhits,-1,1,1,3,chrombpnet,0.0133733838,0.008322482701237567
6,26128182,stingseq_nonhits,-1,1,1,3,gpn_msa,0.09,0.012858555885262121
7,139102449,stingseq_nonhits,-1,1,1,3,alphagenome,0.8017977476119995,0.006694461886117166
7,139102449,stingseq_nonhits,-1,1,1,3,borzoi,8.751358985900879,0.09071284785513041
7,139102449,stingseq_nonhits,-1,1,1,3,borzoi_prime,3.241703987121582,0.040598848026163176
7,139102449,stingseq_nonhits,-1,1,1,3,enformer,5.287014961242676,0.07951353637986613
7,139102449,stingseq_nonhits,-1,1,1,3,chrombpnet,0.01139134398,0.005742531253265643
7,139102449,stingseq_nonhits,-1,1,1,3,gpn_msa,1.12,0.18265743488295424
3,172085436,stingseq_nonhits,-1,1,1,3,alphagenome,1.400534987449646,0.0417716089790881
3,172085436,stingseq_nonhits,-1,1,1,3,borzoi,10.28248405456543,0.1109333676817893
3,172085436,stingseq_nonhits,-1,1,1,3,borzoi_prime,1.4274085760116577,0.012689641171617161
3,172085436,stingseq_nonhits,-1,1,1,3,enformer,6.296236991882324,0.09960753588572377
3,172085436,stingseq_nonhits,-1,1,1,3,chrombpnet,0.0682629978,0.0797703606343459
3,172085436,stingseq_nonhits,-1,1,1,3,gpn_msa,1.55,0.2535443455324762
6,7137130,stingseq_nonhits,-1,1,3,2,alphagenome,1.769132137298584,0.06336595050828203
6,7137130,stingseq_nonhits,-1,1,3,2,borzoi,7.788787364959717,0.07800082390349058
6,7137130,stingseq_nonhits,-1,1,3,2,borzoi_prime,10.911813735961914,0.15858772583878802
6,7137130,stingseq_nonhits,-1,1,3,2,enformer,6.452879905700684,0.10272635665786571
6,7137130,stingseq_nonhits,-1,1,3,2,chrombpnet,0.02592428422,0.024659547872779092
6,7137130,stingseq_nonhits,-1,1,3,2,gpn_msa,2.19,0.3590504451038577
2,64643587,stingseq_nonhits,-1,1,3,2,alphagenome,1.1966185569763184,0.029825122022094995
2,64643587,stingseq_nonhits,-1,1,3,2,borzoi,11.00185489654541,0.12043360555958957
2,64643587,stingseq_nonhits,-1,1,3,2,borzoi_prime,4.4376983642578125,0.05899676396861087
2,64643587,stingseq_nonhits,-1,1,3,2,enformer,4.372710704803467,0.061309386332280745
2,64643587,stingseq_nonhits,-1,1,3,2,chrombpnet,0.04191265,0.04547104067357245
2,64643587,stingseq_nonhits,-1,1,3,2,gpn_msa,1.67,0.2733267392021102
10,124628208,stingseq_nonhits,-1,1,7,1,alphagenome,1.1411875486373901,0.026577684743024937
10,124628208,stingseq_nonhits,-1,1,7,1,borzoi,3.292733907699585,0.018624526085089126
10,124628208,stingseq_nonhits,-1,1,7,1,borzoi_prime,1.855686902999878,0.019277823198666853
10,124628208,stingseq_nonhits,-1,1,7,1,enformer,2.0197150707244873,0.01446033659591973
10,124628208,stingseq_nonhits,-1,1,7,1,chrombpnet,0.0527442682,0.05957017671361883
10,124628208,stingseq_nonhits,-1,1,7,1,gpn_msa,0.85,0.13814704912627765
6,139514281,stingseq_nonhits,-1,1,1,3,alphagenome,1.2638071775436401,0.03376138148585046
6,139514281,stingseq_nonhits,-1,1,1,3,borzoi,13.333559036254883,0.1512268247105377
6,139514281,stingseq_nonhits,-1,1,1,3,borzoi_prime,4.866481304168701,0.06559270842858851
6,139514281,stingseq_nonhits,-1,1,1,3,enformer,9.112797737121582,0.15568634560729205
6,139514281,stingseq_nonhits,-1,1,1,3,chrombpnet,0.04282744584,0.04666179820941584
6,139514281,stingseq_nonhits,-1,1,1,3,gpn_msa,1.47,0.2403560830860535
12,117041174,stingseq_nonhits,-1,1,1,3,alphagenome,1.8884940147399902,0.070358791196529
12,117041174,stingseq_nonhits,-1,1,1,3,borzoi,4.297430038452148,0.031892859578817934
12,117041174,stingseq_nonhits,-1,1,1,3,borzoi_prime,2.883324146270752,0.03508591057972706
12,117041174,stingseq_nonhits,-1,1,1,3,enformer,2.78985333442688,0.029794086177733468
12,117041174,stingseq_nonhits,-1,1,1,3,chrombpnet,0.0326391352,0.033400032969978954
12,117041174,stingseq_nonhits,-1,1,1,3,gpn_msa,0.96,0.15628090999010885
20,410381,stingseq_nonhits,-1,1,1,3,alphagenome,2.211512804031372,0.08928291488865074
20,410381,stingseq_nonhits,-1,1,1,3,borzoi,6.354741096496582,0.05906235728358449
20,410381,stingseq_nonhits,-1,1,1,3,borzoi_prime,11.397551536560059,0.16605980379861288
20,410381,stingseq_nonhits,-1,1,1,3,enformer,4.160576343536377,0.05708570945933866
20,410381,stingseq_nonhits,-1,1,1,3,chrombpnet,0.0281959307,0.027616470113300137
20,410381,stingseq_nonhits,-1,1,1,3,gpn_msa,0.72,0.11671612265084079
6,135110502,stingseq_nonhits,-1,1,1,3,alphagenome,1.182235836982727,0.028982507347001432
6,135110502,stingseq_nonhits,-1,1,1,3,borzoi,4.7219157218933105,0.037498751190037684
6,135110502,stingseq_nonhits,-1,1,1,3,borzoi_prime,2.9845049381256104,0.03664236915438468
6,135110502,stingseq_nonhits,-1,1,1,3,enformer,3.915989875793457,0.05221589864194031
6,135110502,stingseq_nonhits,-1,1,1,3,chrombpnet,0.0597926298,0.06874478084228346
6,135110502,stingseq_nonhits,-1,1,1,3,gpn_msa,4.27,0.7019452687108476
21,15066472,stingseq_nonhits,-1,1,1,3,alphagenome,5.133501052856445,0.2604682108554795
21,15066472,stingseq_nonhits,-1,1,1,3,borzoi,18.050100326538086,0.21351495428613756
21,15066472,stingseq_nonhits,-1,1,1,3,borzoi_prime,15.452683448791504,0.22843967571357365
21,15066472,stingseq_nonhits,-1,1,1,3,enformer,13.503990173339844,0.2431166790370635
21,15066472,stingseq_nonhits,-1,1,1,3,chrombpnet,0.0166826972,0.012630099436265066
21,15066472,stingseq_nonhits,-1,1,1,3,gpn_msa,1.33,0.2172766238048138
2,58728818,stingseq_nonhits,-1,1,1,3,alphagenome,1.0895342826843262,0.023551567295980434
2,58728818,stingseq_nonhits,-1,1,1,3,borzoi,5.8642988204956055,0.052585422140487996
2,58728818,stingseq_nonhits,-1,1,1,3,borzoi_prime,0.5662720799446106,0.0
2,58728818,stingseq_nonhits,-1,1,1,3,enformer,3.3555030822753906,0.04105639061489735
2,58728818,stingseq_nonhits,-1,1,1,3,chrombpnet,0.06381233859999999,0.0739770942571499
2,58728818,stingseq_nonhits,-1,1,1,3,gpn_msa,0.33,0.05242334322453018
2,66483446,stingseq_nonhits,-1,1,1,3,alphagenome,0.8495351672172546,0.009491168651486335
2,66483446,stingseq_nonhits,-1,1,1,3,borzoi,10.606292724609375,0.11520968694967149
2,66483446,stingseq_nonhits,-1,1,1,3,borzoi_prime,3.251278877258301,0.040746138036267844
2,66483446,stingseq_nonhits,-1,1,1,3,enformer,7.086155414581299,0.11533511605489714
2,66483446,stingseq_nonhits,-1,1,1,3,chrombpnet,0.0114202438,0.005780149131424685
2,66483446,stingseq_nonhits,-1,1,1,3,gpn_msa,2.39,0.3920211012199144
2,65438139,stingseq_nonhits,-1,1,1,3,alphagenome,1.0374212265014648,0.020498512941642694
2,65438139,stingseq_nonhits,-1,1,1,3,borzoi,11.50601863861084,0.1270917507045895
2,65438139,stingseq_nonhits,-1,1,1,3,borzoi_prime,4.8320488929748535,0.06506303653468123
2,65438139,stingseq_nonhits,-1,1,1,3,enformer,7.467513084411621,0.12292809420685907
2,65438139,stingseq_nonhits,-1,1,1,3,chrombpnet,0.0320379907,0.03261754434005054
2,65438139,stingseq_nonhits,-1,1,1,3,gpn_msa,0.17,0.026046818331684807
8,37792766,stingseq_nonhits,-1,1,1,3,alphagenome,1.0200436115264893,0.01948044171432515
8,37792766,stingseq_nonhits,-1,1,1,3,borzoi,5.111447334289551,0.042643028331576814
8,37792766,stingseq_nonhits,-1,1,1,3,borzoi_prime,0.8635587692260742,0.004015970502490827
8,37792766,stingseq_nonhits,-1,1,1,3,enformer,3.339717149734497,0.040742086615335266
8,37792766,stingseq_nonhits,-1,1,1,3,chrombpnet,0.10512158460000001,0.12774788531639739
8,37792766,stingseq_nonhits,-1,1,1,3,gpn_msa,0.45,0.07220573689416422
11,5297978,stingseq_nonhits,-1,1,1,3,alphagenome,1.1267037391662598,0.025729147719633562
11,5297978,stingseq_nonhits,-1,1,1,3,borzoi,6.517694473266602,0.06121437089320627
11,5297978,stingseq_nonhits,-1,1,1,3,borzoi_prime,2.0174601078033447,0.02176637154020771
11,5297978,stingseq_nonhits,-1,1,1,3,enformer,4.343424320220947,0.060726283130543735
11,5297978,stingseq_nonhits,-1,1,1,3,chrombpnet,0.015409694560000001,0.01097307672097972
11,5297978,stingseq_nonhits,-1,1,1,3,gpn_msa,1.46,0.23870755028025065
11,2304767,stingseq_nonhits,-1,1,3,2,alphagenome,1.314211368560791,0.036714321615130247
11,2304767,stingseq_nonhits,-1,1,3,2,borzoi,3.712923526763916,0.02417368251726561
11,2304767,stingseq_nonhits,-1,1,3,2,borzoi_prime,1.523937463760376,0.014174539760414289
11,2304767,stingseq_nonhits,-1,1,3,2,enformer,2.138491153717041,0.01682521417538298
11,2304767,stingseq_nonhits,-1,1,3,2,chrombpnet,0.00612550938,0.0
11,2304767,stingseq_nonhits,-1,1,3,2,gpn_msa,1.22,0.19914276294098257
8,21922426,stingseq_nonhits,-1,1,7,1,alphagenome,5.19795036315918,0.2642439872513866
8,21922426,stingseq_nonhits,-1,1,7,1,borzoi,42.953086853027344,0.5423916366077806
8,21922426,stingseq_nonhits,-1,1,7,1,borzoi_prime,34.303653717041016,0.5184231179930273
8,21922426,stingseq_nonhits,-1,1,7,1,enformer,27.411020278930664,0.5200110071291424
8,21922426,stingseq_nonhits,-1,1,7,1,chrombpnet,0.560555624,0.7205703390074298
8,21922426,stingseq_nonhits,-1,1,7,1,gpn_msa,3.27,0.537091988130564
3,42867558,stingseq_nonhits,-1,1,1,3,alphagenome,1.2669556140899658,0.03394583330294187
3,42867558,stingseq_nonhits,-1,1,1,3,borzoi,4.765488147735596,0.03807418236719685
3,42867558,stingseq_nonhits,-1,1,1,3,borzoi_prime,1.093151330947876,0.007547780293840543
3,42867558,stingseq_nonhits,-1,1,1,3,enformer,3.7805211544036865,0.049518664199941526
3,42867558,stingseq_nonhits,-1,1,1,3,chrombpnet,0.0740088992,0.08724959817904565
3,42867558,stingseq_nonhits,-1,1,1,3,gpn_msa,1.17,0.1909000989119684
6,135098493,stingseq_nonhits,-1,1,6,2,alphagenome,1.6043750047683716,0.05371361925535136
6,135098493,stingseq_nonhits,-1,1,6,2,borzoi,9.744241714477539,0.10382516983954046
6,135098493,stingseq_nonhits,-1,1,6,2,borzoi_prime,2.2385663986206055,0.025167637491426312
6,135098493,stingseq_nonhits,-1,1,6,2,enformer,6.535661697387695,0.10437457402803008
6,135098493,stingseq_nonhits,-1,1,6,2,chrombpnet,0.0615317574,0.0710085420061878
6,135098493,stingseq_nonhits,-1,1,6,2,gpn_msa,1.17,0.1909000989119684
6,42023053,stingseq_nonhits,-1,1,1,3,alphagenome,1.1667629480361938,0.02807602489456884
6,42023053,stingseq_nonhits,-1,1,1,3,borzoi,7.082983493804932,0.06867975571481169
6,42023053,stingseq_nonhits,-1,1,1,3,borzoi_prime,3.2119252681732178,0.04014076362496588
6,42023053,stingseq_nonhits,-1,1,1,3,enformer,5.769967555999756,0.08912930863391683
6,42023053,stingseq_nonhits,-1,1,1,3,chrombpnet,0.030000004000000004,0.029964768808218637
6,42023053,stingseq_nonhits,-1,1,1,3,gpn_msa,0.6,0.09693372898120675
8,23576822,stingseq_nonhits,-1,1,2,3,alphagenome,0.7606489658355713,0.004283751853349334
8,23576822,stingseq_nonhits,-1,1,2,3,borzoi,2.945711374282837,0.014041637227178279
8,23576822,stingseq_nonhits,-1,1,2,3,borzoi_prime,1.2026301622390747,0.009231887154272263
8,23576822,stingseq_nonhits,-1,1,2,3,enformer,1.4665484428405762,0.003446575887276359
8,23576822,stingseq_nonhits,-1,1,2,3,chrombpnet,0.029529214259999992,0.029351958379716065
8,23576822,stingseq_nonhits,-1,1,2,3,gpn_msa,2.02,0.3310253874052095
2,230661811,stingseq_nonhits,-1,1,1,3,alphagenome,5.334052562713623,0.27221756323063023
2,230661811,stingseq_nonhits,-1,1,1,3,borzoi,30.038982391357422,0.3718439062786713
2,230661811,stingseq_nonhits,-1,1,1,3,borzoi_prime,15.631064414978027,0.23118370033807942
2,230661811,stingseq_nonhits,-1,1,1,3,enformer,18.41848373413086,0.3409661394967067
2,230661811,stingseq_nonhits,-1,1,1,3,chrombpnet,0.183996478,0.23041655694579033
2,230661811,stingseq_nonhits,-1,1,1,3,gpn_msa,0.79,0.12825585229146064
16,88452161,stingseq_nonhits,-1,1,7,1,alphagenome,1.7289347648620605,0.061010978991746324
16,88452161,stingseq_nonhits,-1,1,7,1,borzoi,5.137746810913086,0.042990347501891735
16,88452161,stingseq_nonhits,-1,1,7,1,borzoi_prime,2.9177393913269043,0.035615318407879175
16,88452161,stingseq_nonhits,-1,1,7,1,enformer,2.230394124984741,0.018655037745593364
16,88452161,stingseq_nonhits,-1,1,7,1,chrombpnet,0.00831807624,0.0017421668429187301
16,88452161,stingseq_nonhits,-1,1,7,1,gpn_msa,1.58,0.25848994394988467
16,88491756,stingseq_nonhits,-1,1,7,1,alphagenome,1.5192841291427612,0.04872855241468087
16,88491756,stingseq_nonhits,-1,1,7,1,borzoi,5.5829339027404785,0.0488696284313849
16,88491756,stingseq_nonhits,-1,1,7,1,borzoi_prime,2.718668222427368,0.032553017529217694
16,88491756,stingseq_nonhits,-1,1,7,1,enformer,3.822521448135376,0.05035490623179208
16,88491756,stingseq_nonhits,-1,1,7,1,chrombpnet,0.099575553,0.12052881125313357
16,88491756,stingseq_nonhits,-1,1,7,1,gpn_msa,1.14,0.1859545004945599
9,127860667,stingseq_nonhits,-1,1,1,3,alphagenome,1.330528736114502,0.03767027802433371
9,127860667,stingseq_nonhits,-1,1,1,3,borzoi,3.8768067359924316,0.02633797578714982
9,127860667,stingseq_nonhits,-1,1,1,3,borzoi_prime,2.0345664024353027,0.022029516732812292
9,127860667,stingseq_nonhits,-1,1,1,3,enformer,1.7239362001419067,0.00857126531240587
9,127860667,stingseq_nonhits,-1,1,1,3,chrombpnet,0.01768766644,0.013938232511969493
9,127860667,stingseq_nonhits,-1,1,1,3,gpn_msa,1.45,0.2370590174744478
8,55888642,stingseq_nonhits,-1,1,3,2,alphagenome,1.7013304233551025,0.0593937728401685
8,55888642,stingseq_nonhits,-1,1,3,2,borzoi,5.248721122741699,0.04445590921105863
8,55888642,stingseq_nonhits,-1,1,3,2,borzoi_prime,2.421790838241577,0.02798616900226865
8,55888642,stingseq_nonhits,-1,1,3,2,enformer,3.1697793006896973,0.03735855855999897
8,55888642,stingseq_nonhits,-1,1,3,2,chrombpnet,0.027947988200000003,0.027293732090867887
8,55888642,stingseq_nonhits,-1,1,3,2,gpn_msa,1.38,0.22551928783382794
3,33006170,stingseq_nonhits,-1,1,3,2,alphagenome,2.3288612365722656,0.09615779748403208
3,33006170,stingseq_nonhits,-1,1,3,2,borzoi,18.7553768157959,0.22282905770340608
3,33006170,stingseq_nonhits,-1,1,3,2,borzoi_prime,9.697383880615234,0.13990621794560992
3,33006170,stingseq_nonhits,-1,1,3,2,enformer,6.124548435211182,0.09618915056696017
3,33006170,stingseq_nonhits,-1,1,3,2,chrombpnet,0.191319378,0.2399485180435011
3,33006170,stingseq_nonhits,-1,1,3,2,gpn_msa,0.12,0.017804154302670627
6,13930123,stingseq_nonhits,-1,1,1,3,alphagenome,0.8156030774116516,0.007503250035290385
6,13930123,stingseq_nonhits,-1,1,1,3,borzoi,2.222212553024292,0.004486883955074497
6,13930123,stingseq_nonhits,-1,1,1,3,borzoi_prime,2.838761806488037,0.03440041054963136
6,13930123,stingseq_nonhits,-1,1,1,3,enformer,1.4318649768829346,0.0027560147157444977
6,13930123,stingseq_nonhits,-1,1,1,3,chrombpnet,0.014918430600000001,0.010333615721180828
6,13930123,stingseq_nonhits,-1,1,1,3,gpn_msa,1.53,0.25024727992087054
4,3449867,stingseq_nonhits,-1,1,2,3,alphagenome,1.6892024278640747,0.05868325167416081
4,3449867,stingseq_nonhits,-1,1,2,3,borzoi,9.947964668273926,0.10651559932220726
4,3449867,stingseq_nonhits,-1,1,2,3,borzoi_prime,7.042459964752197,0.09906566888333072
4,3449867,stingseq_nonhits,-1,1,2,3,enformer,5.594820976257324,0.08564207274335024
4,3449867,stingseq_nonhits,-1,1,2,3,chrombpnet,0.00977241978,0.0036352346228948223
4,3449867,stingseq_nonhits,-1,1,2,3,gpn_msa,1.59,0.2601384767556875
2,96189503,stingseq_nonhits,-1,1,2,3,alphagenome,1.016345500946045,0.019263787128364383
2,96189503,stingseq_nonhits,-1,1,2,3,borzoi,2.6213674545288086,0.00975824928306811
2,96189503,stingseq_nonhits,-1,1,2,3,borzoi_prime,4.384959697723389,0.0581854879522968
2,96189503,stingseq_nonhits,-1,1,2,3,enformer,2.2999637126922607,0.020040195043568323
2,96189503,stingseq_nonhits,-1,1,2,3,chrombpnet,0.023953476079999998,0.02209421630720648
2,96189503,stingseq_nonhits,-1,1,2,3,gpn_msa,1.24,0.20243982855258827
6,43768759,stingseq_nonhits,-1,1,1,3,alphagenome,1.427006721496582,0.043322461084466024
6,43768759,stingseq_nonhits,-1,1,1,3,borzoi,3.7788853645324707,0.025044795319020756
6,43768759,stingseq_nonhits,-1,1,1,3,borzoi_prime,3.747241735458374,0.048375507496674346
6,43768759,stingseq_nonhits,-1,1,1,3,enformer,2.174262523651123,0.017537435934279505
6,43768759,stingseq_nonhits,-1,1,1,3,chrombpnet,0.010838585359999998,0.005023024819712777
6,43768759,stingseq_nonhits,-1,1,1,3,gpn_msa,3.07,0.5041213320145073
22,19983024,stingseq_nonhits,-1,1,2,3,alphagenome,1.217320203781128,0.03103793235311089
22,19983024,stingseq_nonhits,-1,1,2,3,borzoi,3.4534430503845215,0.02074690163264674
22,19983024,stingseq_nonhits,-1,1,2,3,borzoi_prime,1.6461626291275024,0.016054722779217916
22,19983024,stingseq_nonhits,-1,1,2,3,enformer,2.373056173324585,0.021495494098917878
22,19983024,stingseq_nonhits,-1,1,2,3,chrombpnet,0.027773421700000002,0.027066505024137013
22,19983024,stingseq_nonhits,-1,1,2,3,gpn_msa,1.77,0.2898120672601386
6,159980216,stingseq_nonhits,-1,1,1,3,alphagenome,0.9756725430488586,0.016880953337613906
6,159980216,stingseq_nonhits,-1,1,1,3,borzoi,6.823153972625732,0.06524836523464815
6,159980216,stingseq_nonhits,-1,1,1,3,borzoi_prime,2.255441188812256,0.025427221463916058
6,159980216,stingseq_nonhits,-1,1,1,3,enformer,3.4269254207611084,0.042478436894772556
6,159980216,stingseq_nonhits,-1,1,1,3,chrombpnet,0.01124836996,0.005556427005409834
6,159980216,stingseq_nonhits,-1,1,1,3,gpn_msa,0.23,0.03593801516650182
2,70128495,stingseq_nonhits,-1,1,1,3,alphagenome,1.020668387413025,0.019517044341010096
2,70128495,stingseq_nonhits,-1,1,1,3,borzoi,1.9570822715759277,0.0009854899655225948
2,70128495,stingseq_nonhits,-1,1,1,3,borzoi_prime,1.0008845329284668,0.006128445197713638
2,70128495,stingseq_nonhits,-1,1,1,3,enformer,1.4545073509216309,0.003206833107468112
2,70128495,stingseq_nonhits,-1,1,1,3,chrombpnet,0.01196453908,0.006488639133285638
2,70128495,stingseq_nonhits,-1,1,1,3,gpn_msa,1.55,0.2535443455324762
12,93360628,stingseq_nonhits,-1,1,1,3,alphagenome,0.8421640396118164,0.009059329590787311
12,93360628,stingseq_nonhits,-1,1,1,3,borzoi,5.088961601257324,0.04234607466012288
12,93360628,stingseq_nonhits,-1,1,1,3,borzoi_prime,2.0956568717956543,0.02296926807417533
12,93360628,stingseq_nonhits,-1,1,1,3,enformer,2.4097797870635986,0.022226675398891428
12,93360628,stingseq_nonhits,-1,1,1,3,chrombpnet,0.011894581547999999,0.006397577877018878
12,93360628,stingseq_nonhits,-1,1,1,3,gpn_msa,1.57,0.2568414111440819
7,100624226,stingseq_nonhits,-1,1,3,2,alphagenome,2.640188217163086,0.11439695410498303
7,100624226,stingseq_nonhits,-1,1,3,2,borzoi,7.167522430419922,0.06979620353408685
7,100624226,stingseq_nonhits,-1,1,3,2,borzoi_prime,4.273046970367432,0.05646394060212022
7,100624226,stingseq_nonhits,-1,1,3,2,enformer,8.964828491210938,0.15274022090535097
7,100624226,stingseq_nonhits,-1,1,3,2,chrombpnet,0.1189672174,0.14577025804069893
7,100624226,stingseq_nonhits,-1,1,3,2,gpn_msa,1.31,0.21397955819320813
1,3805045,stingseq_nonhits,-1,1,3,2,alphagenome,1.2341285943984985,0.03202265545174677
1,3805045,stingseq_nonhits,-1,1,3,2,borzoi,5.062406539916992,0.041995380157551214
1,3805045,stingseq_nonhits,-1,1,3,2,borzoi_prime,1.366688847541809,0.011755592917049758
1,3805045,stingseq_nonhits,-1,1,3,2,enformer,3.410557985305786,0.042152554948118114
1,3805045,stingseq_nonhits,-1,1,3,2,chrombpnet,0.028318613479999998,0.027776161968483055
1,3805045,stingseq_nonhits,-1,1,3,2,gpn_msa,0.13,0.019452687108473466
19,48876645,stingseq_nonhits,-1,1,3,2,alphagenome,2.342885971069336,0.09697943950353799
19,48876645,stingseq_nonhits,-1,1,3,2,borzoi,17.715856552124023,0.20910082574380257
19,48876645,stingseq_nonhits,-1,1,3,2,borzoi_prime,6.908880710601807,0.09701082653917328
19,48876645,stingseq_nonhits,-1,1,3,2,enformer,5.514590263366699,0.08404464833500966
19,48876645,stingseq_nonhits,-1,1,3,2,chrombpnet,0.020668260180000002,0.01781796643947911
19,48876645,stingseq_nonhits,-1,1,3,2,gpn_msa,0.32,0.05077481041872735
15,89069059,stingseq_nonhits,-1,1,1,3,alphagenome,0.9826338291168213,0.01728878174566213
15,89069059,stingseq_nonhits,-1,1,1,3,borzoi,2.2138259410858154,0.0043761277167690465
15,89069059,stingseq_nonhits,-1,1,1,3,borzoi_prime,0.5087616443634033,0.0
15,89069059,stingseq_nonhits,-1,1,1,3,enformer,1.6273006200790405,0.006647213677503705
15,89069059,stingseq_nonhits,-1,1,1,3,chrombpnet,0.01955630056,0.016370567753157404
15,89069059,stingseq_nonhits,-1,1,1,3,gpn_msa,0.25,0.039235080778107494
3,196181456,stingseq_nonhits,-1,1,1,3,alphagenome,1.612025260925293,0.05416181112093167
3,196181456,stingseq_nonhits,-1,1,1,3,borzoi,4.5713677406311035,0.03551056714010174
3,196181456,stingseq_nonhits,-1,1,1,3,borzoi_prime,2.0602431297302246,0.022424500421264294
3,196181456,stingseq_nonhits,-1,1,1,3,enformer,3.3355350494384766,0.04065881938698471
3,196181456,stingseq_nonhits,-1,1,1,3,chrombpnet,0.0448545714,0.049300436177720085
3,196181456,stingseq_nonhits,-1,1,1,3,gpn_msa,1.33,0.2172766238048138
20,50483508,stingseq_nonhits,-1,1,3,2,alphagenome,4.029048919677734,0.19576365039894236
20,50483508,stingseq_nonhits,-1,1,3,2,borzoi,21.800384521484375,0.2630423883746267
20,50483508,stingseq_nonhits,-1,1,3,2,borzoi_prime,15.477994918823242,0.22882904066956847
20,50483508,stingseq_nonhits,-1,1,3,2,enformer,7.150852203369141,0.1166232540487829
20,50483508,stingseq_nonhits,-1,1,3,2,chrombpnet,0.03042284688,0.030515168497222165
20,50483508,stingseq_nonhits,-1,1,3,2,gpn_msa,1.49,0.24365314869765917
14,68734473,stingseq_nonhits,-1,1,1,3,alphagenome,5.041102409362793,0.25505501689764803
14,68734473,stingseq_nonhits,-1,1,1,3,borzoi,13.365978240966797,0.1516549629371644
14,68734473,stingseq_nonhits,-1,1,1,3,borzoi_prime,13.488471031188965,0.19822430376617925
14,68734473,stingseq_nonhits,-1,1,1,3,enformer,13.266388893127441,0.23838594599494675
14,68734473,stingseq_nonhits,-1,1,1,3,chrombpnet,0.06370007320000001,0.07383096233872705
14,68734473,stingseq_nonhits,-1,1,1,3,gpn_msa,2.84,0.466205077481042
6,107121227,stingseq_nonhits,-1,1,1,3,alphagenome,0.9233952760696411,0.01381827865924287
6,107121227,stingseq_nonhits,-1,1,1,3,borzoi,9.272685050964355,0.09759764404226644
6,107121227,stingseq_nonhits,-1,1,1,3,borzoi_prime,2.483247756958008,0.02893155741398853
6,107121227,stingseq_nonhits,-1,1,1,3,enformer,3.66202712059021,0.04715940232831356
6,107121227,stingseq_nonhits,-1,1,1,3,chrombpnet,0.012665758539999999,0.007401391815102641
6,107121227,stingseq_nonhits,-1,1,1,3,gpn_msa,1.39,0.22716782063963079
5,1284020,stingseq_nonhits,-1,1,2,3,alphagenome,1.3599705696105957,0.03939513403046634
5,1284020,stingseq_nonhits,-1,1,2,3,borzoi,30.685672760009766,0.3803843029377433
5,1284020,stingseq_nonhits,-1,1,2,3,borzoi_prime,1.6370275020599365,0.015914197620299452
5,1284020,stingseq_nonhits,-1,1,2,3,enformer,15.418462753295898,0.28123456579309564
5,1284020,stingseq_nonhits,-1,1,2,3,chrombpnet,0.259424488,0.32859854181486364
5,1284020,stingseq_nonhits,-1,1,2,3,gpn_msa,0.26,0.040883613583910336
6,41957421,stingseq_nonhits,-1,1,7,1,alphagenome,2.374448776245117,0.09882855308150397
6,41957421,stingseq_nonhits,-1,1,7,1,borzoi,6.442230701446533,0.06021777255809243
6,41957421,stingseq_nonhits,-1,1,7,1,borzoi_prime,6.043152809143066,0.0836933816877956
6,41957421,stingseq_nonhits,-1,1,7,1,enformer,4.133369445800781,0.056544009641996705
6,41957421,stingseq_nonhits,-1,1,7,1,chrombpnet,0.0967600282,0.11686394175290281
6,41957421,stingseq_nonhits,-1,1,7,1,gpn_msa,3.39,0.556874381800198
19,1063080,stingseq_nonhits,-1,1,6,2,alphagenome,2.1936936378479004,0.08823897529093803
19,1063080,stingseq_nonhits,-1,1,6,2,borzoi,4.405238628387451,0.03331661376773751
19,1063080,stingseq_nonhits,-1,1,6,2,borzoi_prime,3.270340919494629,0.04103936838706188
19,1063080,stingseq_nonhits,-1,1,6,2,enformer,3.35894775390625,0.04112497535437679
19,1063080,stingseq_nonhits,-1,1,6,2,chrombpnet,0.0190108752,0.01566060676594948
19,1063080,stingseq_nonhits,-1,1,6,2,gpn_msa,1.54,0.25189581272667333
7,143384849,stingseq_nonhits,-1,1,6,2,alphagenome,18.077259063720703,1.0
7,143384849,stingseq_nonhits,-1,1,6,2,borzoi,32.099143981933594,0.3990510490137193
7,143384849,stingseq_nonhits,-1,1,6,2,borzoi_prime,40.46025085449219,0.6131297142711457
7,143384849,stingseq_nonhits,-1,1,6,2,enformer,19.3111515045166,0.35873949876994554
7,143384849,stingseq_nonhits,-1,1,6,2,chrombpnet,0.1564888064,0.1946107893428185
7,143384849,stingseq_nonhits,-1,1,6,2,gpn_msa,4.86,0.799208704253215
14,75515513,stingseq_nonhits,-1,1,2,3,alphagenome,10.192760467529297,0.5568659874796609
14,75515513,stingseq_nonhits,-1,1,2,3,borzoi,121.49320220947266,1.0
14,75515513,stingseq_nonhits,-1,1,2,3,borzoi_prime,51.58169174194336,0.7842102297967812
14,75515513,stingseq_nonhits,-1,1,2,3,enformer,137.234130859375,1.0
14,75515513,stingseq_nonhits,-1,1,2,3,chrombpnet,0.75850119,0.978229112796002
14,75515513,stingseq_nonhits,-1,1,2,3,gpn_msa,3.93,0.6458951533135512
1,117609619,stingseq_nonhits,-1,1,1,3,alphagenome,0.8082248568534851,0.007070995432464333
1,117609619,stingseq_nonhits,-1,1,1,3,borzoi,3.6735384464263916,0.023653550743488256
1,117609619,stingseq_nonhits,-1,1,1,3,borzoi_prime,4.9424638748168945,0.06676154414771943
1,117609619,stingseq_nonhits,-1,1,1,3,enformer,2.43154239654541,0.022659977339294507
1,117609619,stingseq_nonhits,-1,1,1,3,chrombpnet,0.0223056302,0.01994927334428429
1,117609619,stingseq_nonhits,-1,1,1,3,gpn_msa,1.77,0.2898120672601386
2,235459395,stingseq_nonhits,-1,1,1,3,alphagenome,0.7230581641197205,0.0020814868305704783
2,235459395,stingseq_nonhits,-1,1,1,3,borzoi,1.6956825256347656,0.0
2,235459395,stingseq_nonhits,-1,1,1,3,borzoi_prime,1.0370304584503174,0.006684475988598563
2,235459395,stingseq_nonhits,-1,1,1,3,enformer,1.5567526817321777,0.005242577041319038
2,235459395,stingseq_nonhits,-1,1,1,3,chrombpnet,0.006235358708,0.0
2,235459395,stingseq_nonhits,-1,1,1,3,gpn_msa,1.56,0.25519287833827903
19,33263642,stingseq_nonhits,-1,1,4,3,alphagenome,2.209959030151367,0.08919188671917706
19,33263642,stingseq_nonhits,-1,1,4,3,borzoi,11.576669692993164,0.12802479077763732
19,33263642,stingseq_nonhits,-1,1,4,3,borzoi_prime,5.6804680824279785,0.07811422241809131
19,33263642,stingseq_nonhits,-1,1,4,3,enformer,15.035873413085938,0.273617064609285
19,33263642,stingseq_nonhits,-1,1,4,3,chrombpnet,0.07512694220000002,0.08870491538692339
19,33263642,stingseq_nonhits,-1,1,4,3,gpn_msa,0.82,0.13320145070886913
1,230158968,stingseq_nonhits,-1,1,1,3,alphagenome,5.5595526695251465,0.28542853440431787
1,230158968,stingseq_nonhits,-1,1,1,3,borzoi,44.642791748046875,0.564706411559996
1,230158968,stingseq_nonhits,-1,1,1,3,borzoi_prime,14.002934455871582,0.20613826642663785
1,230158968,stingseq_nonhits,-1,1,1,3,enformer,21.711576461791992,0.40653288460672615
1,230158968,stingseq_nonhits,-1,1,1,3,chrombpnet,0.03188613402,0.032419877846422675
1,230158968,stingseq_nonhits,-1,1,1,3,gpn_msa,1.54,0.25189581272667333
2,85550147,stingseq_nonhits,-1,1,1,3,alphagenome,2.385161876678467,0.09945618232304618
2,85550147,stingseq_nonhits,-1,1,1,3,borzoi,28.732938766479492,0.3545958828795381
2,85550147,stingseq_nonhits,-1,1,1,3,borzoi_prime,18.08672332763672,0.26895896677921166
2,85550147,stingseq_nonhits,-1,1,1,3,enformer,9.952774047851562,0.1724105976155867
2,85550147,stingseq_nonhits,-1,1,1,3,chrombpnet,0.09953589099999999,0.12047718462419456
2,85550147,stingseq_nonhits,-1,1,1,3,gpn_msa,0.1,0.014507088691064958
1,203312047,stingseq_nonhits,-1,1,7,1,alphagenome,2.200147867202759,0.08861709767482973
1,203312047,stingseq_nonhits,-1,1,7,1,borzoi,13.047226905822754,0.1474454324265865
1,203312047,stingseq_nonhits,-1,1,7,1,borzoi_prime,7.411430835723877,0.10474152756554546
1,203312047,stingseq_nonhits,-1,1,7,1,enformer,4.652376174926758,0.06687763360379653
1,203312047,stingseq_nonhits,-1,1,7,1,chrombpnet,0.18128882340000002,0.22689209828689327
1,203312047,stingseq_nonhits,-1,1,7,1,gpn_msa,5.02,0.8255852291460603
17,64128939,stingseq_nonhits,-1,1,1,3,alphagenome,5.19528865814209,0.264088050703281
17,64128939,stingseq_nonhits,-1,1,1,3,borzoi,23.570690155029297,0.2864216020619597
17,64128939,stingseq_nonhits,-1,1,1,3,borzoi_prime,13.803317070007324,0.2030675631223501
17,64128939,stingseq_nonhits,-1,1,1,3,enformer,15.820219039916992,0.28923368826540513
17,64128939,stingseq_nonhits,-1,1,1,3,chrombpnet,0.039035580740000006,0.041726060916681136
17,64128939,stingseq_nonhits,-1,1,1,3,gpn_msa,2.82,0.4629080118694363
1,174849409,stingseq_nonhits,-1,1,5,2,alphagenome,0.8552111983299255,0.009823700127726938
1,174849409,stingseq_nonhits,-1,1,5,2,borzoi,10.094051361083984,0.10844486619193024
1,174849409,stingseq_nonhits,-1,1,5,2,borzoi_prime,3.9316956996917725,0.05121295271723057
1,174849409,stingseq_nonhits,-1,1,5,2,enformer,6.018486022949219,0.0940774070706047
1,174849409,stingseq_nonhits,-1,1,5,2,chrombpnet,0.016926849099999995,0.012947903368140707
1,174849409,stingseq_nonhits,-1,1,5,2,gpn_msa,2.59,0.4249917573359711
2,218407571,stingseq_nonhits,-1,1,7,1,alphagenome,4.47214412689209,0.22172247628367084
2,218407571,stingseq_nonhits,-1,1,7,1,borzoi,16.434921264648438,0.192184390955325
2,218407571,stingseq_nonhits,-1,1,7,1,borzoi_prime,8.828776359558105,0.12654447606380284
2,218407571,stingseq_nonhits,-1,1,7,1,enformer,10.600512504577637,0.18530731987711851
2,218407571,stingseq_nonhits,-1,1,7,1,chrombpnet,0.2950980574,0.3750335710706618
2,218407571,stingseq_nonhits,-1,1,7,1,gpn_msa,1.78,0.29146060006594143
21,44845585,stingseq_nonhits,-1,1,1,3,alphagenome,3.477306842803955,0.16343972480992983
21,44845585,stingseq_nonhits,-1,1,1,3,borzoi,14.51439094543457,0.16682126276147033
21,44845585,stingseq_nonhits,-1,1,1,3,borzoi_prime,7.649908542633057,0.10841001705825401
21,44845585,stingseq_nonhits,-1,1,1,3,enformer,12.092704772949219,0.2150174429154544
21,44845585,stingseq_nonhits,-1,1,1,3,chrombpnet,0.008610868432,0.002123284130312722
21,44845585,stingseq_nonhits,-1,1,1,3,gpn_msa,1.24,0.20243982855258827
2,54959791,stingseq_nonhits,-1,1,1,3,alphagenome,0.9763118028640747,0.01691840450830614
2,54959791,stingseq_nonhits,-1,1,1,3,borzoi,5.769194602966309,0.05132944589432326
2,54959791,stingseq_nonhits,-1,1,1,3,borzoi_prime,1.8527984619140625,0.01923339046777995
2,54959791,stingseq_nonhits,-1,1,1,3,enformer,4.224059104919434,0.05834967569980324
2,54959791,stingseq_nonhits,-1,1,1,3,chrombpnet,0.013169790879999999,0.008057472965585115
2,54959791,stingseq_nonhits,-1,1,1,3,gpn_msa,0.93,0.15133531157270036
3,195961056,stingseq_nonhits,-1,1,6,2,alphagenome,1.3214291334152222,0.037137175886813784
3,195961056,stingseq_nonhits,-1,1,6,2,borzoi,11.627118110656738,0.12869102846812175
3,195961056,stingseq_nonhits,-1,1,6,2,borzoi_prime,6.886880397796631,0.09667239693328636
3,195961056,stingseq_nonhits,-1,1,6,2,enformer,14.209278106689453,0.25715923355327047
3,195961056,stingseq_nonhits,-1,1,6,2,chrombpnet,0.0971927624,0.11742721662488645
3,195961056,stingseq_nonhits,-1,1,6,2,gpn_msa,2.4,0.3936696340257172
3,129057049,stingseq_nonhits,-1,1,5,2,alphagenome,1.267818570137024,0.0339963897644134
3,129057049,stingseq_nonhits,-1,1,5,2,borzoi,8.627477645874023,0.08907683186699764
3,129057049,stingseq_nonhits,-1,1,5,2,borzoi_prime,6.503805160522461,0.090779571557402
3,129057049,stingseq_nonhits,-1,1,5,2,enformer,4.630504131317139,0.06644215278774139
3,129057049,stingseq_nonhits,-1,1,5,2,chrombpnet,0.1425570573,0.1764763220628793
3,129057049,stingseq_nonhits,-1,1,5,2,gpn_msa,1.22,0.19914276294098257
19,1036019,stingseq_nonhits,-1,1,2,3,alphagenome,1.855402946472168,0.06842014400396638
19,1036019,stingseq_nonhits,-1,1,2,3,borzoi,7.5245161056518555,0.07451077443084266
19,1036019,stingseq_nonhits,-1,1,2,3,borzoi_prime,4.828960418701172,0.06501552670423064
19,1036019,stingseq_nonhits,-1,1,2,3,enformer,4.705452919006348,0.06793441203007786
19,1036019,stingseq_nonhits,-1,1,2,3,chrombpnet,0.03937009312,0.04216148390386689
19,1036019,stingseq_nonhits,-1,1,2,3,gpn_msa,0.11,0.016155621496867792
20,62456792,stingseq_nonhits,-1,1,2,3,alphagenome,1.4610013961791992,0.04531404624884163
20,62456792,stingseq_nonhits,-1,1,2,3,borzoi,8.66068172454834,0.08951533538633819
20,62456792,stingseq_nonhits,-1,1,2,3,borzoi_prime,5.50918436050415,0.07547937431302766
20,62456792,stingseq_nonhits,-1,1,2,3,enformer,3.2803752422332764,0.03956056637122167
20,62456792,stingseq_nonhits,-1,1,2,3,chrombpnet,0.03470482256,0.03608886547561918
20,62456792,stingseq_nonhits,-1,1,2,3,gpn_msa,1.16,0.18925156610616556
3,196641059,stingseq_nonhits,-1,1,1,3,alphagenome,1.1583940982818604,0.02758573407198475
3,196641059,stingseq_nonhits,-1,1,1,3,borzoi,4.745922565460205,0.03781579312622862
3,196641059,stingseq_nonhits,-1,1,1,3,borzoi_prime,2.2679603099823,0.025619802418611927
3,196641059,stingseq_nonhits,-1,1,1,3,enformer,2.294264316558838,0.01992671787044706
3,196641059,stingseq_nonhits,-1,1,1,3,chrombpnet,0.005470507467999999,0.0
3,196641059,stingseq_nonhits,-1,1,1,3,gpn_msa,1.23,0.20079129574678542
6,37060919,stingseq_nonhits,-1,1,1,3,alphagenome,1.0683202743530273,0.022308740157200396
6,37060919,stingseq_nonhits,-1,1,1,3,borzoi,4.989941120147705,0.04103837900383746
6,37060919,stingseq_nonhits,-1,1,1,3,borzoi_prime,0.9011560082435608,0.004594326769322208
6,37060919,stingseq_nonhits,-1,1,1,3,enformer,3.124901294708252,0.03646502016840888
6,37060919,stingseq_nonhits,-1,1,1,3,chrombpnet,0.03564512400000001,0.03731282275295486
6,37060919,stingseq_nonhits,-1,1,1,3,gpn_msa,1.83,0.29970326409495557
4,87131067,stingseq_nonhits,-1,1,1,3,alphagenome,1.4628920555114746,0.045424810923373825
4,87131067,stingseq_nonhits,-1,1,1,3,borzoi,9.849609375,0.10521668834595574
4,87131067,stingseq_nonhits,-1,1,1,3,borzoi_prime,7.677489280700684,0.10883429004005003
4,87131067,stingseq_nonhits,-1,1,1,3,enformer,6.291730880737305,0.09951781747652101
4,87131067,stingseq_nonhits,-1,1,1,3,chrombpnet,0.06816833920000001,0.07964714686756447
4,87131067,stingseq_nonhits,-1,1,1,3,gpn_msa,4.7,0.7728321793603696
4,144104973,stingseq_nonhits,-1,1,7,1,alphagenome,5.719498634338379,0.2947990023849002
4,144104973,stingseq_nonhits,-1,1,7,1,borzoi,20.59700584411621,0.24715019060274596
4,144104973,stingseq_nonhits,-1,1,7,1,borzoi_prime,29.400712966918945,0.4430014491992847
4,144104973,stingseq_nonhits,-1,1,7,1,enformer,16.029033660888672,0.29339126782989544
4,144104973,stingseq_nonhits,-1,1,7,1,chrombpnet,0.584060122,0.7511653164831867
4,144104973,stingseq_nonhits,-1,1,7,1,gpn_msa,1.55,0.2535443455324762
20,59005013,stingseq_nonhits,-1,1,1,3,alphagenome,2.544017791748047,0.10876278951019076
20,59005013,stingseq_nonhits,-1,1,1,3,borzoi,11.822690963745117,0.13127382515427294
20,59005013,stingseq_nonhits,-1,1,1,3,borzoi_prime,6.237958908081055,0.0866900732290377
20,59005013,stingseq_nonhits,-1,1,1,3,enformer,6.073173522949219,0.09516625626792168
20,59005013,stingseq_nonhits,-1,1,1,3,chrombpnet,0.0290931824,0.028784391059817886
20,59005013,stingseq_nonhits,-1,1,1,3,gpn_msa,0.66,0.10682492581602378
8,140618442,stingseq_nonhits,-1,1,1,3,alphagenome,3.473062515258789,0.16319106998823726
8,140618442,stingseq_nonhits,-1,1,1,3,borzoi,7.866961479187012,0.07903321587395398
8,140618442,stingseq_nonhits,-1,1,1,3,borzoi_prime,4.421037197113037,0.05874046614774099
8,140618442,stingseq_nonhits,-1,1,1,3,enformer,11.714035034179688,0.20747798250663277
8,140618442,stingseq_nonhits,-1,1,1,3,chrombpnet,0.11338152900000001,0.13849956411715306
8,140618442,stingseq_nonhits,-1,1,1,3,gpn_msa,0.48,0.07715133531157271
14,102552390,stingseq_nonhits,-1,1,3,2,alphagenome,2.6546146869659424,0.11524213187185171
14,102552390,stingseq_nonhits,-1,1,3,2,borzoi,20.816818237304688,0.2500531022887845
14,102552390,stingseq_nonhits,-1,1,3,2,borzoi_prime,7.116950988769531,0.10021156022240152
14,102552390,stingseq_nonhits,-1,1,3,2,enformer,7.359133720397949,0.12077021930835374
14,102552390,stingseq_nonhits,-1,1,3,2,chrombpnet,0.0539594742,0.06115196757758047
14,102552390,stingseq_nonhits,-1,1,3,2,gpn_msa,1.34,0.21892515661061662
7,13979617,stingseq_nonhits,-1,1,1,3,alphagenome,0.7457150220870972,0.003408843618669585
7,13979617,stingseq_nonhits,-1,1,1,3,borzoi,7.7528557777404785,0.07752630004738023
7,13979617,stingseq_nonhits,-1,1,1,3,borzoi_prime,3.9586548805236816,0.051627664318141565
7,13979617,stingseq_nonhits,-1,1,1,3,enformer,5.098121166229248,0.07575258813614448
7,13979617,stingseq_nonhits,-1,1,1,3,chrombpnet,0.1053439252,0.12803729824701798
7,13979617,stingseq_nonhits,-1,1,1,3,gpn_msa,0.09,0.012858555885262121
1,205268009,stingseq_nonhits,-1,1,3,2,alphagenome,1.0693608522415161,0.02236970263160087
1,205268009,stingseq_nonhits,-1,1,3,2,borzoi,3.398789405822754,0.020025128391467764
1,205268009,stingseq_nonhits,-1,1,3,2,borzoi_prime,1.9402492046356201,0.020578640449262574
1,205268009,stingseq_nonhits,-1,1,3,2,enformer,1.7462114095687866,0.009014773315231482
1,205268009,stingseq_nonhits,-1,1,3,2,chrombpnet,0.02827834106,0.02772374077732236
1,205268009,stingseq_nonhits,-1,1,3,2,gpn_msa,2.4,0.3936696340257172
6,26035864,stingseq_nonhits,-1,1,1,3,alphagenome,1.3943040370941162,0.04140656744232118
6,26035864,stingseq_nonhits,-1,1,1,3,borzoi,4.6987810134887695,0.03719322694544674
6,26035864,stingseq_nonhits,-1,1,1,3,borzoi_prime,0.9238582849502563,0.00494355464742652
6,26035864,stingseq_nonhits,-1,1,1,3,enformer,3.768395185470581,0.04927723148607634
6,26035864,stingseq_nonhits,-1,1,1,3,chrombpnet,0.07217602919999999,0.08486381583364133
6,26035864,stingseq_nonhits,-1,1,1,3,gpn_msa,0.77,0.12495878667985497
6,135093712,stingseq_nonhits,-1,1,4,3,alphagenome,1.660249948501587,0.05698706458284247
6,135093712,stingseq_nonhits,-1,1,4,3,borzoi,6.140024185180664,0.05622673813578404
6,135093712,stingseq_nonhits,-1,1,4,3,borzoi_prime,2.1036689281463623,0.023092517097819936
6,135093712,stingseq_nonhits,-1,1,4,3,enformer,6.328689098358154,0.10025366983018004
6,135093712,stingseq_nonhits,-1,1,4,3,chrombpnet,0.10847705599999999,0.13211558429484593
6,135093712,stingseq_nonhits,-1,1,4,3,gpn_msa,0.53,0.0853939993405869
2,144606789,stingseq_nonhits,-1,1,1,3,alphagenome,1.557901382446289,0.05099095231955679
2,144606789,stingseq_nonhits,-1,1,1,3,borzoi,4.43011999130249,0.0336452048818368
2,144606789,stingseq_nonhits,-1,1,1,3,borzoi_prime,0.8989706635475159,0.004560709731657383
2,144606789,stingseq_nonhits,-1,1,1,3,enformer,3.140010118484497,0.03676584267156167
2,144606789,stingseq_nonhits,-1,1,1,3,chrombpnet,0.090154836,0.10826619562864843
2,144606789,stingseq_nonhits,-1,1,1,3,gpn_msa,1.58,0.25848994394988467
1,230161913,stingseq_nonhits,-1,1,1,3,alphagenome,0.7238928079605103,0.002130384615484549
1,230161913,stingseq_nonhits,-1,1,1,3,borzoi,4.726586818695068,0.037560439165386796
1,230161913,stingseq_nonhits,-1,1,1,3,borzoi_prime,1.9978009462356567,0.021463955735471763
1,230161913,stingseq_nonhits,-1,1,1,3,enformer,3.5886669158935547,0.04569877238547539
1,230161913,stingseq_nonhits,-1,1,1,3,chrombpnet,0.02204207796,0.019606216672898018
1,230161913,stingseq_nonhits,-1,1,1,3,gpn_msa,1.24,0.20243982855258827
15,65781690,stingseq_nonhits,-1,1,1,3,alphagenome,1.1372404098510742,0.026346440787259773
15,65781690,stingseq_nonhits,-1,1,1,3,borzoi,1.8638039827346802,0.0
15,65781690,stingseq_nonhits,-1,1,1,3,borzoi_prime,1.9213238954544067,0.020287513455560045
15,65781690,stingseq_nonhits,-1,1,1,3,enformer,1.4518135786056519,0.0031531990626862435
15,65781690,stingseq_nonhits,-1,1,1,3,chrombpnet,0.0528896512,0.05975941664592276
15,65781690,stingseq_nonhits,-1,1,1,3,gpn_msa,0.71,0.11506758984503794
20,62458634,stingseq_nonhits,-1,1,2,3,alphagenome,1.4311010837554932,0.043562330158330005
20,62458634,stingseq_nonhits,-1,1,2,3,borzoi,4.085207939147949,0.029090187704090838
20,62458634,stingseq_nonhits,-1,1,2,3,borzoi_prime,3.0325796604156494,0.03738189997205165
20,62458634,stingseq_nonhits,-1,1,2,3,enformer,2.7200167179107666,0.028403612233287235
20,62458634,stingseq_nonhits,-1,1,2,3,chrombpnet,0.017248404000000002,0.01336646005983093
20,62458634,stingseq_nonhits,-1,1,2,3,gpn_msa,1.59,0.2601384767556875
6,109373851,stingseq_nonhits,-1,1,5,2,alphagenome,1.9170730113983154,0.0720330977250914
6,109373851,stingseq_nonhits,-1,1,5,2,borzoi,15.743232727050781,0.18304973430669147
6,109373851,stingseq_nonhits,-1,1,5,2,borzoi_prime,9.839606285095215,0.14209401739749433
6,109373851,stingseq_nonhits,-1,1,5,2,enformer,11.213397026062012,0.1975100868579873
6,109373851,stingseq_nonhits,-1,1,5,2,chrombpnet,0.151703496,0.18838191928133044
6,109373851,stingseq_nonhits,-1,1,5,2,gpn_msa,0.03,0.002967359050445104
3,171673576,stingseq_nonhits,-1,1,1,3,alphagenome,0.9973750114440918,0.018152397011948526
3,171673576,stingseq_nonhits,-1,1,1,3,borzoi,0.8254542350769043,0.0
3,171673576,stingseq_nonhits,-1,1,1,3,borzoi_prime,0.9419319033622742,0.005221580128713797
3,171673576,stingseq_nonhits,-1,1,1,3,enformer,0.5816680788993835,0.0
3,171673576,stingseq_nonhits,-1,1,1,3,chrombpnet,0.00781642682,0.0010891874554999263
3,171673576,stingseq_nonhits,-1,1,1,3,gpn_msa,0.85,0.13814704912627765
3,196086886,stingseq_nonhits,-1,1,1,3,alphagenome,1.1891227960586548,0.029385981292592477
3,196086886,stingseq_nonhits,-1,1,1,3,borzoi,3.1156342029571533,0.01628569161341323
3,196086886,stingseq_nonhits,-1,1,1,3,borzoi_prime,0.8935664892196655,0.0044775776142136564
3,196086886,stingseq_nonhits,-1,1,1,3,enformer,1.688275694847107,0.007861250911196077
3,196086886,stingseq_nonhits,-1,1,1,3,chrombpnet,0.025775125,0.024465392567858246
3,196086886,stingseq_nonhits,-1,1,1,3,gpn_msa,0.24,0.03758654797230466
6,135178322,stingseq_nonhits,-1,1,1,3,alphagenome,0.7782449722290039,0.005314617587838568
6,135178322,stingseq_nonhits,-1,1,1,3,borzoi,1.1223490238189697,0.0
6,135178322,stingseq_nonhits,-1,1,1,3,borzoi_prime,1.1599563360214233,0.00857543802482494
6,135178322,stingseq_nonhits,-1,1,1,3,enformer,0.8759342432022095,0.0
6,135178322,stingseq_nonhits,-1,1,1,3,chrombpnet,0.01154331008,0.005940340175054939
6,135178322,stingseq_nonhits,-1,1,1,3,gpn_msa,2.2,0.36069897790966055
12,120718238,stingseq_nonhits,-1,1,4,3,alphagenome,2.777618169784546,0.12244831677684581
12,120718238,stingseq_nonhits,-1,1,4,3,borzoi,12.233146667480469,0.13669443243528678
12,120718238,stingseq_nonhits,-1,1,4,3,borzoi_prime,4.600763320922852,0.061505183258228104
12,120718238,stingseq_nonhits,-1,1,4,3,enformer,11.327369689941406,0.1997793265120427
12,120718238,stingseq_nonhits,-1,1,4,3,chrombpnet,0.647599574,0.8338723839883908
12,120718238,stingseq_nonhits,-1,1,4,3,gpn_msa,2.75,0.4513682822288165
1,150611627,stingseq_nonhits,-1,1,7,1,alphagenome,5.310500144958496,0.2708377398840555
1,150611627,stingseq_nonhits,-1,1,7,1,borzoi,63.197330474853516,0.8097434930357363
1,150611627,stingseq_nonhits,-1,1,7,1,borzoi_prime,25.127840042114258,0.37727207922385797
1,150611627,stingseq_nonhits,-1,1,7,1,enformer,23.096637725830078,0.4341099880688099
1,150611627,stingseq_nonhits,-1,1,7,1,chrombpnet,0.07227171988600001,0.08498837303043023
1,150611627,stingseq_nonhits,-1,1,7,1,gpn_msa,1.74,0.28486646884273004
13,112711166,stingseq_nonhits,-1,1,1,3,alphagenome,2.0248029232025146,0.07834447726061745
13,112711166,stingseq_nonhits,-1,1,1,3,borzoi,7.143685817718506,0.06948140972031319
13,112711166,stingseq_nonhits,-1,1,1,3,borzoi_prime,5.793363571166992,0.07985088753275124
13,112711166,stingseq_nonhits,-1,1,1,3,enformer,4.3890557289123535,0.061634822060392065
13,112711166,stingseq_nonhits,-1,1,1,3,chrombpnet,0.0613363832,0.07075423028898609
13,112711166,stingseq_nonhits,-1,1,1,3,gpn_msa,0.68,0.11012199142762945
19,43779691,stingseq_nonhits,-1,1,3,2,alphagenome,4.9007978439331055,0.24683524442996754
19,43779691,stingseq_nonhits,-1,1,3,2,borzoi,7.738192081451416,0.07733264665641086
19,43779691,stingseq_nonhits,-1,1,3,2,borzoi_prime,3.825645685195923,0.04958159115760364
19,43779691,stingseq_nonhits,-1,1,3,2,enformer,9.328564643859863,0.15998234786026658
19,43779691,stingseq_nonhits,-1,1,3,2,chrombpnet,0.02583707054,0.024546024896233164
19,43779691,stingseq_nonhits,-1,1,3,2,gpn_msa,2.16,0.3541048466864492
16,85382232,stingseq_nonhits,-1,1,7,1,alphagenome,4.448929786682129,0.22036245928116757
16,85382232,stingseq_nonhits,-1,1,7,1,borzoi,22.086755752563477,0.26682429703403504
16,85382232,stingseq_nonhits,-1,1,7,1,borzoi_prime,13.189748764038086,0.19362907550570954
16,85382232,stingseq_nonhits,-1,1,7,1,enformer,12.333870887756348,0.21981915318796266
16,85382232,stingseq_nonhits,-1,1,7,1,chrombpnet,0.23353921100000002,0.2949045881397532
16,85382232,stingseq_nonhits,-1,1,7,1,gpn_msa,4.68,0.7695351137487638
16,88460814,stingseq_nonhits,-1,1,3,2,alphagenome,1.480961799621582,0.04648343068160776
16,88460814,stingseq_nonhits,-1,1,3,2,borzoi,6.378036975860596,0.059370010002620925
16,88460814,stingseq_nonhits,-1,1,3,2,borzoi_prime,2.797090768814087,0.03375938726138175
16,88460814,stingseq_nonhits,-1,1,3,2,enformer,3.2946128845214844,0.03984404331526192
16,88460814,stingseq_nonhits,-1,1,3,2,chrombpnet,0.0769114058,0.0910276888257906
16,88460814,stingseq_nonhits,-1,1,3,2,gpn_msa,0.16,0.024398285525881972
14,103092865,stingseq_nonhits,-1,1,1,3,alphagenome,1.12477445602417,0.02561612026108192
14,103092865,stingseq_nonhits,-1,1,1,3,borzoi,2.39475154876709,0.006765488267478589
14,103092865,stingseq_nonhits,-1,1,1,3,borzoi_prime,1.5434757471084595,0.014475096102124264
14,103092865,stingseq_nonhits,-1,1,1,3,enformer,1.9921296834945679,0.013911100906905317
14,103092865,stingseq_nonhits,-1,1,1,3,chrombpnet,0.044746557,0.04915983763632356
14,103092865,stingseq_nonhits,-1,1,1,3,gpn_msa,2.24,0.3672931091328719
1,182330529,stingseq_nonhits,-1,1,3,2,alphagenome,6.369089126586914,0.33285539796332764
1,182330529,stingseq_nonhits,-1,1,3,2,borzoi,11.498010635375977,0.12698599449205245
1,182330529,stingseq_nonhits,-1,1,3,2,borzoi_prime,23.932283401489258,0.35888089695816705
1,182330529,stingseq_nonhits,-1,1,3,2,enformer,12.410070419311523,0.2213363152226101
1,182330529,stingseq_nonhits,-1,1,3,2,chrombpnet,0.20897351399999997,0.26292828528949574
1,182330529,stingseq_nonhits,-1,1,3,2,gpn_msa,3.39,0.556874381800198
22,21591562,stingseq_nonhits,-1,1,3,2,alphagenome,1.2711386680603027,0.03419089839936903
22,21591562,stingseq_nonhits,-1,1,3,2,borzoi,6.984173774719238,0.06737484344818574
22,21591562,stingseq_nonhits,-1,1,3,2,borzoi_prime,2.4431328773498535,0.02831447241996087
22,21591562,stingseq_nonhits,-1,1,3,2,enformer,3.626662254333496,0.04645527421426839
22,21591562,stingseq_nonhits,-1,1,3,2,chrombpnet,0.0188252388,0.015418970400149178
22,21591562,stingseq_nonhits,-1,1,3,2,gpn_msa,0.64,0.1035278602044181
5,154648189,stingseq_nonhits,-1,1,1,3,alphagenome,0.8236333727836609,0.007973706578197844
5,154648189,stingseq_nonhits,-1,1,1,3,borzoi,9.077356338500977,0.09501807155409185
5,154648189,stingseq_nonhits,-1,1,1,3,borzoi_prime,3.2567250728607178,0.04082991656467474
5,154648189,stingseq_nonhits,-1,1,1,3,enformer,5.71494722366333,0.08803383261653387
5,154648189,stingseq_nonhits,-1,1,1,3,chrombpnet,0.0797988962,0.09478623341370156
5,154648189,stingseq_nonhits,-1,1,1,3,gpn_msa,1.77,0.2898120672601386
7,93053295,stingseq_nonhits,-1,1,7,1,alphagenome,1.182891607284546,0.02902092578802297
7,93053295,stingseq_nonhits,-1,1,7,1,borzoi,18.476707458496094,0.21914886241454068
7,93053295,stingseq_nonhits,-1,1,7,1,borzoi_prime,2.6509032249450684,0.03151059228763353
7,93053295,stingseq_nonhits,-1,1,7,1,enformer,9.378162384033203,0.16096985797823646
7,93053295,stingseq_nonhits,-1,1,7,1,chrombpnet,0.028791930599999998,0.02839226219854498
7,93053295,stingseq_nonhits,-1,1,7,1,gpn_msa,0.99,0.16122650840751737
1,117708553,stingseq_nonhits,-1,1,7,1,alphagenome,2.4332356452941895,0.10227259416591802
1,117708553,stingseq_nonhits,-1,1,7,1,borzoi,13.752004623413086,0.15675294890814503
1,117708553,stingseq_nonhits,-1,1,7,1,borzoi_prime,9.609807014465332,0.1385590278143428
1,117708553,stingseq_nonhits,-1,1,7,1,enformer,7.922824382781982,0.13199351759904043
1,117708553,stingseq_nonhits,-1,1,7,1,chrombpnet,0.224386929,0.282991384903429
1,117708553,stingseq_nonhits,-1,1,7,1,gpn_msa,1.43,0.23376195186284213
1,207860984,stingseq_nonhits,-1,1,1,3,alphagenome,0.8645253777503967,0.01036937328757713
1,207860984,stingseq_nonhits,-1,1,1,3,borzoi,4.246410369873047,0.03121907776884921
1,207860984,stingseq_nonhits,-1,1,1,3,borzoi_prime,3.2613401412963867,0.040900909909435595
1,207860984,stingseq_nonhits,-1,1,1,3,enformer,2.258275032043457,0.019210157348269512
1,207860984,stingseq_nonhits,-1,1,1,3,chrombpnet,0.032760508,0.03355801967031902
1,207860984,stingseq_nonhits,-1,1,1,3,gpn_msa,0.22,0.03428948236069899
2,64641198,stingseq_nonhits,-1,1,1,3,alphagenome,1.0763087272644043,0.02277674535075345
2,64641198,stingseq_nonhits,-1,1,1,3,borzoi,3.3209993839263916,0.018997808865281993
2,64641198,stingseq_nonhits,-1,1,1,3,borzoi_prime,0.9677539467811584,0.005618799207134895
2,64641198,stingseq_nonhits,-1,1,1,3,enformer,1.9775577783584595,0.013620968660764413
2,64641198,stingseq_nonhits,-1,1,1,3,chrombpnet,0.007059799720000001,0.00010431259954481497
2,64641198,stingseq_nonhits,-1,1,1,3,gpn_msa,3.42,0.5618199802176065
18,3439158,stingseq_nonhits,-1,1,1,3,alphagenome,1.2684208154678345,0.03403167243375367
18,3439158,stingseq_nonhits,-1,1,1,3,borzoi,7.623289108276367,0.07581520180831977
18,3439158,stingseq_nonhits,-1,1,1,3,borzoi_prime,1.2370697259902954,0.00976166907557753
18,3439158,stingseq_nonhits,-1,1,1,3,enformer,3.705320358276367,0.048021387372497795
18,3439158,stingseq_nonhits,-1,1,1,3,chrombpnet,0.068383382,0.07992706050887362
18,3439158,stingseq_nonhits,-1,1,1,3,gpn_msa,1.23,0.20079129574678542
4,153538803,stingseq_nonhits,-1,1,1,3,alphagenome,1.6457772254943848,0.05613917706227149
4,153538803,stingseq_nonhits,-1,1,1,3,borzoi,6.443685531616211,0.06023698550345688
4,153538803,stingseq_nonhits,-1,1,1,3,borzoi_prime,7.599989414215088,0.10764211384222624
4,153538803,stingseq_nonhits,-1,1,1,3,enformer,3.427821159362793,0.04249627139548021
4,153538803,stingseq_nonhits,-1,1,1,3,chrombpnet,0.025415715659999998,0.023997562084438574
4,153538803,stingseq_nonhits,-1,1,1,3,gpn_msa,2.03,0.3326739202110123
10,97315182,stingseq_nonhits,-1,1,1,3,alphagenome,0.8195523619651794,0.007734619701278853
10,97315182,stingseq_nonhits,-1,1,1,3,borzoi,1.7885197401046753,0.0
10,97315182,stingseq_nonhits,-1,1,1,3,borzoi_prime,1.416198968887329,0.012517204399702664
10,97315182,stingseq_nonhits,-1,1,1,3,enformer,1.2856618165969849,0.0
10,97315182,stingseq_nonhits,-1,1,1,3,chrombpnet,0.0100065855,0.003940039895868293
10,97315182,stingseq_nonhits,-1,1,1,3,gpn_msa,2.64,0.4332344213649853
6,135094070,stingseq_nonhits,-1,1,1,3,alphagenome,0.8846622705459595,0.0115490973862099
6,135094070,stingseq_nonhits,-1,1,1,3,borzoi,5.220188617706299,0.044079099964328856
6,135094070,stingseq_nonhits,-1,1,1,3,borzoi_prime,0.8407756686210632,0.0036654993147892676
6,135094070,stingseq_nonhits,-1,1,1,3,enformer,2.717635154724121,0.028356194392571556
6,135094070,stingseq_nonhits,-1,1,1,3,chrombpnet,0.019776069880000004,0.016656633739134324
6,135094070,stingseq_nonhits,-1,1,1,3,gpn_msa,4.57,0.7514012528849328
7,22700894,stingseq_nonhits,-1,1,7,1,alphagenome,10.194019317626953,0.5569397374773317
7,22700894,stingseq_nonhits,-1,1,7,1,borzoi,106.82112121582031,1.0
7,22700894,stingseq_nonhits,-1,1,7,1,borzoi_prime,35.38677978515625,0.5350847869249273
7,22700894,stingseq_nonhits,-1,1,7,1,enformer,56.57900619506836,1.0
7,22700894,stingseq_nonhits,-1,1,7,1,chrombpnet,0.411495956,0.5265446174198513
7,22700894,stingseq_nonhits,-1,1,7,1,gpn_msa,6.09,1.0
2,39519402,stingseq_nonhits,-1,1,1,3,alphagenome,0.6468613147735596,0.0
2,39519402,stingseq_nonhits,-1,1,1,3,borzoi,2.469679117202759,0.007755005331841094
2,39519402,stingseq_nonhits,-1,1,1,3,borzoi_prime,1.372025728225708,0.011837689860057427
2,39519402,stingseq_nonhits,-1,1,1,3,enformer,1.5596954822540283,0.0053011693336359475
2,39519402,stingseq_nonhits,-1,1,1,3,chrombpnet,0.0144196104,0.009684319029821897
2,39519402,stingseq_nonhits,-1,1,1,3,gpn_msa,0.98,0.15957797560171452
2,64655280,stingseq_nonhits,-1,1,1,3,alphagenome,0.9549492597579956,0.015666875428513045
2,64655280,stingseq_nonhits,-1,1,1,3,borzoi,5.622996807098389,0.04939871176263048
2,64655280,stingseq_nonhits,-1,1,1,3,borzoi_prime,2.5720102787017822,0.030296986420261893
2,64655280,stingseq_nonhits,-1,1,1,3,enformer,2.6641428470611572,0.027291141935219313
2,64655280,stingseq_nonhits,-1,1,1,3,chrombpnet,0.015638627093999997,0.01127107013999245
2,64655280,stingseq_nonhits,-1,1,1,3,gpn_msa,1.19,0.19419716452357408
3,196197165,stingseq_nonhits,-1,1,2,3,alphagenome,1.2087725400924683,0.03053716567858491
3,196197165,stingseq_nonhits,-1,1,2,3,borzoi,2.815568208694458,0.012322925598755122
3,196197165,stingseq_nonhits,-1,1,2,3,borzoi_prime,1.5872832536697388,0.015148984574152454
3,196197165,stingseq_nonhits,-1,1,2,3,enformer,2.1996631622314453,0.018043172435847916
3,196197165,stingseq_nonhits,-1,1,2,3,chrombpnet,0.0225977596,0.02032952789866815
3,196197165,stingseq_nonhits,-1,1,2,3,gpn_msa,1.06,0.17276623804813723
9,4856877,stingseq_nonhits,-1,1,1,3,alphagenome,0.7732927799224854,0.005024492360258715
9,4856877,stingseq_nonhits,-1,1,1,3,borzoi,4.014412879943848,0.028155245858017746
9,4856877,stingseq_nonhits,-1,1,1,3,borzoi_prime,2.0115933418273926,0.021676123400799205
9,4856877,stingseq_nonhits,-1,1,1,3,enformer,2.5789382457733154,0.02559468549233969
9,4856877,stingseq_nonhits,-1,1,1,3,chrombpnet,0.040974195000000005,0.0442494868421734
9,4856877,stingseq_nonhits,-1,1,1,3,gpn_msa,0.52,0.08374546653478407
4,122760001,stingseq_nonhits,-1,1,5,2,alphagenome,0.8387949466705322,0.00886195057239961
4,122760001,stingseq_nonhits,-1,1,5,2,borzoi,11.438606262207031,0.12620148163282496
4,122760001,stingseq_nonhits,-1,1,5,2,borzoi_prime,0.8077057003974915,0.0031567858064084605
4,122760001,stingseq_nonhits,-1,1,5,2,enformer,5.89725399017334,0.09166363058462305
4,122760001,stingseq_nonhits,-1,1,5,2,chrombpnet,0.040281517739999995,0.04334785324133371
4,122760001,stingseq_nonhits,-1,1,5,2,gpn_msa,3.1,0.5090669304319158
11,61061203,stingseq_nonhits,-1,1,2,3,alphagenome,4.1572465896606445,0.20327413785114432
11,61061203,stingseq_nonhits,-1,1,2,3,borzoi,15.368389129638672,0.17809943171646703
11,61061203,stingseq_nonhits,-1,1,2,3,borzoi_prime,4.235856533050537,0.05589184214354933
11,61061203,stingseq_nonhits,-1,1,2,3,enformer,6.020150184631348,0.0941105411709346
11,61061203,stingseq_nonhits,-1,1,2,3,chrombpnet,0.0410387988,0.044333579333995524
11,61061203,stingseq_nonhits,-1,1,2,3,gpn_msa,5.58,0.9179030662710191
7,22695269,stingseq_nonhits,-1,1,7,1,alphagenome,0.6867824196815491,0.0
7,22695269,stingseq_nonhits,-1,1,7,1,borzoi,3.7352380752563477,0.024468375471778922
7,22695269,stingseq_nonhits,-1,1,7,1,borzoi_prime,4.790883541107178,0.06442979218346928
7,22695269,stingseq_nonhits,-1,1,7,1,enformer,2.1584177017211914,0.017221959424290268
7,22695269,stingseq_nonhits,-1,1,7,1,chrombpnet,0.006141866479999999,0.0
7,22695269,stingseq_nonhits,-1,1,7,1,gpn_msa,2.43,0.39861523244312574
5,176186941,stingseq_nonhits,-1,1,1,3,alphagenome,0.9035236835479736,0.012654097232941208
5,176186941,stingseq_nonhits,-1,1,1,3,borzoi,7.357344150543213,0.07230304894719948
5,176186941,stingseq_nonhits,-1,1,1,3,borzoi_prime,2.4567177295684814,0.028523447456956733
5,176186941,stingseq_nonhits,-1,1,1,3,enformer,9.301007270812988,0.15943366994443106
5,176186941,stingseq_nonhits,-1,1,1,3,chrombpnet,0.09720772280000001,0.11744669005082511
5,176186941,stingseq_nonhits,-1,1,1,3,gpn_msa,2.92,0.4793933399274647
5,119291576,stingseq_nonhits,-1,1,1,3,alphagenome,1.2306544780731201,0.031819123616318536
5,119291576,stingseq_nonhits,-1,1,1,3,borzoi,12.577662467956543,0.14124421658858247
5,119291576,stingseq_nonhits,-1,1,1,3,borzoi_prime,12.017897605895996,0.1756025533775855
5,119291576,stingseq_nonhits,-1,1,1,3,enformer,10.487947463989258,0.18306610654517597
5,119291576,stingseq_nonhits,-1,1,1,3,chrombpnet,0.02278839714,0.020577674072321115
5,119291576,stingseq_nonhits,-1,1,1,3,gpn_msa,0.77,0.12495878667985497
14,73757874,stingseq_nonhits,-1,1,1,3,alphagenome,1.2552015781402588,0.033257220635295306
14,73757874,stingseq_nonhits,-1,1,1,3,borzoi,5.93815803527832,0.05356083019007205
14,73757874,stingseq_nonhits,-1,1,1,3,borzoi_prime,3.9288651943206787,0.05116941120826736
14,73757874,stingseq_nonhits,-1,1,1,3,enformer,3.3158628940582275,0.040267139193242464
14,73757874,stingseq_nonhits,-1,1,1,3,chrombpnet,0.0180643526,0.014428551623682891
14,73757874,stingseq_nonhits,-1,1,1,3,gpn_msa,3.71,0.6096274315858887
3,196066468,stingseq_nonhits,-1,1,3,2,alphagenome,1.3033850193023682,0.03608005766735818
3,196066468,stingseq_nonhits,-1,1,3,2,borzoi,2.0127999782562256,0.0017213155461249586
3,196066468,stingseq_nonhits,-1,1,3,2,borzoi_prime,2.155587673187256,0.023891180306744815
3,196066468,stingseq_nonhits,-1,1,3,2,enformer,1.1929116249084473,0.0
3,196066468,stingseq_nonhits,-1,1,3,2,chrombpnet,0.0164291132,0.012300018071914625
3,196066468,stingseq_nonhits,-1,1,3,2,gpn_msa,1.12,0.18265743488295424
10,99520522,stingseq_nonhits,-1,1,4,3,alphagenome,6.582447052001953,0.3453550168867536
10,99520522,stingseq_nonhits,-1,1,4,3,borzoi,28.002197265625,0.34494548049988244
10,99520522,stingseq_nonhits,-1,1,4,3,borzoi_prime,14.957632064819336,0.22082432741125055
10,99520522,stingseq_nonhits,-1,1,4,3,enformer,12.646930694580078,0.22605229457076909
10,99520522,stingseq_nonhits,-1,1,4,3,chrombpnet,0.0403145558,0.043390857720797295
10,99520522,stingseq_nonhits,-1,1,4,3,gpn_msa,7.33,1.0
1,198665080,stingseq_nonhits,-1,1,3,2,alphagenome,1.546014666557312,0.05029456656976935
1,198665080,stingseq_nonhits,-1,1,3,2,borzoi,6.157586574554443,0.056458672580463824
1,198665080,stingseq_nonhits,-1,1,3,2,borzoi_prime,3.9089789390563965,0.05086350203364534
1,198665080,stingseq_nonhits,-1,1,3,2,enformer,3.2474749088287354,0.0389055080559029
1,198665080,stingseq_nonhits,-1,1,3,2,chrombpnet,0.0291295456,0.028831723756944472
1,198665080,stingseq_nonhits,-1,1,3,2,gpn_msa,0.86,0.1397955819320805
5,142186962,stingseq_nonhits,-1,1,2,3,alphagenome,2.2624521255493164,0.09226720575084195
5,142186962,stingseq_nonhits,-1,1,2,3,borzoi,16.093286514282227,0.18767265485705784
5,142186962,stingseq_nonhits,-1,1,2,3,borzoi_prime,7.177397727966309,0.10114140909794576
5,142186962,stingseq_nonhits,-1,1,2,3,enformer,8.883697509765625,0.15112487180319295
5,142186962,stingseq_nonhits,-1,1,2,3,chrombpnet,0.019227753372,0.015942909446369346
5,142186962,stingseq_nonhits,-1,1,2,3,gpn_msa,1.81,0.2964061984833499
20,62459722,stingseq_nonhits,-1,1,2,3,alphagenome,1.6351206302642822,0.05551485818994292
20,62459722,stingseq_nonhits,-1,1,2,3,borzoi,8.938203811645508,0.09318037946361825
20,62459722,stingseq_nonhits,-1,1,2,3,borzoi_prime,3.635103702545166,0.04665049428346119
20,62459722,stingseq_nonhits,-1,1,2,3,enformer,8.676300048828125,0.14699550844104664
20,62459722,stingseq_nonhits,-1,1,2,3,chrombpnet,0.1046661214,0.12715502490538005
20,62459722,stingseq_nonhits,-1,1,2,3,gpn_msa,1.23,0.20079129574678542
1,211630419,stingseq_nonhits,-1,1,7,1,alphagenome,18.968494415283203,1.0
1,211630419,stingseq_nonhits,-1,1,7,1,borzoi,72.65568542480469,0.9346535070556072
1,211630419,stingseq_nonhits,-1,1,7,1,borzoi_prime,83.40560913085938,1.0
1,211630419,stingseq_nonhits,-1,1,7,1,enformer,44.46220779418945,0.8595067207618876
1,211630419,stingseq_nonhits,-1,1,7,1,chrombpnet,1.23682919,1.0
1,211630419,stingseq_nonhits,-1,1,7,1,gpn_msa,4.87,0.8008572370590178
4,39325724,stingseq_nonhits,-1,1,1,3,alphagenome,0.7772984504699707,0.005259165411559525
4,39325724,stingseq_nonhits,-1,1,1,3,borzoi,4.288159370422363,0.031770428217370666
4,39325724,stingseq_nonhits,-1,1,1,3,borzoi_prime,1.7887886762619019,0.018248731443928697
4,39325724,stingseq_nonhits,-1,1,1,3,enformer,2.7176034450531006,0.028355563040803094
4,39325724,stingseq_nonhits,-1,1,1,3,chrombpnet,0.0404574682,0.043576881760068686
4,39325724,stingseq_nonhits,-1,1,1,3,gpn_msa,0.98,0.15957797560171452
1,171226920,stingseq_nonhits,-1,1,6,2,alphagenome,1.867652416229248,0.06913778176539326
1,171226920,stingseq_nonhits,-1,1,6,2,borzoi,8.684806823730469,0.08983393904342404
1,171226920,stingseq_nonhits,-1,1,6,2,borzoi_prime,7.656234264373779,0.10850732528903333
1,171226920,stingseq_nonhits,-1,1,6,2,enformer,4.47817850112915,0.06340929079622608
1,171226920,stingseq_nonhits,-1,1,6,2,chrombpnet,0.1376156528,0.17004426980734488
1,171226920,stingseq_nonhits,-1,1,6,2,gpn_msa,1.27,0.20738542696999676
15,90976901,stingseq_nonhits,-1,1,1,3,alphagenome,0.841911792755127,0.00904455165564796
15,90976901,stingseq_nonhits,-1,1,1,3,borzoi,4.1356306076049805,0.029756085342444914
15,90976901,stingseq_nonhits,-1,1,1,3,borzoi_prime,2.8136143684387207,0.03401356888863036
15,90976901,stingseq_nonhits,-1,1,1,3,enformer,2.0213699340820312,0.014493285563024297
15,90976901,stingseq_nonhits,-1,1,1,3,chrombpnet,0.0376966472,0.039983218270229576
15,90976901,stingseq_nonhits,-1,1,1,3,gpn_msa,0.29,0.045829212001318835
16,85383406,stingseq_nonhits,-1,1,1,3,alphagenome,1.337214708328247,0.03806197711234208
16,85383406,stingseq_nonhits,-1,1,1,3,borzoi,3.868609666824341,0.026229722710359404
16,85383406,stingseq_nonhits,-1,1,1,3,borzoi_prime,1.1595425605773926,0.008569072939851418
16,85383406,stingseq_nonhits,-1,1,1,3,enformer,1.2685039043426514,0.0
16,85383406,stingseq_nonhits,-1,1,1,3,chrombpnet,0.01431079888,0.009542682905387208
16,85383406,stingseq_nonhits,-1,1,1,3,gpn_msa,1.25,0.2040883613583911
3,196071729,stingseq_nonhits,-1,1,3,2,alphagenome,1.1963567733764648,0.029809785374852075
3,196071729,stingseq_nonhits,-1,1,3,2,borzoi,5.64127779006958,0.04964013618065154
3,196071729,stingseq_nonhits,-1,1,3,2,borzoi_prime,2.624310255050659,0.03110151408949945
3,196071729,stingseq_nonhits,-1,1,3,2,enformer,1.7270426750183105,0.008633116424189324
3,196071729,stingseq_nonhits,-1,1,3,2,chrombpnet,0.033232572599999996,0.034172489539196965
3,196071729,stingseq_nonhits,-1,1,3,2,gpn_msa,0.62,0.10023079459281242
2,231717375,stingseq_nonhits,-1,1,7,1,alphagenome,2.4084973335266113,0.10082329496926473
2,231717375,stingseq_nonhits,-1,1,7,1,borzoi,8.049781799316406,0.08144759859392135
2,231717375,stingseq_nonhits,-1,1,7,1,borzoi_prime,6.434340000152588,0.08971099280331644
2,231717375,stingseq_nonhits,-1,1,7,1,enformer,5.631389141082764,0.08637015899555658
2,231717375,stingseq_nonhits,-1,1,7,1,chrombpnet,0.0445128864,0.048855676843621396
2,231717375,stingseq_nonhits,-1,1,7,1,gpn_msa,1.26,0.20573689416419394
4,153459123,stingseq_nonhits,-1,1,1,3,alphagenome,1.9775006771087646,0.07557326522692419
4,153459123,stingseq_nonhits,-1,1,1,3,borzoi,22.568561553955078,0.2731871761737094
4,153459123,stingseq_nonhits,-1,1,1,3,borzoi_prime,2.8007497787475586,0.03381567361061174
4,153459123,stingseq_nonhits,-1,1,1,3,enformer,9.088045120239258,0.15519351146742805
4,153459123,stingseq_nonhits,-1,1,1,3,chrombpnet,0.16232106480000003,0.20220243475387106
4,153459123,stingseq_nonhits,-1,1,1,3,gpn_msa,0.62,0.10023079459281242
10,93072371,stingseq_nonhits,-1,1,3,2,alphagenome,1.060262680053711,0.021836684300896476
10,93072371,stingseq_nonhits,-1,1,3,2,borzoi,6.306763648986816,0.05842875200308977
10,93072371,stingseq_nonhits,-1,1,3,2,borzoi_prime,3.945847749710083,0.05143065292688677
10,93072371,stingseq_nonhits,-1,1,3,2,enformer,3.2242467403411865,0.03844302627098292
10,93072371,stingseq_nonhits,-1,1,3,2,chrombpnet,0.0748800428,0.08838353513103457
10,93072371,stingseq_nonhits,-1,1,3,2,gpn_msa,2.87,0.47115067589845055
9,4832636,stingseq_nonhits,-1,1,1,3,alphagenome,0.6326208114624023,0.0
9,4832636,stingseq_nonhits,-1,1,1,3,borzoi,2.7410449981689453,0.011338748612291356
9,4832636,stingseq_nonhits,-1,1,1,3,borzoi_prime,1.5507426261901855,0.014586882104688637
9,4832636,stingseq_nonhits,-1,1,1,3,enformer,1.8940681219100952,0.011958657430445392
9,4832636,stingseq_nonhits,-1,1,1,3,chrombpnet,0.02193026216,0.019460669982965147
9,4832636,stingseq_nonhits,-1,1,1,3,gpn_msa,1.77,0.2898120672601386
2,39524434,stingseq_nonhits,-1,1,1,3,alphagenome,4.090062141418457,0.19933812282393418
2,39524434,stingseq_nonhits,-1,1,1,3,borzoi,13.242155075073242,0.15001971521495575
2,39524434,stingseq_nonhits,-1,1,1,3,borzoi_prime,6.1803202629089355,0.08580342110994298
2,39524434,stingseq_nonhits,-1,1,1,3,enformer,6.704163074493408,0.10772950137355437
2,39524434,stingseq_nonhits,-1,1,1,3,chrombpnet,0.1062979642,0.12927913722251932
2,39524434,stingseq_nonhits,-1,1,1,3,gpn_msa,2.82,0.4629080118694363
1,219901666,stingseq_nonhits,-1,1,1,3,alphagenome,0.71419358253479,0.001562153454452832
1,219901666,stingseq_nonhits,-1,1,1,3,borzoi,5.82487678527832,0.05206480232893099
1,219901666,stingseq_nonhits,-1,1,1,3,borzoi_prime,1.2265115976333618,0.00959925396582964
1,219901666,stingseq_nonhits,-1,1,1,3,enformer,3.171954870223999,0.03740187498772252
1,219901666,stingseq_nonhits,-1,1,1,3,chrombpnet,0.0465655834,0.05152760025502774
1,219901666,stingseq_nonhits,-1,1,1,3,gpn_msa,0.65,0.10517639301022094
2,38644784,stingseq_nonhits,-1,1,1,3,alphagenome,0.8450253009796143,0.009226957189660058
2,38644784,stingseq_nonhits,-1,1,1,3,borzoi,3.261077880859375,0.018206466625770096
2,38644784,stingseq_nonhits,-1,1,1,3,borzoi_prime,0.8376129865646362,0.0036168479500845625
2,38644784,stingseq_nonhits,-1,1,1,3,enformer,2.419785499572754,0.022425892990373543
2,38644784,stingseq_nonhits,-1,1,1,3,chrombpnet,0.045862708200000005,0.050612692354749765
2,38644784,stingseq_nonhits,-1,1,1,3,gpn_msa,1.72,0.2815694032311244
9,98020413,stingseq_nonhits,-1,1,2,3,alphagenome,1.0280073881149292,0.019947001240310226
9,98020413,stingseq_nonhits,-1,1,2,3,borzoi,4.898991584777832,0.03983727079862993
9,98020413,stingseq_nonhits,-1,1,2,3,borzoi_prime,1.0758825540542603,0.007282135645511702
9,98020413,stingseq_nonhits,-1,1,2,3,enformer,3.174243211746216,0.03744743674917903
9,98020413,stingseq_nonhits,-1,1,2,3,chrombpnet,0.015536172788,0.011137708977190155
9,98020413,stingseq_nonhits,-1,1,2,3,gpn_msa,0.93,0.15133531157270036
16,3183339,stingseq_nonhits,-1,1,7,1,alphagenome,1.9458826780319214,0.07372091810265881
16,3183339,stingseq_nonhits,-1,1,7,1,borzoi,5.70944881439209,0.050540424195737885
16,3183339,stingseq_nonhits,-1,1,7,1,borzoi_prime,2.626661777496338,0.031137687430377495
16,3183339,stingseq_nonhits,-1,1,7,1,enformer,3.386744976043701,0.04167842875802489
16,3183339,stingseq_nonhits,-1,1,7,1,chrombpnet,0.0116560418212,0.006087079113398434
16,3183339,stingseq_nonhits,-1,1,7,1,gpn_msa,1.52,0.24859874711506766
3,171677231,stingseq_nonhits,-1,1,1,3,alphagenome,0.946367621421814,0.015164118342118109
3,171677231,stingseq_nonhits,-1,1,1,3,borzoi,6.437306880950928,0.060152747034056604
3,171677231,stingseq_nonhits,-1,1,1,3,borzoi_prime,1.0346189737319946,0.006647380251367396
3,171677231,stingseq_nonhits,-1,1,1,3,enformer,3.382946014404297,0.04160278996795946
3,171677231,stingseq_nonhits,-1,1,1,3,chrombpnet,0.0787232586,0.09338611382195035
3,171677231,stingseq_nonhits,-1,1,1,3,gpn_msa,1.57,0.2568414111440819
8,27350609,stingseq_nonhits,-1,1,1,3,alphagenome,1.8960360288619995,0.07080064167973382
8,27350609,stingseq_nonhits,-1,1,1,3,borzoi,20.737173080444336,0.24900128326605978
8,27350609,stingseq_nonhits,-1,1,1,3,borzoi_prime,2.9072723388671875,0.03545430431366565
8,27350609,stingseq_nonhits,-1,1,1,3,enformer,7.552256107330322,0.12461536044655265
8,27350609,stingseq_nonhits,-1,1,1,3,chrombpnet,0.127861068,0.15734707022276495
8,27350609,stingseq_nonhits,-1,1,1,3,gpn_msa,1.33,0.2172766238048138
9,133014671,stingseq_nonhits,-1,1,1,3,alphagenome,1.3538364171981812,0.03903576342155063
9,133014671,stingseq_nonhits,-1,1,1,3,borzoi,3.3472723960876465,0.019344778537574058
9,133014671,stingseq_nonhits,-1,1,1,3,borzoi_prime,0.6370316743850708,0.0005313166201281826
9,133014671,stingseq_nonhits,-1,1,1,3,enformer,2.9803361892700195,0.03358667321496498
9,133014671,stingseq_nonhits,-1,1,1,3,chrombpnet,0.036052249,0.03784276303097387
9,133014671,stingseq_nonhits,-1,1,1,3,gpn_msa,0.06,0.007912957467853612
1,47213586,stingseq_nonhits,-1,1,7,1,alphagenome,1.1778655052185059,0.028726470541640473
1,47213586,stingseq_nonhits,-1,1,7,1,borzoi,4.545578479766846,0.03516998603977698
1,47213586,stingseq_nonhits,-1,1,7,1,borzoi_prime,4.451931953430176,0.05921571849060411
1,47213586,stingseq_nonhits,-1,1,7,1,enformer,4.990980625152588,0.07361937867966123
1,47213586,stingseq_nonhits,-1,1,7,1,chrombpnet,0.1384466272,0.17112591992601284
1,47213586,stingseq_nonhits,-1,1,7,1,gpn_msa,0.22,0.03428948236069899
7,22657557,stingseq_nonhits,-1,1,1,3,alphagenome,0.6905150413513184,0.00017494114030844235
7,22657557,stingseq_nonhits,-1,1,1,3,borzoi,5.670395374298096,0.050024672167454126
7,22657557,stingseq_nonhits,-1,1,1,3,borzoi_prime,0.9761369824409485,0.005747754985155071
7,22657557,stingseq_nonhits,-1,1,1,3,enformer,2.455594301223755,0.023138860029177203
7,22657557,stingseq_nonhits,-1,1,1,3,chrombpnet,0.01982057954,0.016714570396413858
7,22657557,stingseq_nonhits,-1,1,1,3,gpn_msa,1.66,0.27167820639630735
10,104324239,stingseq_nonhits,-1,1,2,3,alphagenome,1.8745191097259521,0.06954006844776423
10,104324239,stingseq_nonhits,-1,1,2,3,borzoi,5.192131996154785,0.04370857538474878
10,104324239,stingseq_nonhits,-1,1,2,3,borzoi_prime,4.136013031005859,0.05435595502473526
10,104324239,stingseq_nonhits,-1,1,2,3,enformer,3.6369149684906006,0.046659409703736436
10,104324239,stingseq_nonhits,-1,1,2,3,chrombpnet,0.007483533240000001,0.000655871603277768
10,104324239,stingseq_nonhits,-1,1,2,3,gpn_msa,1.35,0.22057368941641947
11,95153468,stingseq_nonhits,-1,1,3,2,alphagenome,1.6817312240600586,0.05824554962832498
11,95153468,stingseq_nonhits,-1,1,3,2,borzoi,9.543604850769043,0.10117549623442157
11,95153468,stingseq_nonhits,-1,1,3,2,borzoi_prime,12.571160316467285,0.18411336332600212
11,95153468,stingseq_nonhits,-1,1,3,2,enformer,5.0138139724731445,0.07407399942301296
11,95153468,stingseq_nonhits,-1,1,3,2,chrombpnet,0.080641165,0.09588258505518452
11,95153468,stingseq_nonhits,-1,1,3,2,gpn_msa,0.98,0.15957797560171452
5,132254564,stingseq_nonhits,-1,1,1,3,alphagenome,0.8383312225341797,0.008834783196363657
5,132254564,stingseq_nonhits,-1,1,1,3,borzoi,3.941802501678467,0.027196330336755385
5,132254564,stingseq_nonhits,-1,1,1,3,borzoi_prime,1.9275858402252197,0.020383840608707307
5,132254564,stingseq_nonhits,-1,1,1,3,enformer,2.3430557250976562,0.02089817361487599
5,132254564,stingseq_nonhits,-1,1,1,3,chrombpnet,0.0395756702,0.042429076350730975
5,132254564,stingseq_nonhits,-1,1,1,3,gpn_msa,0.55,0.08869106495219259
9,4849647,stingseq_nonhits,-1,1,1,3,alphagenome,1.1972711086273193,0.02986335189778158
9,4849647,stingseq_nonhits,-1,1,1,3,borzoi,10.72125244140625,0.11672788117190165
9,4849647,stingseq_nonhits,-1,1,1,3,borzoi_prime,4.020371437072754,0.05257704672440836
9,4849647,stingseq_nonhits,-1,1,1,3,enformer,6.752561092376709,0.10869312455844973
9,4849647,stingseq_nonhits,-1,1,1,3,chrombpnet,0.07533680420000001,0.08897808536328353
9,4849647,stingseq_nonhits,-1,1,1,3,gpn_msa,2.4,0.3936696340257172
3,196193113,stingseq_nonhits,-1,1,1,3,alphagenome,1.343992829322815,0.03845907475605116
3,196193113,stingseq_nonhits,-1,1,1,3,borzoi,7.386902332305908,0.07269340360378797
3,196193113,stingseq_nonhits,-1,1,1,3,borzoi_prime,5.473272800445557,0.07492694875321676
3,196193113,stingseq_nonhits,-1,1,1,3,enformer,4.845717430114746,0.07072713249329957
3,196193113,stingseq_nonhits,-1,1,1,3,chrombpnet,0.00803102708,0.0013685250580724874
3,196193113,stingseq_nonhits,-1,1,1,3,gpn_msa,1.28,0.2090339597757996
9,127866221,stingseq_nonhits,-1,1,1,3,alphagenome,1.3497529029846191,0.038796529882704454
9,127866221,stingseq_nonhits,-1,1,1,3,borzoi,3.735926866531372,0.02447747186626563
9,127866221,stingseq_nonhits,-1,1,1,3,borzoi_prime,2.0291807651519775,0.021946669769708348
9,127866221,stingseq_nonhits,-1,1,1,3,enformer,3.1356277465820312,0.036678587958357656
9,127866221,stingseq_nonhits,-1,1,1,3,chrombpnet,0.028466859599999998,0.027969128723283276
9,127866221,stingseq_nonhits,-1,1,1,3,gpn_msa,1.24,0.20243982855258827
1,101279090,stingseq_nonhits,-1,1,4,3,alphagenome,13.30099868774414,0.7389627771833284
1,101279090,stingseq_nonhits,-1,1,4,3,borzoi,71.78556060791016,0.9231623647108282
1,101279090,stingseq_nonhits,-1,1,4,3,borzoi_prime,8.085021018981934,0.11510332843028989
1,101279090,stingseq_nonhits,-1,1,4,3,enformer,31.190383911132812,0.5952595933196297
1,101279090,stingseq_nonhits,-1,1,4,3,chrombpnet,0.04155969014,0.045011605251188774
1,101279090,stingseq_nonhits,-1,1,4,3,gpn_msa,7.37,1.0
1,226350353,stingseq_nonhits,-1,1,6,2,alphagenome,23.254669189453125,1.0
1,226350353,stingseq_nonhits,-1,1,6,2,borzoi,75.28626251220703,0.9693937364725075
1,226350353,stingseq_nonhits,-1,1,6,2,borzoi_prime,66.9096450805664,1.0
1,226350353,stingseq_nonhits,-1,1,6,2,enformer,60.996620178222656,1.0
1,226350353,stingseq_nonhits,-1,1,6,2,chrombpnet,0.880228628,1.0
1,226350353,stingseq_nonhits,-1,1,6,2,gpn_msa,1.49,0.24365314869765917
15,79978289,stingseq_nonhits,-1,1,1,3,alphagenome,2.9168848991394043,0.13060728739985564
15,79978289,stingseq_nonhits,-1,1,1,3,borzoi,15.210193634033203,0.17601025218381885
15,79978289,stingseq_nonhits,-1,1,1,3,borzoi_prime,5.031646251678467,0.0681334317622546
15,79978289,stingseq_nonhits,-1,1,1,3,enformer,10.449034690856934,0.18229133823814953
15,79978289,stingseq_nonhits,-1,1,1,3,chrombpnet,0.0157549559,0.011422491250936907
15,79978289,stingseq_nonhits,-1,1,1,3,gpn_msa,1.2,0.1958456973293769
3,138874778,stingseq_nonhits,-1,1,1,3,alphagenome,0.7593567967414856,0.004208049855266627
3,138874778,stingseq_nonhits,-1,1,1,3,borzoi,4.061408996582031,0.028775891373989348
3,138874778,stingseq_nonhits,-1,1,1,3,borzoi_prime,0.5738574862480164,0.0
3,138874778,stingseq_nonhits,-1,1,1,3,enformer,1.9119656085968018,0.012315003286679662
3,138874778,stingseq_nonhits,-1,1,1,3,chrombpnet,0.00842912942,0.001886720857248719
3,138874778,stingseq_nonhits,-1,1,1,3,gpn_msa,0.29,0.045829212001318835
2,65381775,stingseq_nonhits,-1,1,1,3,alphagenome,3.7944657802581787,0.1820205478500147
2,65381775,stingseq_nonhits,-1,1,1,3,borzoi,56.496707916259766,0.7212529614195455
2,65381775,stingseq_nonhits,-1,1,1,3,borzoi_prime,11.527782440185547,0.1680631386501929
2,65381775,stingseq_nonhits,-1,1,1,3,enformer,26.97187614440918,0.5112674781987621
2,65381775,stingseq_nonhits,-1,1,1,3,chrombpnet,0.05297798499999999,0.05987439764323433
2,65381775,stingseq_nonhits,-1,1,1,3,gpn_msa,1.57,0.2568414111440819
12,121807925,stingseq_nonhits,-1,1,1,3,alphagenome,1.1529974937438965,0.027269572860378663
12,121807925,stingseq_nonhits,-1,1,1,3,borzoi,6.587401866912842,0.06213494868540315
12,121807925,stingseq_nonhits,-1,1,1,3,borzoi_prime,3.434561252593994,0.043565560769033874
12,121807925,stingseq_nonhits,-1,1,1,3,enformer,3.8857107162475586,0.05161302890814403
12,121807925,stingseq_nonhits,-1,1,1,3,chrombpnet,0.0261074894,0.024898019605106327
12,121807925,stingseq_nonhits,-1,1,1,3,gpn_msa,0.67,0.10847345862182661
12,53366378,stingseq_nonhits,-1,1,1,3,alphagenome,1.1940948963165283,0.029677272831688528
12,53366378,stingseq_nonhits,-1,1,1,3,borzoi,26.96973419189453,0.33131044801303994
12,53366378,stingseq_nonhits,-1,1,1,3,borzoi_prime,10.318595886230469,0.1494622881748988
12,53366378,stingseq_nonhits,-1,1,1,3,enformer,4.956598281860352,0.07293481297642689
12,53366378,stingseq_nonhits,-1,1,1,3,chrombpnet,0.0528455546,0.059702017654301776
12,53366378,stingseq_nonhits,-1,1,1,3,gpn_msa,2.09,0.3425651170458293
7,92994359,stingseq_nonhits,-1,1,2,3,alphagenome,0.8582251071929932,0.010000270612207407
7,92994359,stingseq_nonhits,-1,1,2,3,borzoi,5.1363396644592285,0.042971764282694586
7,92994359,stingseq_nonhits,-1,1,2,3,borzoi_prime,0.6017847657203674,0.0
7,92994359,stingseq_nonhits,-1,1,2,3,enformer,2.9257640838623047,0.03250012156844452
7,92994359,stingseq_nonhits,-1,1,2,3,chrombpnet,0.014818887166,0.010204043537971911
7,92994359,stingseq_nonhits,-1,1,2,3,gpn_msa,2.74,0.4497197494230137
12,120480594,stingseq_nonhits,-1,1,1,3,alphagenome,1.140366792678833,0.026529600582611685
12,120480594,stingseq_nonhits,-1,1,1,3,borzoi,3.4933083057403564,0.021273374748928844
12,120480594,stingseq_nonhits,-1,1,1,3,borzoi_prime,1.3788236379623413,0.011942261732893816
12,120480594,stingseq_nonhits,-1,1,1,3,enformer,1.7926414012908936,0.009939212340932965
12,120480594,stingseq_nonhits,-1,1,1,3,chrombpnet,0.012973017920000001,0.007801340531740413
12,120480594,stingseq_nonhits,-1,1,1,3,gpn_msa,3.13,0.5140125288493242
3,27715527,stingseq_nonhits,-1,1,2,3,alphagenome,0.7672051191329956,0.004667845472847894
3,27715527,stingseq_nonhits,-1,1,2,3,borzoi,9.167457580566406,0.09620797693078303
3,27715527,stingseq_nonhits,-1,1,2,3,borzoi_prime,1.5994625091552734,0.015336337393653995
3,27715527,stingseq_nonhits,-1,1,2,3,enformer,3.584503412246704,0.04561587542357552
3,27715527,stingseq_nonhits,-1,1,2,3,chrombpnet,0.01376346316,0.008830235269829232
3,27715527,stingseq_nonhits,-1,1,2,3,gpn_msa,1.88,0.30794592812396976
7,6434442,stingseq_nonhits,-1,1,1,3,alphagenome,1.008630394935608,0.018811796020479818
7,6434442,stingseq_nonhits,-1,1,1,3,borzoi,6.88292121887207,0.06603767031000882
7,6434442,stingseq_nonhits,-1,1,1,3,borzoi_prime,2.4648146629333496,0.02864800213905745
7,6434442,stingseq_nonhits,-1,1,1,3,enformer,3.0877931118011475,0.03572618194811554
7,6434442,stingseq_nonhits,-1,1,1,3,chrombpnet,0.0799861398,0.0950299618151539
7,6434442,stingseq_nonhits,-1,1,1,3,gpn_msa,0.64,0.1035278602044181
13,113272893,stingseq_nonhits,-1,1,1,3,alphagenome,13.253011703491211,0.736151449620599
13,113272893,stingseq_nonhits,-1,1,1,3,borzoi,46.662174224853516,0.5913750124767656
13,113272893,stingseq_nonhits,-1,1,1,3,borzoi_prime,14.840164184570312,0.21901732544863775
13,113272893,stingseq_nonhits,-1,1,1,3,enformer,34.77846145629883,0.6666995998104197
13,113272893,stingseq_nonhits,-1,1,1,3,chrombpnet,0.582955054,0.7497268883759717
13,113272893,stingseq_nonhits,-1,1,1,3,gpn_msa,0.01,0.0
10,79404390,stingseq_nonhits,-1,1,6,2,alphagenome,7.555866241455078,0.4023829847826982
10,79404390,stingseq_nonhits,-1,1,6,2,borzoi,44.78192138671875,0.5665438013819094
10,79404390,stingseq_nonhits,-1,1,6,2,borzoi_prime,19.905364990234375,0.2969350317821442
10,79404390,stingseq_nonhits,-1,1,6,2,enformer,20.73935890197754,0.38717565837364853
10,79404390,stingseq_nonhits,-1,1,6,2,chrombpnet,0.1971858228,0.24758466268776325
10,79404390,stingseq_nonhits,-1,1,6,2,gpn_msa,5.11,0.840422024398286
19,6802560,stingseq_nonhits,-1,1,5,2,alphagenome,3.212157964706421,0.14790592203346417
19,6802560,stingseq_nonhits,-1,1,5,2,borzoi,21.22907257080078,0.2554974628408291
19,6802560,stingseq_nonhits,-1,1,5,2,borzoi_prime,9.546693801879883,0.13758816072482916
19,6802560,stingseq_nonhits,-1,1,5,2,enformer,8.930634498596191,0.1520594053366812
19,6802560,stingseq_nonhits,-1,1,5,2,chrombpnet,0.13047795399999998,0.16075337859091743
19,6802560,stingseq_nonhits,-1,1,5,2,gpn_msa,0.01,0.0
17,78266661,stingseq_nonhits,-1,1,1,3,alphagenome,1.161252498626709,0.027753194057226423
17,78266661,stingseq_nonhits,-1,1,1,3,borzoi,3.698948860168457,0.02398912866941379
17,78266661,stingseq_nonhits,-1,1,1,3,borzoi_prime,1.6411792039871216,0.015978063023460748
17,78266661,stingseq_nonhits,-1,1,1,3,enformer,2.4570086002349854,0.023167019267451846
17,78266661,stingseq_nonhits,-1,1,1,3,chrombpnet,0.0798319038,0.09482919824445563
17,78266661,stingseq_nonhits,-1,1,1,3,gpn_msa,1.34,0.21892515661061662
11,64236765,stingseq_nonhits,-1,1,1,3,alphagenome,1.2561442852020264,0.03331244932673292
11,64236765,stingseq_nonhits,-1,1,1,3,borzoi,8.407432556152344,0.08617084711726263
11,64236765,stingseq_nonhits,-1,1,1,3,borzoi_prime,2.5955889225006104,0.030659695405304506
11,64236765,stingseq_nonhits,-1,1,1,3,enformer,4.450881481170654,0.06286579661070008
11,64236765,stingseq_nonhits,-1,1,1,3,chrombpnet,0.013728590953999998,0.008784843347095976
11,64236765,stingseq_nonhits,-1,1,1,3,gpn_msa,2.91,0.4777448071216619
3,172057661,stingseq_nonhits,-1,1,1,3,alphagenome,1.053968906402588,0.02146796224814731
3,172057661,stingseq_nonhits,-1,1,1,3,borzoi,5.20350456237793,0.04385876507565082
3,172057661,stingseq_nonhits,-1,1,1,3,borzoi_prime,4.683272838592529,0.06277442264560168
3,172057661,stingseq_nonhits,-1,1,1,3,enformer,2.8857805728912354,0.03170403445846942
3,172057661,stingseq_nonhits,-1,1,1,3,chrombpnet,0.031067325200000002,0.03135406323490232
3,172057661,stingseq_nonhits,-1,1,1,3,gpn_msa,3.19,0.5239037256841412
19,5694220,stingseq_nonhits,-1,1,2,3,alphagenome,1.18135404586792,0.02893084742912535
19,5694220,stingseq_nonhits,-1,1,2,3,borzoi,3.849520683288574,0.02597762758243338
19,5694220,stingseq_nonhits,-1,1,2,3,borzoi_prime,2.527372360229492,0.02961032376732746
19,5694220,stingseq_nonhits,-1,1,2,3,enformer,1.1048089265823364,0.0
19,5694220,stingseq_nonhits,-1,1,2,3,chrombpnet,0.016246938572,0.012062887772841039
19,5694220,stingseq_nonhits,-1,1,2,3,gpn_msa,1.57,0.2568414111440819
1,205673262,stingseq_nonhits,-1,1,2,3,alphagenome,2.918522357940674,0.13070321826803813
1,205673262,stingseq_nonhits,-1,1,2,3,borzoi,22.016826629638672,0.2659007910151602
1,205673262,stingseq_nonhits,-1,1,2,3,borzoi_prime,9.961321830749512,0.1439663609641914
1,205673262,stingseq_nonhits,-1,1,2,3,enformer,15.94827651977539,0.2917833620327972
1,205673262,stingseq_nonhits,-1,1,2,3,chrombpnet,0.11488377379999999,0.14045498328071368
1,205673262,stingseq_nonhits,-1,1,2,3,gpn_msa,1.67,0.2733267392021102
1,36461929,stingseq_nonhits,-1,1,1,3,alphagenome,0.924637496471405,0.013891054402683144
1,36461929,stingseq_nonhits,-1,1,1,3,borzoi,8.951432228088379,0.09335507809695176
1,36461929,stingseq_nonhits,-1,1,1,3,borzoi_prime,5.346459865570068,0.07297619232755459
1,36461929,stingseq_nonhits,-1,1,1,3,enformer,6.934090614318848,0.11230744728770288
1,36461929,stingseq_nonhits,-1,1,1,3,chrombpnet,0.0120422943,0.00658985036547288
1,36461929,stingseq_nonhits,-1,1,1,3,gpn_msa,4.05,0.6656775469831853
14,100681039,stingseq_nonhits,-1,1,3,2,alphagenome,2.327435255050659,0.0960742560567462
14,100681039,stingseq_nonhits,-1,1,3,2,borzoi,5.723306179046631,0.050723428917218136
14,100681039,stingseq_nonhits,-1,1,3,2,borzoi_prime,4.926476955413818,0.06651561824289974
14,100681039,stingseq_nonhits,-1,1,3,2,enformer,2.907378673553467,0.03213406096488573
14,100681039,stingseq_nonhits,-1,1,3,2,chrombpnet,0.269776112,0.3420728863049057
14,100681039,stingseq_nonhits,-1,1,3,2,gpn_msa,1.12,0.18265743488295424
4,153464773,stingseq_nonhits,-1,1,1,3,alphagenome,0.8771271705627441,0.011107651969280168
4,153464773,stingseq_nonhits,-1,1,1,3,borzoi,7.376201629638672,0.07255208675458324
4,153464773,stingseq_nonhits,-1,1,1,3,borzoi_prime,1.701578140258789,0.016907176549228454
4,153464773,stingseq_nonhits,-1,1,1,3,enformer,6.076493740081787,0.09523236307038503
4,153464773,stingseq_nonhits,-1,1,1,3,chrombpnet,0.0163194232,0.012157238460994372
4,153464773,stingseq_nonhits,-1,1,1,3,gpn_msa,2.79,0.45796241345202787
12,121812585,stingseq_nonhits,-1,1,7,1,alphagenome,2.6127865314483643,0.11279162058560602
12,121812585,stingseq_nonhits,-1,1,7,1,borzoi,25.937009811401367,0.31767196462680064
12,121812585,stingseq_nonhits,-1,1,7,1,borzoi_prime,15.743057250976562,0.23290647999511344
12,121812585,stingseq_nonhits,-1,1,7,1,enformer,7.423835754394531,0.12205846173636661
12,121812585,stingseq_nonhits,-1,1,7,1,chrombpnet,0.09831311000000001,0.11888553364944143
12,121812585,stingseq_nonhits,-1,1,7,1,gpn_msa,0.08,0.011210023079459286
6,27747119,stingseq_nonhits,-1,1,1,3,alphagenome,1.6124154329299927,0.05418466942986886
6,27747119,stingseq_nonhits,-1,1,1,3,borzoi,6.766453742980957,0.06449956414636848
6,27747119,stingseq_nonhits,-1,1,1,3,borzoi_prime,3.210482120513916,0.040118563763632126
6,27747119,stingseq_nonhits,-1,1,1,3,enformer,6.593075752258301,0.10551770998342339
6,27747119,stingseq_nonhits,-1,1,1,3,chrombpnet,0.018192829124800004,0.014595784992479776
6,27747119,stingseq_nonhits,-1,1,1,3,gpn_msa,0.19,0.029343883943290478
11,5159356,stingseq_nonhits,-1,1,1,3,alphagenome,1.120222806930542,0.025349460941851885
11,5159356,stingseq_nonhits,-1,1,1,3,borzoi,5.194031715393066,0.04373366367525418
11,5159356,stingseq_nonhits,-1,1,1,3,borzoi_prime,0.4571172297000885,0.0
11,5159356,stingseq_nonhits,-1,1,1,3,enformer,3.0359890460968018,0.03469474303867677
11,5159356,stingseq_nonhits,-1,1,1,3,chrombpnet,0.01624421666,0.012059344755826555
11,5159356,stingseq_nonhits,-1,1,1,3,gpn_msa,0.43,0.06890867128255854
16,88500108,stingseq_nonhits,-1,1,7,1,alphagenome,4.555621147155762,0.22661299506861518
16,88500108,stingseq_nonhits,-1,1,7,1,borzoi,26.226106643676758,0.32148986843393207
16,88500108,stingseq_nonhits,-1,1,7,1,borzoi_prime,10.86756420135498,0.15790703767356426
16,88500108,stingseq_nonhits,-1,1,7,1,enformer,16.740629196166992,0.3075594091309632
16,88500108,stingseq_nonhits,-1,1,7,1,chrombpnet,0.0936086956,0.11276196306288279
16,88500108,stingseq_nonhits,-1,1,7,1,gpn_msa,5.28,0.8684470820969341
12,111792215,stingseq_nonhits,-1,1,3,2,alphagenome,1.3819172382354736,0.04068088422660293
12,111792215,stingseq_nonhits,-1,1,3,2,borzoi,8.284407615661621,0.08454614101109463
12,111792215,stingseq_nonhits,-1,1,3,2,borzoi_prime,13.68563175201416,0.20125721632683852
12,111792215,stingseq_nonhits,-1,1,3,2,enformer,6.812662124633789,0.10988975926896023
12,111792215,stingseq_nonhits,-1,1,3,2,chrombpnet,0.03625087376,0.03810130588767848
12,111792215,stingseq_nonhits,-1,1,3,2,gpn_msa,1.38,0.22551928783382794
15,65802932,stingseq_nonhits,-1,1,1,3,alphagenome,0.8522530794143677,0.009650398109052338
15,65802932,stingseq_nonhits,-1,1,1,3,borzoi,5.322010517120361,0.0454237920329434
15,65802932,stingseq_nonhits,-1,1,1,3,borzoi_prime,0.6366472244262695,0.0005254026474864052
15,65802932,stingseq_nonhits,-1,1,1,3,enformer,2.5365262031555176,0.02475024538151066
15,65802932,stingseq_nonhits,-1,1,1,3,chrombpnet,0.014373193000000001,0.009623899134554057
15,65802932,stingseq_nonhits,-1,1,1,3,gpn_msa,1.57,0.2568414111440819
22,19705518,stingseq_nonhits,-1,1,3,2,alphagenome,7.9940032958984375,0.4280513362447821
22,19705518,stingseq_nonhits,-1,1,3,2,borzoi,60.661964416503906,0.7762606504516155
22,19705518,stingseq_nonhits,-1,1,3,2,borzoi_prime,16.75653839111328,0.2484968048176586
22,19705518,stingseq_nonhits,-1,1,3,2,enformer,49.17406463623047,0.9533216060707581
22,19705518,stingseq_nonhits,-1,1,3,2,chrombpnet,0.344221834,0.43897626146979785
22,19705518,stingseq_nonhits,-1,1,3,2,gpn_msa,0.82,0.13320145070886913
4,7037599,stingseq_nonhits,-1,1,2,3,alphagenome,1.6879589557647705,0.058610402599756944
4,7037599,stingseq_nonhits,-1,1,2,3,borzoi,11.697080612182617,0.1296149752953137
4,7037599,stingseq_nonhits,-1,1,2,3,borzoi_prime,4.581976890563965,0.06121619262983648
4,7037599,stingseq_nonhits,-1,1,2,3,enformer,9.515894889831543,0.1637121652400966
4,7037599,stingseq_nonhits,-1,1,2,3,chrombpnet,0.025050089302,0.023521639127583552
4,7037599,stingseq_nonhits,-1,1,2,3,gpn_msa,0.9,0.14638971315529184
5,132466531,stingseq_nonhits,-1,1,3,2,alphagenome,2.610480785369873,0.11265653796676606
5,132466531,stingseq_nonhits,-1,1,3,2,borzoi,21.332244873046875,0.25685998875450167
5,132466531,stingseq_nonhits,-1,1,3,2,borzoi_prime,8.718184471130371,0.12484324710645446
5,132466531,stingseq_nonhits,-1,1,3,2,enformer,9.392889976501465,0.16126309001915035
5,132466531,stingseq_nonhits,-1,1,3,2,chrombpnet,0.08016034320000001,0.09525671624739919
5,132466531,stingseq_nonhits,-1,1,3,2,gpn_msa,0.04,0.00461589185624794
3,196183757,stingseq_nonhits,-1,1,7,1,alphagenome,2.2737512588500977,0.09292916785114835
3,196183757,stingseq_nonhits,-1,1,7,1,borzoi,7.301467418670654,0.07156512322982916
3,196183757,stingseq_nonhits,-1,1,7,1,borzoi_prime,5.526277542114258,0.07574231778873594
3,196183757,stingseq_nonhits,-1,1,7,1,enformer,5.458596229553223,0.08292978554602966
3,196183757,stingseq_nonhits,-1,1,7,1,chrombpnet,0.022816927800000004,0.02061481142790593
3,196183757,stingseq_nonhits,-1,1,7,1,gpn_msa,1.85,0.30300032970656127
9,110261582,stingseq_nonhits,-1,1,1,3,alphagenome,0.9025475978851318,0.012596913049141106
9,110261582,stingseq_nonhits,-1,1,1,3,borzoi,7.014059066772461,0.06776951802628194
9,110261582,stingseq_nonhits,-1,1,1,3,borzoi_prime,0.8908532857894897,0.004435840554577423
9,110261582,stingseq_nonhits,-1,1,1,3,enformer,3.024973154067993,0.03447541238371359
9,110261582,stingseq_nonhits,-1,1,1,3,chrombpnet,0.013202502420000001,0.008100052425461152
9,110261582,stingseq_nonhits,-1,1,1,3,gpn_msa,0.91,0.1480382459610947
10,24909758,stingseq_nonhits,-1,1,1,3,alphagenome,0.7315393090248108,0.0025783564881740758
10,24909758,stingseq_nonhits,-1,1,1,3,borzoi,4.832890510559082,0.03896431919646625
10,24909758,stingseq_nonhits,-1,1,1,3,borzoi_prime,1.0870839357376099,0.007454445885918514
10,24909758,stingseq_nonhits,-1,1,1,3,enformer,3.0787999629974365,0.03554712489017226
10,24909758,stingseq_nonhits,-1,1,1,3,chrombpnet,0.190928188,0.239439319793926
10,24909758,stingseq_nonhits,-1,1,1,3,gpn_msa,0.04,0.00461589185624794
8,37795241,stingseq_nonhits,-1,1,3,2,alphagenome,1.4932992458343506,0.04720622256219005
8,37795241,stingseq_nonhits,-1,1,3,2,borzoi,7.914330959320068,0.07965879214581557
8,37795241,stingseq_nonhits,-1,1,3,2,borzoi_prime,4.268626689910889,0.05639594367016453
8,37795241,stingseq_nonhits,-1,1,3,2,enformer,4.252058029174805,0.05890714507033946
8,37795241,stingseq_nonhits,-1,1,3,2,chrombpnet,0.0105615012,0.00466235412450844
8,37795241,stingseq_nonhits,-1,1,3,2,gpn_msa,4.47,0.7349159248269043
17,28857515,stingseq_nonhits,-1,1,1,3,alphagenome,1.3379594087600708,0.03810560554372938
17,28857515,stingseq_nonhits,-1,1,1,3,borzoi,2.616394519805908,0.009692575141079962
17,28857515,stingseq_nonhits,-1,1,1,3,borzoi_prime,1.1925981044769287,0.009077564559646286
17,28857515,stingseq_nonhits,-1,1,1,3,enformer,1.7111760377883911,0.008317205563171405
17,28857515,stingseq_nonhits,-1,1,1,3,chrombpnet,0.026495285199999996,0.025402799744047945
17,28857515,stingseq_nonhits,-1,1,1,3,gpn_msa,0.4,0.06396307286515004
4,38661274,stingseq_nonhits,-1,1,1,3,alphagenome,0.744385838508606,0.003330973119234908
4,38661274,stingseq_nonhits,-1,1,1,3,borzoi,3.7583563327789307,0.024773682460842147
4,38661274,stingseq_nonhits,-1,1,1,3,borzoi_prime,1.3570095300674438,0.011606696506934485
4,38661274,stingseq_nonhits,-1,1,1,3,enformer,1.81974458694458,0.01047884721076153
4,38661274,stingseq_nonhits,-1,1,1,3,chrombpnet,0.027728859599999996,0.027008500107555827
4,38661274,stingseq_nonhits,-1,1,1,3,gpn_msa,1.51,0.24695021430926484
12,53364047,stingseq_nonhits,-1,1,1,3,alphagenome,1.185185432434082,0.02915531001673347
12,53364047,stingseq_nonhits,-1,1,1,3,borzoi,3.1913368701934814,0.017285444876625262
12,53364047,stingseq_nonhits,-1,1,1,3,borzoi_prime,1.1447666883468628,0.008341776507300825
12,53364047,stingseq_nonhits,-1,1,1,3,enformer,2.068498134613037,0.015431626195146429
12,53364047,stingseq_nonhits,-1,1,1,3,chrombpnet,0.049451314999999996,0.055283855474904366
12,53364047,stingseq_nonhits,-1,1,1,3,gpn_msa,0.4,0.06396307286515004
6,135105420,stingseq_nonhits,-1,1,3,2,alphagenome,1.1567983627319336,0.027492247569255366
6,135105420,stingseq_nonhits,-1,1,3,2,borzoi,3.754556655883789,0.024723502731200515
6,135105420,stingseq_nonhits,-1,1,3,2,borzoi_prime,1.0108201503753662,0.006281284256256762
6,135105420,stingseq_nonhits,-1,1,3,2,enformer,6.192635536193848,0.09754479098300801
6,135105420,stingseq_nonhits,-1,1,3,2,chrombpnet,0.026710729784000003,0.025683236373443476
6,135105420,stingseq_nonhits,-1,1,3,2,gpn_msa,4.56,0.7497527200791299
3,195451066,stingseq_nonhits,-1,1,2,3,alphagenome,3.1291344165802,0.14304197000904445
3,195451066,stingseq_nonhits,-1,1,2,3,borzoi,30.472867965698242,0.3775739358092517
3,195451066,stingseq_nonhits,-1,1,2,3,borzoi_prime,15.495461463928223,0.22909772757545163
3,195451066,stingseq_nonhits,-1,1,2,3,enformer,15.754687309265137,0.2879289262572851
3,195451066,stingseq_nonhits,-1,1,2,3,chrombpnet,0.026051384900000002,0.024824990352841993
3,195451066,stingseq_nonhits,-1,1,2,3,gpn_msa,1.23,0.20079129574678542
10,97354207,stingseq_nonhits,-1,1,4,3,alphagenome,6.709714889526367,0.3528110299088577
10,97354207,stingseq_nonhits,-1,1,4,3,borzoi,33.839176177978516,0.4220304621519543
10,97354207,stingseq_nonhits,-1,1,4,3,borzoi_prime,14.963287353515625,0.22091132240725858
10,97354207,stingseq_nonhits,-1,1,4,3,enformer,21.39748764038086,0.40027925514698226
10,97354207,stingseq_nonhits,-1,1,4,3,chrombpnet,0.055553402200000004,0.06322672753450354
10,97354207,stingseq_nonhits,-1,1,4,3,gpn_msa,1.36,0.22222222222222232
4,38662510,stingseq_nonhits,-1,1,3,2,alphagenome,1.1367762088775635,0.02631924547561864
4,38662510,stingseq_nonhits,-1,1,3,2,borzoi,10.611200332641602,0.11527449836681042
4,38662510,stingseq_nonhits,-1,1,3,2,borzoi_prime,26.540557861328125,0.39900383999561806
4,38662510,stingseq_nonhits,-1,1,3,2,enformer,4.643935680389404,0.06670958010524648
4,38662510,stingseq_nonhits,-1,1,3,2,chrombpnet,0.02229499512,0.019935430035099264
4,38662510,stingseq_nonhits,-1,1,3,2,gpn_msa,1.39,0.22716782063963079
13,112698602,stingseq_nonhits,-1,1,1,3,alphagenome,0.9887685775756836,0.017648187274084313
13,112698602,stingseq_nonhits,-1,1,1,3,borzoi,3.2289977073669434,0.0177828057521929
13,112698602,stingseq_nonhits,-1,1,1,3,borzoi_prime,2.736848831176758,0.03283268883699985
13,112698602,stingseq_nonhits,-1,1,1,3,enformer,2.289982795715332,0.01984147114068711
13,112698602,stingseq_nonhits,-1,1,1,3,chrombpnet,0.043587283399999996,0.04765085200811573
13,112698602,stingseq_nonhits,-1,1,1,3,gpn_msa,1.2,0.1958456973293769
10,71765768,stingseq_nonhits,-1,1,1,3,alphagenome,2.014939785003662,0.07776664323530567
10,71765768,stingseq_nonhits,-1,1,1,3,borzoi,8.350031852722168,0.08541279535158526
10,71765768,stingseq_nonhits,-1,1,1,3,borzoi_prime,3.097510814666748,0.038380732358553535
10,71765768,stingseq_nonhits,-1,1,1,3,enformer,2.952821969985962,0.03303885450717528
10,71765768,stingseq_nonhits,-1,1,1,3,chrombpnet,0.015516144680000002,0.011111639094177039
10,71765768,stingseq_nonhits,-1,1,1,3,gpn_msa,4.05,0.6656775469831853
13,113849020,stingseq_nonhits,-1,1,3,2,alphagenome,1.218341588973999,0.031097770419402933
13,113849020,stingseq_nonhits,-1,1,3,2,borzoi,4.204826831817627,0.030669912470128298
13,113849020,stingseq_nonhits,-1,1,3,2,borzoi_prime,3.142742156982422,0.039076523617940916
13,113849020,stingseq_nonhits,-1,1,3,2,enformer,3.794793128967285,0.049802824712813804
13,113849020,stingseq_nonhits,-1,1,3,2,chrombpnet,0.12083162700000001,0.14819709437294415
13,113849020,stingseq_nonhits,-1,1,3,2,gpn_msa,0.29,0.045829212001318835
1,198669128,stingseq_nonhits,-1,1,3,2,alphagenome,1.6288864612579346,0.05514962808784105
1,198669128,stingseq_nonhits,-1,1,3,2,borzoi,7.164841175079346,0.06976079403169934
1,198669128,stingseq_nonhits,-1,1,3,2,borzoi_prime,9.375297546386719,0.13495158152203718
1,198669128,stingseq_nonhits,-1,1,3,2,enformer,4.732283115386963,0.06846861157829069
1,198669128,stingseq_nonhits,-1,1,3,2,chrombpnet,0.030193988100000003,0.030217271081194427
1,198669128,stingseq_nonhits,-1,1,3,2,gpn_msa,1.57,0.2568414111440819
3,171672186,stingseq_nonhits,-1,1,1,3,alphagenome,1.646336555480957,0.05617194552714571
3,171672186,stingseq_nonhits,-1,1,1,3,borzoi,11.913512229919434,0.1324732393960904
3,171672186,stingseq_nonhits,-1,1,1,3,borzoi_prime,2.1459667682647705,0.0237431824537131
3,171672186,stingseq_nonhits,-1,1,1,3,enformer,4.621301174163818,0.06625891836471355
3,171672186,stingseq_nonhits,-1,1,1,3,chrombpnet,0.05748338940000001,0.06573892391974431
3,171672186,stingseq_nonhits,-1,1,1,3,gpn_msa,2.04,0.3343224530168151
11,12101659,stingseq_nonhits,-1,1,1,3,alphagenome,0.8334276080131531,0.008547503908561349
11,12101659,stingseq_nonhits,-1,1,1,3,borzoi,3.839871406555176,0.025850196195217716
11,12101659,stingseq_nonhits,-1,1,1,3,borzoi_prime,1.3493742942810059,0.011489244093373803
11,12101659,stingseq_nonhits,-1,1,1,3,enformer,1.8657995462417603,0.01139581919637434
11,12101659,stingseq_nonhits,-1,1,1,3,chrombpnet,0.022485122211199998,0.020182911775521676
11,12101659,stingseq_nonhits,-1,1,1,3,gpn_msa,1.18,0.19254863171777123
20,43556896,stingseq_nonhits,-1,1,1,3,alphagenome,2.5393548011779785,0.10848960722715159
20,43556896,stingseq_nonhits,-1,1,1,3,borzoi,25.42141342163086,0.3108628363359279
20,43556896,stingseq_nonhits,-1,1,1,3,borzoi_prime,6.549571990966797,0.09148360020131865
20,43556896,stingseq_nonhits,-1,1,1,3,enformer,10.035489082336426,0.17405748582413325
20,43556896,stingseq_nonhits,-1,1,1,3,chrombpnet,0.05293253220000001,0.05981523333382387
20,43556896,stingseq_nonhits,-1,1,1,3,gpn_msa,1.51,0.24695021430926484
14,68958750,stingseq_nonhits,-1,1,1,3,alphagenome,7.3386688232421875,0.3896584283663761
14,68958750,stingseq_nonhits,-1,1,1,3,borzoi,23.6610164642334,0.2876144797461606
14,68958750,stingseq_nonhits,-1,1,1,3,borzoi_prime,25.05134391784668,0.37609534353755164
14,68958750,stingseq_nonhits,-1,1,1,3,enformer,18.358003616333008,0.3397619570470093
14,68958750,stingseq_nonhits,-1,1,1,3,chrombpnet,0.358736862,0.4578699623571761
14,68958750,stingseq_nonhits,-1,1,1,3,gpn_msa,0.86,0.1397955819320805
14,73751866,stingseq_nonhits,-1,1,1,3,alphagenome,0.8374367952346802,0.008782382984950349
14,73751866,stingseq_nonhits,-1,1,1,3,borzoi,32.57365798950195,0.4053176304278895
14,73751866,stingseq_nonhits,-1,1,1,3,borzoi_prime,5.55849552154541,0.07623792520022658
14,73751866,stingseq_nonhits,-1,1,1,3,enformer,3.6267592906951904,0.046457206245620004
14,73751866,stingseq_nonhits,-1,1,1,3,chrombpnet,0.0438051696,0.047934466803091505
14,73751866,stingseq_nonhits,-1,1,1,3,gpn_msa,2.16,0.3541048466864492
1,119920607,stingseq_nonhits,-1,1,2,3,alphagenome,0.9119155406951904,0.013145735948475158
1,119920607,stingseq_nonhits,-1,1,2,3,borzoi,2.7654223442077637,0.011660683520802245
1,119920607,stingseq_nonhits,-1,1,2,3,borzoi_prime,1.1053375005722046,0.0077352394731601375
1,119920607,stingseq_nonhits,-1,1,2,3,enformer,2.045299768447876,0.014969737785948697
1,119920607,stingseq_nonhits,-1,1,2,3,chrombpnet,0.0601992286,0.06927403618428948
1,119920607,stingseq_nonhits,-1,1,2,3,gpn_msa,0.85,0.13814704912627765
15,41937654,stingseq_nonhits,-1,1,4,3,alphagenome,4.573999881744385,0.22768971709900468
15,41937654,stingseq_nonhits,-1,1,4,3,borzoi,14.560746192932129,0.16743344475775337
15,41937654,stingseq_nonhits,-1,1,4,3,borzoi_prime,8.686395645141602,0.12435424133884301
15,41937654,stingseq_nonhits,-1,1,4,3,enformer,11.928436279296875,0.21174679391051135
15,41937654,stingseq_nonhits,-1,1,4,3,chrombpnet,0.1689234184,0.2107964859724498
15,41937654,stingseq_nonhits,-1,1,4,3,gpn_msa,4.22,0.6937026046818334
10,24929314,stingseq_nonhits,-1,1,3,2,alphagenome,6.18649435043335,0.3221580446079836
10,24929314,stingseq_nonhits,-1,1,3,2,borzoi,24.967130661010742,0.3048634351400214
10,24929314,stingseq_nonhits,-1,1,3,2,borzoi_prime,18.935413360595703,0.2820143190334255
10,24929314,stingseq_nonhits,-1,1,3,2,enformer,16.13353157043457,0.2954718614743362
10,24929314,stingseq_nonhits,-1,1,3,2,chrombpnet,0.0328757062,0.03370796911124082
10,24929314,stingseq_nonhits,-1,1,3,2,gpn_msa,4.28,0.7035938015166505
12,120719732,stingseq_nonhits,-1,1,1,3,alphagenome,1.8088953495025635,0.06569548665630284
12,120719732,stingseq_nonhits,-1,1,1,3,borzoi,8.40478515625,0.0861358847204539
12,120719732,stingseq_nonhits,-1,1,1,3,borzoi_prime,8.036081314086914,0.11435049163262642
12,120719732,stingseq_nonhits,-1,1,1,3,enformer,5.932875633239746,0.09237287122389105
12,120719732,stingseq_nonhits,-1,1,1,3,chrombpnet,0.030545189960000003,0.0306744181768756
12,120719732,stingseq_nonhits,-1,1,1,3,gpn_msa,4.1,0.6739202110121993
6,139517282,stingseq_nonhits,-1,1,1,3,alphagenome,0.7963790893554688,0.006377008652771582
6,139517282,stingseq_nonhits,-1,1,1,3,borzoi,3.7466020584106445,0.02461845181197084
6,139517282,stingseq_nonhits,-1,1,1,3,borzoi_prime,0.6971194744110107,0.0014556439540834728
6,139517282,stingseq_nonhits,-1,1,1,3,enformer,2.0187060832977295,0.014440247267467557
6,139517282,stingseq_nonhits,-1,1,1,3,chrombpnet,0.014123237519999998,0.009298540886930896
6,139517282,stingseq_nonhits,-1,1,1,3,gpn_msa,1.33,0.2172766238048138
1,161185602,stingseq_nonhits,-1,1,5,2,alphagenome,4.918475151062012,0.2478708731851397
1,161185602,stingseq_nonhits,-1,1,5,2,borzoi,22.049463272094727,0.26633180079310986
1,161185602,stingseq_nonhits,-1,1,5,2,borzoi_prime,29.138986587524414,0.4389753266521606
1,161185602,stingseq_nonhits,-1,1,5,2,enformer,26.085702896118164,0.49362342736291387
1,161185602,stingseq_nonhits,-1,1,5,2,chrombpnet,0.18849454599999999,0.23627153368872789
1,161185602,stingseq_nonhits,-1,1,5,2,gpn_msa,3.83,0.6294098252555228
5,132463681,stingseq_nonhits,-1,1,1,3,alphagenome,4.848689079284668,0.24378244149607642
5,132463681,stingseq_nonhits,-1,1,1,3,borzoi,54.13939666748047,0.6901215667222317
5,132463681,stingseq_nonhits,-1,1,1,3,borzoi_prime,22.25027847290039,0.3330067073444513
5,132463681,stingseq_nonhits,-1,1,1,3,enformer,13.084846496582031,0.23477136692738157
5,132463681,stingseq_nonhits,-1,1,1,3,chrombpnet,0.05375117404,0.06088083059335743
5,132463681,stingseq_nonhits,-1,1,1,3,gpn_msa,1.51,0.24695021430926484
6,37059456,stingseq_nonhits,-1,1,7,1,alphagenome,6.235070705413818,0.3250039005787134
6,37059456,stingseq_nonhits,-1,1,7,1,borzoi,27.15180015563965,0.33371486846504056
6,37059456,stingseq_nonhits,-1,1,7,1,borzoi_prime,25.642868041992188,0.38519472671359767
6,37059456,stingseq_nonhits,-1,1,7,1,enformer,19.145357131958008,0.3554384689280238
6,37059456,stingseq_nonhits,-1,1,7,1,chrombpnet,0.0778696278,0.09227497266511252
6,37059456,stingseq_nonhits,-1,1,7,1,gpn_msa,4.46,0.7332673920211015
10,104347116,stingseq_nonhits,-1,1,1,3,alphagenome,1.1433863639831543,0.026706502802403647
10,104347116,stingseq_nonhits,-1,1,1,3,borzoi,5.557460308074951,0.04853321611828769
10,104347116,stingseq_nonhits,-1,1,1,3,borzoi_prime,3.776268482208252,0.04882202435076332
10,104347116,stingseq_nonhits,-1,1,1,3,enformer,2.9628653526306152,0.033238822125570305
10,104347116,stingseq_nonhits,-1,1,1,3,chrombpnet,0.0905171276,0.10873777784842849
10,104347116,stingseq_nonhits,-1,1,1,3,gpn_msa,1.52,0.24859874711506766
17,49783553,stingseq_nonhits,-1,1,1,3,alphagenome,2.6027302742004395,0.112202472640197
17,49783553,stingseq_nonhits,-1,1,1,3,borzoi,28.9807186126709,0.35786814155722385
17,49783553,stingseq_nonhits,-1,1,1,3,borzoi_prime,11.6013822555542,0.16919532057547457
17,49783553,stingseq_nonhits,-1,1,1,3,enformer,15.220529556274414,0.2772936395723098
17,49783553,stingseq_nonhits,-1,1,1,3,chrombpnet,0.1043671406,0.1267658521248474
17,49783553,stingseq_nonhits,-1,1,1,3,gpn_msa,2.38,0.39037256841411155
3,196080736,stingseq_nonhits,-1,1,7,1,alphagenome,2.3192412853240967,0.09559421061736127
3,196080736,stingseq_nonhits,-1,1,7,1,borzoi,8.41838264465332,0.08631545743432234
3,196080736,stingseq_nonhits,-1,1,7,1,borzoi_prime,5.880044460296631,0.08118429489863058
3,196080736,stingseq_nonhits,-1,1,7,1,enformer,4.586875915527344,0.06557349820043917
3,196080736,stingseq_nonhits,-1,1,7,1,chrombpnet,0.106108486,0.12903250012092513
3,196080736,stingseq_nonhits,-1,1,7,1,gpn_msa,0.73,0.11836465545664362
6,135205630,stingseq_nonhits,-1,1,1,3,alphagenome,0.7829362154006958,0.005589455055484565
6,135205630,stingseq_nonhits,-1,1,1,3,borzoi,4.59739875793457,0.03585434095209474
6,135205630,stingseq_nonhits,-1,1,1,3,borzoi_prime,1.1168036460876465,0.007911622561082418
6,135205630,stingseq_nonhits,-1,1,1,3,enformer,2.495832681655884,0.023940021688328903
6,135205630,stingseq_nonhits,-1,1,1,3,chrombpnet,0.061659001600000006,0.0711741713011815
6,135205630,stingseq_nonhits,-1,1,1,3,gpn_msa,1.22,0.19914276294098257
1,207864057,stingseq_nonhits,-1,1,7,1,alphagenome,6.943848609924316,0.36652780314990474
1,207864057,stingseq_nonhits,-1,1,7,1,borzoi,42.997188568115234,0.5429740577453968
1,207864057,stingseq_nonhits,-1,1,7,1,borzoi_prime,12.039664268493652,0.1759373887551382
1,207864057,stingseq_nonhits,-1,1,7,1,enformer,24.21686553955078,0.45641415548882247
1,207864057,stingseq_nonhits,-1,1,7,1,chrombpnet,0.087499201,0.10480944905151109
1,207864057,stingseq_nonhits,-1,1,7,1,gpn_msa,1.03,0.1678206396307287
8,129590035,stingseq_nonhits,-1,1,1,3,alphagenome,1.0181879997253418,0.01937173030677356
8,129590035,stingseq_nonhits,-1,1,1,3,borzoi,3.8163278102874756,0.02553927204874214
8,129590035,stingseq_nonhits,-1,1,1,3,borzoi_prime,0.6232898235321045,0.0003199264817465123
8,129590035,stingseq_nonhits,-1,1,1,3,enformer,2.5344765186309814,0.024709435372837853
8,129590035,stingseq_nonhits,-1,1,1,3,chrombpnet,0.0439373026,0.048106459676915236
8,129590035,stingseq_nonhits,-1,1,1,3,gpn_msa,1.52,0.24859874711506766
8,130014014,stingseq_nonhits,-1,1,1,3,alphagenome,1.3679897785186768,0.039864941070553404
8,130014014,stingseq_nonhits,-1,1,1,3,borzoi,3.41213059425354,0.02020131632718695
8,130014014,stingseq_nonhits,-1,1,1,3,borzoi_prime,2.596060037612915,0.030666942543251887
8,130014014,stingseq_nonhits,-1,1,1,3,enformer,1.8750736713409424,0.011580470600626896
8,130014014,stingseq_nonhits,-1,1,1,3,chrombpnet,0.030776704199999998,0.030975772111689132
8,130014014,stingseq_nonhits,-1,1,1,3,gpn_msa,0.37,0.059017474447741525
1,206661466,stingseq_nonhits,-1,1,2,3,alphagenome,0.9520450830459595,0.015496733625174246
1,206661466,stingseq_nonhits,-1,1,2,3,borzoi,2.044236421585083,0.002136475116443551
1,206661466,stingseq_nonhits,-1,1,2,3,borzoi_prime,1.2659350633621216,0.010205702978051939
1,206661466,stingseq_nonhits,-1,1,2,3,enformer,1.9623746871948242,0.0133186674653118
1,206661466,stingseq_nonhits,-1,1,2,3,chrombpnet,0.01703409062,0.013087495878853597
1,206661466,stingseq_nonhits,-1,1,2,3,gpn_msa,1.37,0.22387075502802514
1,51871367,stingseq_nonhits,-1,1,4,3,alphagenome,0.7838808298110962,0.005644795489342895
1,51871367,stingseq_nonhits,-1,1,4,3,borzoi,3.413548707962036,0.020220044383402577
1,51871367,stingseq_nonhits,-1,1,4,3,borzoi_prime,2.7436389923095703,0.03293714151348842
1,51871367,stingseq_nonhits,-1,1,4,3,enformer,1.7627297639846802,0.009343660116543353
1,51871367,stingseq_nonhits,-1,1,4,3,chrombpnet,0.01038412082,0.004431464329255582
1,51871367,stingseq_nonhits,-1,1,4,3,gpn_msa,1.49,0.24365314869765917
14,50344307,stingseq_nonhits,-1,1,1,3,alphagenome,3.2087554931640625,0.14770658752271398
14,50344307,stingseq_nonhits,-1,1,1,3,borzoi,15.678696632385254,0.18219745031733872
14,50344307,stingseq_nonhits,-1,1,1,3,borzoi_prime,8.216347694396973,0.11712351947924145
14,50344307,stingseq_nonhits,-1,1,1,3,enformer,11.816629409790039,0.20952067605694258
14,50344307,stingseq_nonhits,-1,1,1,3,chrombpnet,0.05152009,0.05797670705281975
14,50344307,stingseq_nonhits,-1,1,1,3,gpn_msa,1.5,0.245301681503462
7,113142501,stingseq_nonhits,-1,1,7,1,alphagenome,13.662094116210938,0.7601176287879551
7,113142501,stingseq_nonhits,-1,1,7,1,borzoi,21.481834411621094,0.2588355153084748
7,113142501,stingseq_nonhits,-1,1,7,1,borzoi_prime,3.9933724403381348,0.052161722637648573
7,113142501,stingseq_nonhits,-1,1,7,1,enformer,11.460661888122559,0.20243322553829482
7,113142501,stingseq_nonhits,-1,1,7,1,chrombpnet,0.1433863784,0.17755582013914833
7,113142501,stingseq_nonhits,-1,1,7,1,gpn_msa,0.05,0.006264424662050776
15,78244582,stingseq_nonhits,-1,1,1,3,alphagenome,0.8796871900558472,0.011257631249581486
15,78244582,stingseq_nonhits,-1,1,1,3,borzoi,3.528487205505371,0.0217379583774883
15,78244582,stingseq_nonhits,-1,1,1,3,borzoi_prime,3.535381555557251,0.04511647396283296
15,78244582,stingseq_nonhits,-1,1,1,3,enformer,1.6474273204803467,0.00704794403776156
15,78244582,stingseq_nonhits,-1,1,1,3,chrombpnet,0.0489487374,0.05462966790825989
15,78244582,stingseq_nonhits,-1,1,1,3,gpn_msa,1.14,0.1859545004945599
8,129585339,stingseq_nonhits,-1,1,1,3,alphagenome,1.0017127990722656,0.018406527212256062
8,129585339,stingseq_nonhits,-1,1,1,3,borzoi,3.3747847080230713,0.019708114792954357
8,129585339,stingseq_nonhits,-1,1,1,3,borzoi_prime,0.8096696734428406,0.0031869974961056024
8,129585339,stingseq_nonhits,-1,1,1,3,enformer,2.1000866889953613,0.016060566484675066
8,129585339,stingseq_nonhits,-1,1,1,3,chrombpnet,0.01924250266,0.015962108075250656
8,129585339,stingseq_nonhits,-1,1,1,3,gpn_msa,2.4,0.3936696340257172
12,121811185,stingseq_nonhits,-1,1,1,3,alphagenome,1.062978744506836,0.021995805507992412
12,121811185,stingseq_nonhits,-1,1,1,3,borzoi,3.442350149154663,0.020600405285715943
12,121811185,stingseq_nonhits,-1,1,1,3,borzoi_prime,1.8365249633789062,0.01898305613188094
12,121811185,stingseq_nonhits,-1,1,1,3,enformer,2.259249210357666,0.019229553613878108
12,121811185,stingseq_nonhits,-1,1,1,3,chrombpnet,0.0103554742,0.0043941760326216125
12,121811185,stingseq_nonhits,-1,1,1,3,gpn_msa,1.33,0.2172766238048138
4,54542832,stingseq_nonhits,-1,1,3,2,alphagenome,1.3039741516113281,0.036114572107556045
4,54542832,stingseq_nonhits,-1,1,3,2,borzoi,9.405937194824219,0.09935741381679783
4,54542832,stingseq_nonhits,-1,1,3,2,borzoi_prime,4.687183856964111,0.06283458562682073
4,54542832,stingseq_nonhits,-1,1,3,2,enformer,5.551537036895752,0.08478027283239135
4,54542832,stingseq_nonhits,-1,1,3,2,chrombpnet,0.031104290400000005,0.03140217953423306
4,54542832,stingseq_nonhits,-1,1,3,2,gpn_msa,3.18,0.5222551928783384
4,7039650,stingseq_nonhits,-1,1,1,3,alphagenome,1.454336404800415,0.044923576327461114
4,7039650,stingseq_nonhits,-1,1,1,3,borzoi,11.125481605529785,0.12206625880998893
4,7039650,stingseq_nonhits,-1,1,1,3,borzoi_prime,1.6459566354751587,0.0160515539901559
4,7039650,stingseq_nonhits,-1,1,1,3,enformer,7.7857794761657715,0.1292649007018438
4,7039650,stingseq_nonhits,-1,1,1,3,chrombpnet,0.462281264,0.5926500647414396
4,7039650,stingseq_nonhits,-1,1,1,3,gpn_msa,0.61,0.09858226178700959
5,177390582,stingseq_nonhits,-1,1,3,2,alphagenome,1.3974437713623047,0.04159050943461808
5,177390582,stingseq_nonhits,-1,1,3,2,borzoi,9.522143363952637,0.10089206908104133
5,177390582,stingseq_nonhits,-1,1,3,2,borzoi_prime,3.76076340675354,0.048583510624987995
5,177390582,stingseq_nonhits,-1,1,3,2,enformer,5.919252872467041,0.09210163680775206
5,177390582,stingseq_nonhits,-1,1,3,2,chrombpnet,0.08693418759999999,0.10407399100231127
5,177390582,stingseq_nonhits,-1,1,3,2,gpn_msa,1.43,0.23376195186284213
14,73771327,stingseq_nonhits,-1,1,1,3,alphagenome,1.6463727951049805,0.056174068633139264
14,73771327,stingseq_nonhits,-1,1,1,3,borzoi,3.876641273498535,0.026335790637349275
14,73771327,stingseq_nonhits,-1,1,1,3,borzoi_prime,2.207451820373535,0.02468900363986506
14,73771327,stingseq_nonhits,-1,1,1,3,enformer,2.928546190261841,0.03255551437886711
14,73771327,stingseq_nonhits,-1,1,1,3,chrombpnet,0.01617996236,0.011975707195848864
14,73771327,stingseq_nonhits,-1,1,1,3,gpn_msa,0.11,0.016155621496867792
20,50477252,stingseq_nonhits,-1,1,5,2,alphagenome,6.168017387390137,0.32107556784292735
20,50477252,stingseq_nonhits,-1,1,5,2,borzoi,57.78193664550781,0.7382260967521271
20,50477252,stingseq_nonhits,-1,1,5,2,borzoi_prime,18.807645797729492,0.2800488776177121
20,50477252,stingseq_nonhits,-1,1,5,2,enformer,55.750404357910156,1.0
20,50477252,stingseq_nonhits,-1,1,5,2,chrombpnet,0.8191589199999999,1.0
20,50477252,stingseq_nonhits,-1,1,5,2,gpn_msa,3.3,0.5420375865479724
7,13987932,stingseq_nonhits,-1,1,1,3,alphagenome,0.7172476053237915,0.0017410740217189305
7,13987932,stingseq_nonhits,-1,1,1,3,borzoi,13.871194839477539,0.1583270124359384
7,13987932,stingseq_nonhits,-1,1,1,3,borzoi_prime,5.785862922668457,0.07973550546806267
7,13987932,stingseq_nonhits,-1,1,1,3,enformer,6.0841898918151855,0.09538559641689641
7,13987932,stingseq_nonhits,-1,1,1,3,chrombpnet,0.09144796,0.10994940960979198
7,13987932,stingseq_nonhits,-1,1,1,3,gpn_msa,1.81,0.2964061984833499
6,7144958,stingseq_nonhits,-1,1,1,3,alphagenome,2.6257097721099854,0.11354873135714992
6,7144958,stingseq_nonhits,-1,1,1,3,borzoi,17.062936782836914,0.20047816165823398
6,7144958,stingseq_nonhits,-1,1,1,3,borzoi_prime,6.192230224609375,0.08598663139791032
6,7144958,stingseq_nonhits,-1,1,1,3,enformer,8.73543930053711,0.148172993730249
6,7144958,stingseq_nonhits,-1,1,1,3,chrombpnet,0.14939679238799997,0.18537936440641298
6,7144958,stingseq_nonhits,-1,1,1,3,gpn_msa,1.53,0.25024727992087054
7,22703193,stingseq_nonhits,-1,1,3,2,alphagenome,1.35050368309021,0.03884051449305778
7,22703193,stingseq_nonhits,-1,1,3,2,borzoi,8.584744453430176,0.08851248387038302
7,22703193,stingseq_nonhits,-1,1,3,2,borzoi_prime,1.9942750930786133,0.021409717729634292
7,22703193,stingseq_nonhits,-1,1,3,2,enformer,5.076816082000732,0.07532839569982924
7,22703193,stingseq_nonhits,-1,1,3,2,chrombpnet,0.05925224392,0.06804137956875629
7,22703193,stingseq_nonhits,-1,1,3,2,gpn_msa,1.52,0.24859874711506766
8,27337604,stingseq_nonhits,-1,1,1,3,alphagenome,15.235593795776367,0.8523014383766581
8,27337604,stingseq_nonhits,-1,1,1,3,borzoi,114.98335266113281,1.0
8,27337604,stingseq_nonhits,-1,1,1,3,borzoi_prime,60.4091682434082,0.9200028169214475
8,27337604,stingseq_nonhits,-1,1,1,3,enformer,67.73625946044922,1.0
8,27337604,stingseq_nonhits,-1,1,1,3,chrombpnet,0.050628299599999996,0.05681589488822486
8,27337604,stingseq_nonhits,-1,1,1,3,gpn_msa,1.01,0.16452357401912304
5,126755736,stingseq_nonhits,-1,1,7,1,alphagenome,9.840087890625,0.5362045904049046
5,126755736,stingseq_nonhits,-1,1,7,1,borzoi,20.43431854248047,0.24500169086513773
5,126755736,stingseq_nonhits,-1,1,7,1,borzoi_prime,5.315398693084717,0.07249838001389831
5,126755736,stingseq_nonhits,-1,1,7,1,enformer,9.061687469482422,0.15466872048466704
5,126755736,stingseq_nonhits,-1,1,7,1,chrombpnet,0.0770228922,0.09117280674734132
5,126755736,stingseq_nonhits,-1,1,7,1,gpn_msa,2.23,0.36564457632706904
5,177388765,stingseq_nonhits,-1,1,2,3,alphagenome,1.7322311401367188,0.06120409783034433
5,177388765,stingseq_nonhits,-1,1,2,3,borzoi,9.225687026977539,0.09697697333724815
5,177388765,stingseq_nonhits,-1,1,2,3,borzoi_prime,1.7392627000808716,0.017486876067210253
5,177388765,stingseq_nonhits,-1,1,2,3,enformer,4.954256057739258,0.07288817839166457
5,177388765,stingseq_nonhits,-1,1,2,3,chrombpnet,0.014610830520000001,0.009933223527348777
5,177388765,stingseq_nonhits,-1,1,2,3,gpn_msa,0.7,0.1134190570392351
19,12883804,stingseq_nonhits,-1,1,7,1,alphagenome,1.5024452209472656,0.04774204143731357
19,12883804,stingseq_nonhits,-1,1,7,1,borzoi,8.256546020507812,0.08417819201153882
19,12883804,stingseq_nonhits,-1,1,7,1,borzoi_prime,7.038441181182861,0.09900384815598202
19,12883804,stingseq_nonhits,-1,1,7,1,enformer,3.137395143508911,0.036713777512189405
19,12883804,stingseq_nonhits,-1,1,7,1,chrombpnet,0.033653291999999994,0.03472012516905019
19,12883804,stingseq_nonhits,-1,1,7,1,gpn_msa,0.33,0.05242334322453018
1,3774964,stingseq_nonhits,-1,1,7,1,alphagenome,5.1669440269470215,0.26242747452466375
1,3774964,stingseq_nonhits,-1,1,7,1,borzoi,15.137336730957031,0.17504808097827154
1,3774964,stingseq_nonhits,-1,1,7,1,borzoi_prime,15.478922843933105,0.22884331489066725
1,3774964,stingseq_nonhits,-1,1,7,1,enformer,9.624967575073242,0.16588384443140416
1,3774964,stingseq_nonhits,-1,1,7,1,chrombpnet,0.13966024674,0.1727056457508502
1,3774964,stingseq_nonhits,-1,1,7,1,gpn_msa,0.37,0.059017474447741525
20,57416639,stingseq_nonhits,-1,1,1,3,alphagenome,1.3270009756088257,0.03746360343332291
20,57416639,stingseq_nonhits,-1,1,1,3,borzoi,3.7183756828308105,0.02424568540723516
20,57416639,stingseq_nonhits,-1,1,1,3,borzoi_prime,0.9444391131401062,0.0052601483992880185
20,57416639,stingseq_nonhits,-1,1,1,3,enformer,3.309656858444214,0.04014357463284312
20,57416639,stingseq_nonhits,-1,1,1,3,chrombpnet,0.0505995948,0.05677853086073336
20,57416639,stingseq_nonhits,-1,1,1,3,gpn_msa,1.73,0.28321793603692724
3,194093669,stingseq_nonhits,-1,1,1,3,alphagenome,0.8337016701698303,0.00856355989763761
3,194093669,stingseq_nonhits,-1,1,1,3,borzoi,3.7371938228607178,0.024494203690530902
3,194093669,stingseq_nonhits,-1,1,1,3,borzoi_prime,1.453912377357483,0.013097347694856343
3,194093669,stingseq_nonhits,-1,1,1,3,enformer,2.215243339538574,0.01835337976942366
3,194093669,stingseq_nonhits,-1,1,1,3,chrombpnet,0.0276772976,0.026941383667604426
3,194093669,stingseq_nonhits,-1,1,1,3,gpn_msa,1.4,0.22881635344543363
1,234599210,stingseq_nonhits,-1,1,1,3,alphagenome,11.710174560546875,0.6457640111872852
1,234599210,stingseq_nonhits,-1,1,1,3,borzoi,53.66706085205078,0.6838837511993839
1,234599210,stingseq_nonhits,-1,1,1,3,borzoi_prime,32.76827621459961,0.4948044900380359
1,234599210,stingseq_nonhits,-1,1,1,3,enformer,37.225643157958984,0.7154239304443205
1,234599210,stingseq_nonhits,-1,1,1,3,chrombpnet,0.0453026418,0.049883673641270825
1,234599210,stingseq_nonhits,-1,1,1,3,gpn_msa,2.06,0.3376195186284208
10,104327723,stingseq_nonhits,-1,1,3,2,alphagenome,1.8225679397583008,0.06649649823138454
10,104327723,stingseq_nonhits,-1,1,3,2,borzoi,3.2471439838409424,0.01802245119379132
10,104327723,stingseq_nonhits,-1,1,3,2,borzoi_prime,3.5315001010894775,0.0450567657615256
10,104327723,stingseq_nonhits,-1,1,3,2,enformer,2.463320732116699,0.02329269624542237
10,104327723,stingseq_nonhits,-1,1,3,2,chrombpnet,0.015618870099999998,0.011245353156527471
10,104327723,stingseq_nonhits,-1,1,3,2,gpn_msa,0.04,0.00461589185624794
1,47215306,stingseq_nonhits,-1,1,1,3,alphagenome,0.8626296520233154,0.010258311797239914
1,47215306,stingseq_nonhits,-1,1,1,3,borzoi,3.519596576690674,0.021620545933594446
1,47215306,stingseq_nonhits,-1,1,1,3,borzoi_prime,2.978684425354004,0.03655283252548316
1,47215306,stingseq_nonhits,-1,1,1,3,enformer,2.2088072299957275,0.018225234348448617
1,47215306,stingseq_nonhits,-1,1,1,3,chrombpnet,0.00799654844,0.0013236454263443503
1,47215306,stingseq_nonhits,-1,1,1,3,gpn_msa,1.38,0.22551928783382794
21,44865135,stingseq_nonhits,-1,1,1,3,alphagenome,1.156526803970337,0.027476338242106293
21,44865135,stingseq_nonhits,-1,1,1,3,borzoi,5.062740802764893,0.04199979453798401
21,44865135,stingseq_nonhits,-1,1,1,3,borzoi_prime,3.0537383556365967,0.03770738302077548
21,44865135,stingseq_nonhits,-1,1,1,3,enformer,1.807476282119751,0.01023458053444692
21,44865135,stingseq_nonhits,-1,1,1,3,chrombpnet,0.073293101,0.08631786886467409
21,44865135,stingseq_nonhits,-1,1,1,3,gpn_msa,0.14,0.0211012199142763
6,159967528,stingseq_nonhits,-1,1,1,3,alphagenome,0.8765544295310974,0.011074097815510312
6,159967528,stingseq_nonhits,-1,1,1,3,borzoi,13.40239429473877,0.15213588481113458
6,159967528,stingseq_nonhits,-1,1,1,3,borzoi_prime,2.682236671447754,0.03199259297757317
6,159967528,stingseq_nonhits,-1,1,1,3,enformer,3.594628095626831,0.045817461770940815
6,159967528,stingseq_nonhits,-1,1,1,3,chrombpnet,0.026022973100000003,0.024788007713134236
6,159967528,stingseq_nonhits,-1,1,1,3,gpn_msa,0.64,0.1035278602044181
18,3443121,stingseq_nonhits,-1,1,5,2,alphagenome,1.1792945861816406,0.028810193550360016
18,3443121,stingseq_nonhits,-1,1,5,2,borzoi,9.12506103515625,0.09564807480090959
18,3443121,stingseq_nonhits,-1,1,5,2,borzoi_prime,8.130760192871094,0.11580693163493432
18,3443121,stingseq_nonhits,-1,1,5,2,enformer,5.87550163269043,0.09123053276546843
18,3443121,stingseq_nonhits,-1,1,5,2,chrombpnet,0.0697561056,0.08171388648671157
18,3443121,stingseq_nonhits,-1,1,5,2,gpn_msa,1.62,0.26508407517309607
1,42954483,stingseq_nonhits,-1,1,1,3,alphagenome,0.9512487649917603,0.015450081164526386
1,42954483,stingseq_nonhits,-1,1,1,3,borzoi,11.320296287536621,0.12463904285008
1,42954483,stingseq_nonhits,-1,1,1,3,borzoi_prime,2.484178066253662,0.02894586831088665
1,42954483,stingseq_nonhits,-1,1,1,3,enformer,3.6387736797332764,0.046696417360781124
1,42954483,stingseq_nonhits,-1,1,1,3,chrombpnet,0.0703446222,0.08247993782382622
1,42954483,stingseq_nonhits,-1,1,1,3,gpn_msa,0.84,0.13649851632047483
2,65434709,stingseq_nonhits,-1,1,1,3,alphagenome,1.250741958618164,0.0329959528878647
2,65434709,stingseq_nonhits,-1,1,1,3,borzoi,5.682947158813477,0.050190434986473596
2,65434709,stingseq_nonhits,-1,1,1,3,borzoi_prime,3.014050006866455,0.037096859327247746
2,65434709,stingseq_nonhits,-1,1,1,3,enformer,4.046841144561768,0.05482119782303805
2,65434709,stingseq_nonhits,-1,1,1,3,chrombpnet,0.01589426136,0.011603820263407196
2,65434709,stingseq_nonhits,-1,1,1,3,gpn_msa,1.26,0.20573689416419394
6,135090090,stingseq_nonhits,-1,1,1,3,alphagenome,1.050868272781372,0.021286310975475023
6,135090090,stingseq_nonhits,-1,1,1,3,borzoi,5.366233825683594,0.04600781897228627
6,135090090,stingseq_nonhits,-1,1,1,3,borzoi_prime,3.0468549728393555,0.037601496320533154
6,135090090,stingseq_nonhits,-1,1,1,3,enformer,3.898327112197876,0.0518642262128944
6,135090090,stingseq_nonhits,-1,1,1,3,chrombpnet,0.034741216400000004,0.036136238055754964
6,135090090,stingseq_nonhits,-1,1,1,3,gpn_msa,1.49,0.24365314869765917
4,6889728,stingseq_nonhits,-1,1,1,3,alphagenome,5.713852882385254,0.29446824481958844
4,6889728,stingseq_nonhits,-1,1,1,3,borzoi,28.25286293029785,0.3482558502052135
4,6889728,stingseq_nonhits,-1,1,1,3,borzoi_prime,10.570672988891602,0.1533399764269791
4,6889728,stingseq_nonhits,-1,1,1,3,enformer,12.600757598876953,0.22513297044379332
4,6889728,stingseq_nonhits,-1,1,1,3,chrombpnet,0.273547248,0.34698164125802217
4,6889728,stingseq_nonhits,-1,1,1,3,gpn_msa,1.32,0.21562809099901095
10,97312838,stingseq_nonhits,-1,1,1,3,alphagenome,1.1100397109985352,0.02475288212546543
10,97312838,stingseq_nonhits,-1,1,1,3,borzoi,6.208324432373047,0.05712873270878378
10,97312838,stingseq_nonhits,-1,1,1,3,borzoi_prime,1.3519765138626099,0.011529273894551278
10,97312838,stingseq_nonhits,-1,1,1,3,enformer,3.311293363571167,0.04017615808050278
10,97312838,stingseq_nonhits,-1,1,1,3,chrombpnet,0.12257831319999998,0.15047069430033738
10,97312838,stingseq_nonhits,-1,1,1,3,gpn_msa,0.88,0.14309264754368617
14,65040257,stingseq_nonhits,-1,1,1,3,alphagenome,0.9700430631637573,0.01655114907482884
14,65040257,stingseq_nonhits,-1,1,1,3,borzoi,8.335954666137695,0.08522688759247374
14,65040257,stingseq_nonhits,-1,1,1,3,borzoi_prime,0.9570858478546143,0.0054546924261429635
14,65040257,stingseq_nonhits,-1,1,1,3,enformer,2.668365001678467,0.02737520666054056
14,65040257,stingseq_nonhits,-1,1,1,3,chrombpnet,0.016425711,0.012295589547962822
14,65040257,stingseq_nonhits,-1,1,1,3,gpn_msa,0.93,0.15133531157270036
12,47814585,stingseq_nonhits,-1,1,3,2,alphagenome,1.3232033252716064,0.03724111728978116
12,47814585,stingseq_nonhits,-1,1,3,2,borzoi,4.702037811279297,0.03723623724267361
12,47814585,stingseq_nonhits,-1,1,3,2,borzoi_prime,3.4830374717712402,0.04431126779130782
12,47814585,stingseq_nonhits,-1,1,3,2,enformer,3.0930252075195312,0.03583035498991207
12,47814585,stingseq_nonhits,-1,1,3,2,chrombpnet,0.019711845999999998,0.016573035775799563
12,47814585,stingseq_nonhits,-1,1,3,2,gpn_msa,1.37,0.22387075502802514
12,47808263,stingseq_nonhits,-1,1,7,1,alphagenome,3.0602192878723145,0.13900456270283945
12,47808263,stingseq_nonhits,-1,1,7,1,borzoi,12.307848930358887,0.1376809740435088
12,47808263,stingseq_nonhits,-1,1,7,1,borzoi_prime,10.139204025268555,0.14670271301147758
12,47808263,stingseq_nonhits,-1,1,7,1,enformer,6.9000935554504395,0.11163055274580566
12,47808263,stingseq_nonhits,-1,1,7,1,chrombpnet,0.030824610199999998,0.031038129665164796
12,47808263,stingseq_nonhits,-1,1,7,1,gpn_msa,0.99,0.16122650840751737
6,135085040,stingseq_nonhits,-1,1,1,3,alphagenome,0.858708381652832,0.010028583348055673
6,135085040,stingseq_nonhits,-1,1,1,3,borzoi,10.853103637695312,0.11846914959163765
6,135085040,stingseq_nonhits,-1,1,1,3,borzoi_prime,1.5058330297470093,0.013896040244420685
6,135085040,stingseq_nonhits,-1,1,1,3,enformer,6.628060817718506,0.10621427611726432
6,135085040,stingseq_nonhits,-1,1,1,3,chrombpnet,0.014053004600000002,0.009207121167800689
6,135085040,stingseq_nonhits,-1,1,1,3,gpn_msa,2.95,0.48433893834487324
11,61899971,stingseq_nonhits,-1,1,1,3,alphagenome,1.0270519256591797,0.01989102527143409
11,61899971,stingseq_nonhits,-1,1,1,3,borzoi,2.4515881538391113,0.007516090372596745
11,61899971,stingseq_nonhits,-1,1,1,3,borzoi_prime,1.4725444316864014,0.013383963565241422
11,61899971,stingseq_nonhits,-1,1,1,3,enformer,1.4755589962005615,0.003625979476641421
11,61899971,stingseq_nonhits,-1,1,1,3,chrombpnet,0.0210462746,0.018310014500467747
11,61899971,stingseq_nonhits,-1,1,1,3,gpn_msa,1.29,0.21068249258160243
22,21612153,stingseq_nonhits,-1,1,1,3,alphagenome,1.0714668035507202,0.022493080231871094
22,21612153,stingseq_nonhits,-1,1,1,3,borzoi,4.186522960662842,0.030428185783546936
22,21612153,stingseq_nonhits,-1,1,1,3,borzoi_prime,2.214564800262451,0.02479842221958276
22,21612153,stingseq_nonhits,-1,1,1,3,enformer,2.1224498748779297,0.016505826132632732
22,21612153,stingseq_nonhits,-1,1,1,3,chrombpnet,0.01898590668,0.01562810612258314
22,21612153,stingseq_nonhits,-1,1,1,3,gpn_msa,1.21,0.19749423013517975
3,196077150,stingseq_nonhits,-1,1,1,3,alphagenome,1.3479652404785156,0.038691799298890786
3,196077150,stingseq_nonhits,-1,1,1,3,borzoi,6.249246597290039,0.057669163705564186
3,196077150,stingseq_nonhits,-1,1,1,3,borzoi_prime,8.085471153259277,0.11511025282120319
3,196077150,stingseq_nonhits,-1,1,1,3,enformer,3.7187676429748535,0.04828912799238423
3,196077150,stingseq_nonhits,-1,1,1,3,chrombpnet,0.007904863120000001,0.0012043018734525803
3,196077150,stingseq_nonhits,-1,1,1,3,gpn_msa,1.14,0.1859545004945599
14,50341536,stingseq_nonhits,-1,1,1,3,alphagenome,0.9349371194839478,0.014494459982585063
14,50341536,stingseq_nonhits,-1,1,1,3,borzoi,6.933016777038574,0.06669924802685519
14,50341536,stingseq_nonhits,-1,1,1,3,borzoi_prime,1.8001930713653564,0.018424164628648362
14,50341536,stingseq_nonhits,-1,1,1,3,enformer,3.766911268234253,0.04924768612211454
14,50341536,stingseq_nonhits,-1,1,1,3,chrombpnet,0.0424467816,0.046166300971030826
14,50341536,stingseq_nonhits,-1,1,1,3,gpn_msa,0.03,0.002967359050445104
16,69525412,stingseq_nonhits,-1,1,1,3,alphagenome,1.4272289276123047,0.04333547907647914
16,69525412,stingseq_nonhits,-1,1,1,3,borzoi,5.845452308654785,0.052336529170122714
16,69525412,stingseq_nonhits,-1,1,1,3,borzoi_prime,1.316131591796875,0.01097787342333162
16,69525412,stingseq_nonhits,-1,1,1,3,enformer,3.0163979530334473,0.03430467682689902
16,69525412,stingseq_nonhits,-1,1,1,3,chrombpnet,0.02124307074,0.01856617710690231
16,69525412,stingseq_nonhits,-1,1,1,3,gpn_msa,0.75,0.1216617210682493
19,5696951,stingseq_nonhits,-1,1,2,3,alphagenome,1.872259497642517,0.06940768859872527
19,5696951,stingseq_nonhits,-1,1,2,3,borzoi,8.167281150817871,0.08299933203182215
19,5696951,stingseq_nonhits,-1,1,2,3,borzoi_prime,5.4873480796813965,0.07514346800213458
19,5696951,stingseq_nonhits,-1,1,2,3,enformer,7.244663238525391,0.11849106790623401
19,5696951,stingseq_nonhits,-1,1,2,3,chrombpnet,0.1206951002,0.1480193822443619
19,5696951,stingseq_nonhits,-1,1,2,3,gpn_msa,0.23,0.03593801516650182
21,41952447,stingseq_nonhits,-1,1,1,3,alphagenome,0.9351719617843628,0.014508218268135404
21,41952447,stingseq_nonhits,-1,1,1,3,borzoi,14.354047775268555,0.16470372036224679
21,41952447,stingseq_nonhits,-1,1,1,3,borzoi_prime,6.880713939666748,0.09657753864590223
21,41952447,stingseq_nonhits,-1,1,1,3,enformer,6.138306140899658,0.09646307178836948
21,41952447,stingseq_nonhits,-1,1,1,3,chrombpnet,0.026160201799999998,0.02496663348023325
21,41952447,stingseq_nonhits,-1,1,1,3,gpn_msa,1.1,0.17936036927134857
9,4811553,stingseq_nonhits,-1,1,6,2,alphagenome,0.8098940253257751,0.00716878401839118
9,4811553,stingseq_nonhits,-1,1,6,2,borzoi,5.644280910491943,0.04967979633466835
9,4811553,stingseq_nonhits,-1,1,6,2,borzoi_prime,4.5216569900512695,0.060288294906816524
9,4811553,stingseq_nonhits,-1,1,6,2,enformer,3.7837002277374268,0.049581960774984356
9,4811553,stingseq_nonhits,-1,1,6,2,chrombpnet,0.165118826,0.2058441820014211
9,4811553,stingseq_nonhits,-1,1,6,2,gpn_msa,0.56,0.09033959775799542
15,85028758,stingseq_nonhits,-1,1,1,3,alphagenome,1.0572130680084229,0.021658022137978277
15,85028758,stingseq_nonhits,-1,1,1,3,borzoi,13.972254753112793,0.15966164148039944
15,85028758,stingseq_nonhits,-1,1,1,3,borzoi_prime,3.5404741764068604,0.045194813470199394
15,85028758,stingseq_nonhits,-1,1,1,3,enformer,5.024259090423584,0.07428196574614379
15,85028758,stingseq_nonhits,-1,1,1,3,chrombpnet,0.024156988100000002,0.02235912073817735
15,85028758,stingseq_nonhits,-1,1,1,3,gpn_msa,1.15,0.1876030333003627
14,68713254,stingseq_nonhits,-1,1,1,3,alphagenome,0.9744355082511902,0.016808481393879946
14,68713254,stingseq_nonhits,-1,1,1,3,borzoi,2.982839822769165,0.014531967210087964
14,68713254,stingseq_nonhits,-1,1,1,3,borzoi_prime,1.0039455890655518,0.006175533256471951
14,68713254,stingseq_nonhits,-1,1,1,3,enformer,1.9338895082473755,0.012751516576491505
14,68713254,stingseq_nonhits,-1,1,1,3,chrombpnet,0.039983093139999995,0.042959404446757804
14,68713254,stingseq_nonhits,-1,1,1,3,gpn_msa,0.41,0.06561160567095287
6,44112982,stingseq_nonhits,-1,1,1,3,alphagenome,1.2793747186660767,0.034673409155910946
6,44112982,stingseq_nonhits,-1,1,1,3,borzoi,12.134464263916016,0.13539120153752757
6,44112982,stingseq_nonhits,-1,1,1,3,borzoi_prime,6.840133190155029,0.0959532872006857
6,44112982,stingseq_nonhits,-1,1,1,3,enformer,5.953799247741699,0.09278946845096162
6,44112982,stingseq_nonhits,-1,1,1,3,chrombpnet,0.049222849799999996,0.05498647036810505
6,44112982,stingseq_nonhits,-1,1,1,3,gpn_msa,1.21,0.19749423013517975
14,68948315,stingseq_nonhits,-1,1,1,3,alphagenome,1.1089556217193604,0.024689370527092427
14,68948315,stingseq_nonhits,-1,1,1,3,borzoi,4.56997537612915,0.03549217913601647
14,68948315,stingseq_nonhits,-1,1,1,3,borzoi_prime,1.9680501222610474,0.021006300441126616
14,68948315,stingseq_nonhits,-1,1,1,3,enformer,2.018317937850952,0.014432519142061099
14,68948315,stingseq_nonhits,-1,1,1,3,chrombpnet,0.025758952079999998,0.024444340847327252
14,68948315,stingseq_nonhits,-1,1,1,3,gpn_msa,0.36,0.05736894164193869
8,129594230,stingseq_nonhits,-1,1,1,3,alphagenome,1.011989712715149,0.01900860235896136
8,129594230,stingseq_nonhits,-1,1,1,3,borzoi,4.68916654586792,0.03706625525833321
8,129594230,stingseq_nonhits,-1,1,1,3,borzoi_prime,3.4322872161865234,0.04353057939163401
8,129594230,stingseq_nonhits,-1,1,1,3,enformer,3.5728743076324463,0.04538433546975152
8,129594230,stingseq_nonhits,-1,1,1,3,chrombpnet,0.0814546392,0.09694145577967773
8,129594230,stingseq_nonhits,-1,1,1,3,gpn_msa,1.47,0.2403560830860535
7,139104049,stingseq_nonhits,-1,1,5,2,alphagenome,1.0260183811187744,0.019830474847209994
7,139104049,stingseq_nonhits,-1,1,5,2,borzoi,3.639098882675171,0.02319873101915285
7,139104049,stingseq_nonhits,-1,1,5,2,borzoi_prime,2.867435932159424,0.034841503052999594
7,139104049,stingseq_nonhits,-1,1,5,2,enformer,3.04278302192688,0.03483001371532447
7,139104049,stingseq_nonhits,-1,1,5,2,chrombpnet,0.00843886026,0.0018993871490631702
7,139104049,stingseq_nonhits,-1,1,5,2,gpn_msa,0.3,0.04747774480712167
20,47599923,stingseq_nonhits,-1,1,4,3,alphagenome,5.808716773986816,0.300025865856192
20,47599923,stingseq_nonhits,-1,1,4,3,borzoi,45.50031661987305,0.5760311550623266
20,47599923,stingseq_nonhits,-1,1,4,3,borzoi_prime,22.282716751098633,0.3335057035997999
20,47599923,stingseq_nonhits,-1,1,4,3,enformer,49.589324951171875,0.9615895989503292
20,47599923,stingseq_nonhits,-1,1,4,3,chrombpnet,0.131611921,0.16222942350892638
20,47599923,stingseq_nonhits,-1,1,4,3,gpn_msa,1.51,0.24695021430926484
1,230160406,stingseq_nonhits,-1,1,1,3,alphagenome,0.7351970672607422,0.002792647023546625
1,230160406,stingseq_nonhits,-1,1,1,3,borzoi,2.791534423828125,0.01200552786727966
1,230160406,stingseq_nonhits,-1,1,1,3,borzoi_prime,0.858049750328064,0.003931225566771616
1,230160406,stingseq_nonhits,-1,1,1,3,enformer,1.9182193279266357,0.012439517248234595
1,230160406,stingseq_nonhits,-1,1,1,3,chrombpnet,0.0314495543,0.03185159739645211
1,230160406,stingseq_nonhits,-1,1,1,3,gpn_msa,0.05,0.006264424662050776
12,93354369,stingseq_nonhits,-1,1,1,3,alphagenome,1.4167615175247192,0.04272224365550508
12,93354369,stingseq_nonhits,-1,1,1,3,borzoi,8.73972225189209,0.09055916948126151
12,93354369,stingseq_nonhits,-1,1,1,3,borzoi_prime,1.6602997779846191,0.01627219376512831
12,93354369,stingseq_nonhits,-1,1,1,3,enformer,4.707139015197754,0.06796798285493934
12,93354369,stingseq_nonhits,-1,1,1,3,chrombpnet,0.0924757152,0.1112872023673566
12,93354369,stingseq_nonhits,-1,1,1,3,gpn_msa,1.22,0.19914276294098257
2,191831529,stingseq_nonhits,-1,1,7,1,alphagenome,1.0141448974609375,0.01913486431046625
2,191831529,stingseq_nonhits,-1,1,7,1,borzoi,9.08188247680664,0.09507784516189235
2,191831529,stingseq_nonhits,-1,1,7,1,borzoi_prime,1.8036158084869385,0.018476816406164862
2,191831529,stingseq_nonhits,-1,1,7,1,enformer,4.869199275970459,0.07119466509236726
2,191831529,stingseq_nonhits,-1,1,7,1,chrombpnet,0.08065946500000001,0.09590640552085908
2,191831529,stingseq_nonhits,-1,1,7,1,gpn_msa,1.4,0.22881635344543363
21,33984405,stingseq_nonhits,-1,1,1,3,alphagenome,5.576587677001953,0.2864265338993148
21,33984405,stingseq_nonhits,-1,1,1,3,borzoi,16.875741958618164,0.19800600785967812
21,33984405,stingseq_nonhits,-1,1,1,3,borzoi_prime,11.962018013000488,0.17474296066323564
21,33984405,stingseq_nonhits,-1,1,1,3,enformer,10.023881912231445,0.17382638259484082
21,33984405,stingseq_nonhits,-1,1,1,3,chrombpnet,0.031065347800000004,0.03135148932294468
21,33984405,stingseq_nonhits,-1,1,1,3,gpn_msa,4.13,0.678865809429608
14,102585564,stingseq_nonhits,-1,1,7,1,alphagenome,2.9370973110198975,0.13179143579995853
14,102585564,stingseq_nonhits,-1,1,7,1,borzoi,13.564543724060059,0.15427728123757561
14,102585564,stingseq_nonhits,-1,1,7,1,borzoi_prime,8.16126537322998,0.11627619115218711
14,102585564,stingseq_nonhits,-1,1,7,1,enformer,8.584868431091309,0.14517506970125924
14,102585564,stingseq_nonhits,-1,1,7,1,chrombpnet,0.053709878239999995,0.06082707730448295
14,102585564,stingseq_nonhits,-1,1,7,1,gpn_msa,0.04,0.00461589185624794
16,11095073,stingseq_nonhits,-1,1,1,3,alphagenome,2.882493495941162,0.12859245981197162
16,11095073,stingseq_nonhits,-1,1,1,3,borzoi,14.386924743652344,0.16513790396007963
16,11095073,stingseq_nonhits,-1,1,1,3,borzoi_prime,7.821161270141602,0.11104438837792639
16,11095073,stingseq_nonhits,-1,1,1,3,enformer,12.692331314086914,0.22695623839902437
16,11095073,stingseq_nonhits,-1,1,1,3,chrombpnet,0.079276636,0.09410642569964257
16,11095073,stingseq_nonhits,-1,1,1,3,gpn_msa,5.64,0.9277942631058361
1,116422963,stingseq_nonhits,-1,1,1,3,alphagenome,0.7454500198364258,0.0033933184060917117
1,116422963,stingseq_nonhits,-1,1,1,3,borzoi,3.6783857345581055,0.023717565557025557
1,116422963,stingseq_nonhits,-1,1,1,3,borzoi_prime,1.1327146291732788,0.008156380341693479
1,116422963,stingseq_nonhits,-1,1,1,3,enformer,1.872398018836975,0.01152719732828415
1,116422963,stingseq_nonhits,-1,1,1,3,chrombpnet,0.1025775914,0.12443645893951927
1,116422963,stingseq_nonhits,-1,1,1,3,gpn_msa,1.39,0.22716782063963079
19,1435772,stingseq_nonhits,-1,1,1,3,alphagenome,1.8296616077423096,0.06691208226182041
19,1435772,stingseq_nonhits,-1,1,1,3,borzoi,4.164084434509277,0.030131855540998634
19,1435772,stingseq_nonhits,-1,1,1,3,borzoi_prime,2.4792561531066895,0.028870154790752167
19,1435772,stingseq_nonhits,-1,1,1,3,enformer,2.9212441444396973,0.03241012783290665
19,1435772,stingseq_nonhits,-1,1,1,3,chrombpnet,0.030848247199999995,0.031068897115828678
19,1435772,stingseq_nonhits,-1,1,1,3,gpn_msa,0.15,0.022749752720079133
6,26114280,stingseq_nonhits,-1,1,1,3,alphagenome,1.4000365734100342,0.041742409287775416
6,26114280,stingseq_nonhits,-1,1,1,3,borzoi,6.764166831970215,0.06446936247938458
6,26114280,stingseq_nonhits,-1,1,1,3,borzoi_prime,3.370062828063965,0.04257338504011017
6,26114280,stingseq_nonhits,-1,1,1,3,enformer,3.332885503768921,0.040606065911774646
6,26114280,stingseq_nonhits,-1,1,1,3,chrombpnet,0.039237294639999996,0.04198862479815807
6,26114280,stingseq_nonhits,-1,1,1,3,gpn_msa,1.14,0.1859545004945599
2,85316099,stingseq_nonhits,-1,1,3,2,alphagenome,1.1338555812835693,0.026148139893901187
2,85316099,stingseq_nonhits,-1,1,3,2,borzoi,8.294858932495117,0.08468416439244435
2,85316099,stingseq_nonhits,-1,1,3,2,borzoi_prime,5.335272789001465,0.07280410214194376
2,85316099,stingseq_nonhits,-1,1,3,2,enformer,4.57017183303833,0.0652409134816263
2,85316099,stingseq_nonhits,-1,1,3,2,chrombpnet,0.01951107766,0.016311702696482362
2,85316099,stingseq_nonhits,-1,1,3,2,gpn_msa,0.15,0.022749752720079133
7,100629042,stingseq_nonhits,-1,1,2,3,alphagenome,1.5897845029830933,0.05285883164030133
7,100629042,stingseq_nonhits,-1,1,2,3,borzoi,4.431205749511719,0.03365954374666632
7,100629042,stingseq_nonhits,-1,1,2,3,borzoi_prime,2.9963369369506836,0.036824380143713975
7,100629042,stingseq_nonhits,-1,1,2,3,enformer,3.630383253097534,0.04652936073344444
7,100629042,stingseq_nonhits,-1,1,2,3,chrombpnet,0.14645941599999998,0.18155588498436023
7,100629042,stingseq_nonhits,-1,1,2,3,gpn_msa,0.68,0.11012199142762945
22,18919326,stingseq_nonhits,-1,1,2,3,alphagenome,0.9620306491851807,0.016081740117115568
22,18919326,stingseq_nonhits,-1,1,2,3,borzoi,0.9103701114654541,0.0
22,18919326,stingseq_nonhits,-1,1,2,3,borzoi_prime,4.430578231811523,0.058887235361495184
22,18919326,stingseq_nonhits,-1,1,2,3,enformer,1.6932008266448975,0.007959312183053532
22,18919326,stingseq_nonhits,-1,1,2,3,chrombpnet,0.037758996559999994,0.04006437623688037
22,18919326,stingseq_nonhits,-1,1,2,3,gpn_msa,1.23,0.20079129574678542
11,119250727,stingseq_nonhits,-1,1,1,3,alphagenome,1.1368532180786133,0.026323757075854944
11,119250727,stingseq_nonhits,-1,1,1,3,borzoi,7.163297653198242,0.0697404097956637
11,119250727,stingseq_nonhits,-1,1,1,3,borzoi_prime,2.3056154251098633,0.026199048990472016
11,119250727,stingseq_nonhits,-1,1,1,3,enformer,2.505141496658325,0.02412536378192215
11,119250727,stingseq_nonhits,-1,1,1,3,chrombpnet,0.0189985636,0.015644581189709118
11,119250727,stingseq_nonhits,-1,1,1,3,gpn_msa,0.48,0.07715133531157271
14,103103411,stingseq_nonhits,-1,1,1,3,alphagenome,1.1157469749450684,0.025087243383845215
14,103103411,stingseq_nonhits,-1,1,1,3,borzoi,5.713669300079346,0.05059616125880597
14,103103411,stingseq_nonhits,-1,1,1,3,borzoi_prime,2.4203171730041504,0.027963499690703487
14,103103411,stingseq_nonhits,-1,1,1,3,enformer,3.1059534549713135,0.036087761378219965
14,103103411,stingseq_nonhits,-1,1,1,3,chrombpnet,0.020868216000000002,0.018078241890120368
14,103103411,stingseq_nonhits,-1,1,1,3,gpn_msa,2.15,0.3524563138806463
2,64650705,stingseq_nonhits,-1,1,1,3,alphagenome,1.0008842945098877,0.018357989098258663
2,64650705,stingseq_nonhits,-1,1,1,3,borzoi,4.4030842781066895,0.03328816273949871
2,64650705,stingseq_nonhits,-1,1,1,3,borzoi_prime,2.8873209953308105,0.03514739388972195
2,64650705,stingseq_nonhits,-1,1,1,3,enformer,2.8127896785736084,0.03025075762758126
2,64650705,stingseq_nonhits,-1,1,1,3,chrombpnet,0.007048664460000001,8.981822366464579e-05
2,64650705,stingseq_nonhits,-1,1,1,3,gpn_msa,1.49,0.24365314869765917
1,12039288,stingseq_nonhits,-1,1,3,2,alphagenome,18.066768646240234,1.0
1,12039288,stingseq_nonhits,-1,1,3,2,borzoi,85.64154815673828,1.0
1,12039288,stingseq_nonhits,-1,1,3,2,borzoi_prime,42.67608642578125,0.6472157913984282
1,12039288,stingseq_nonhits,-1,1,3,2,enformer,48.925262451171875,0.9483678586971945
1,12039288,stingseq_nonhits,-1,1,3,2,chrombpnet,0.097687366,0.11807102471648782
1,12039288,stingseq_nonhits,-1,1,3,2,gpn_msa,1.07,0.17441477085394005
11,12111931,stingseq_nonhits,-1,1,3,2,alphagenome,4.370087146759033,0.21574344664295173
11,12111931,stingseq_nonhits,-1,1,3,2,borzoi,25.56181526184082,0.3127170272519848
11,12111931,stingseq_nonhits,-1,1,3,2,borzoi_prime,68.08485412597656,1.0
11,12111931,stingseq_nonhits,-1,1,3,2,enformer,34.89821243286133,0.6690838878965089
11,12111931,stingseq_nonhits,-1,1,3,2,chrombpnet,0.009576909219999999,0.0033807454106822223
11,12111931,stingseq_nonhits,-1,1,3,2,gpn_msa,0.27,0.04253214638971317
3,196127651,stingseq_nonhits,-1,1,3,2,alphagenome,2.6567330360412598,0.11536623579785658
3,196127651,stingseq_nonhits,-1,1,3,2,borzoi,13.060717582702637,0.1476235945538402
3,196127651,stingseq_nonhits,-1,1,3,2,borzoi_prime,4.355214595794678,0.057727920679870044
3,196127651,stingseq_nonhits,-1,1,3,2,enformer,5.0810065269470215,0.07541182907338202
3,196127651,stingseq_nonhits,-1,1,3,2,chrombpnet,0.03694053594,0.038999014865040225
3,196127651,stingseq_nonhits,-1,1,3,2,gpn_msa,1.21,0.19749423013517975
4,54539781,stingseq_nonhits,-1,1,3,2,alphagenome,1.7955268621444702,0.06491229101342366
4,54539781,stingseq_nonhits,-1,1,3,2,borzoi,19.813047409057617,0.23679698863133225
4,54539781,stingseq_nonhits,-1,1,3,2,borzoi_prime,17.26690673828125,0.25634777312518997
4,54539781,stingseq_nonhits,-1,1,3,2,enformer,10.75046443939209,0.18829292067910883
4,54539781,stingseq_nonhits,-1,1,3,2,chrombpnet,0.058276624799999996,0.06677145051086626
4,54539781,stingseq_nonhits,-1,1,3,2,gpn_msa,2.03,0.3326739202110123
6,159988862,stingseq_nonhits,-1,1,7,1,alphagenome,1.3438955545425415,0.03845337589259478
6,159988862,stingseq_nonhits,-1,1,7,1,borzoi,13.371381759643555,0.15172632350644333
6,159988862,stingseq_nonhits,-1,1,7,1,borzoi_prime,7.830742359161377,0.11119177374510932
6,159988862,stingseq_nonhits,-1,1,7,1,enformer,5.454192638397217,0.08284210834931141
6,159988862,stingseq_nonhits,-1,1,7,1,chrombpnet,0.07045676440000001,0.08262590937714688
6,159988862,stingseq_nonhits,-1,1,7,1,gpn_msa,0.61,0.09858226178700959
22,21587692,stingseq_nonhits,-1,1,7,1,alphagenome,1.0615954399108887,0.02191476431736999
22,21587692,stingseq_nonhits,-1,1,7,1,borzoi,3.8429958820343018,0.02589145900233032
22,21587692,stingseq_nonhits,-1,1,7,1,borzoi_prime,2.371093511581421,0.027206294805339943
22,21587692,stingseq_nonhits,-1,1,7,1,enformer,3.2655186653137207,0.03926476620018192
22,21587692,stingseq_nonhits,-1,1,7,1,chrombpnet,0.0900115462,0.10807968034108494
22,21587692,stingseq_nonhits,-1,1,7,1,gpn_msa,0.14,0.0211012199142763
3,184369629,stingseq_nonhits,-1,1,2,3,alphagenome,1.2238166332244873,0.031418527038060855
3,184369629,stingseq_nonhits,-1,1,2,3,borzoi,5.65388822555542,0.049806673562856785
3,184369629,stingseq_nonhits,-1,1,2,3,borzoi_prime,1.8300457000732422,0.01888338597962485
3,184369629,stingseq_nonhits,-1,1,2,3,enformer,3.0000574588775635,0.03397933129189748
3,184369629,stingseq_nonhits,-1,1,2,3,chrombpnet,0.1976981374,0.2482515245644773
3,184369629,stingseq_nonhits,-1,1,2,3,gpn_msa,0.07,0.009561490273656449
8,129596822,stingseq_nonhits,-1,1,1,3,alphagenome,1.0679947137832642,0.02228966712276487
8,129596822,stingseq_nonhits,-1,1,1,3,borzoi,3.104485511779785,0.016138458486866687
8,129596822,stingseq_nonhits,-1,1,1,3,borzoi_prime,0.6557838916778564,0.0008197809507994353
8,129596822,stingseq_nonhits,-1,1,1,3,enformer,1.9454199075698853,0.01298109126992344
8,129596822,stingseq_nonhits,-1,1,1,3,chrombpnet,0.008855921079999999,0.0024422605341454916
8,129596822,stingseq_nonhits,-1,1,1,3,gpn_msa,1.38,0.22551928783382794
13,112706624,stingseq_nonhits,-1,1,1,3,alphagenome,0.970363974571228,0.016569949737113874
13,112706624,stingseq_nonhits,-1,1,1,3,borzoi,5.7163472175598145,0.05063152668036177
13,112706624,stingseq_nonhits,-1,1,1,3,borzoi_prime,1.0417969226837158,0.006757798246616804
13,112706624,stingseq_nonhits,-1,1,1,3,enformer,3.858379364013672,0.051068851153785996
13,112706624,stingseq_nonhits,-1,1,1,3,chrombpnet,0.0942673648,0.11361932956941166
13,112706624,stingseq_nonhits,-1,1,1,3,gpn_msa,1.43,0.23376195186284213
4,153535849,stingseq_nonhits,-1,1,1,3,alphagenome,1.3421170711517334,0.038349183069180795
4,153535849,stingseq_nonhits,-1,1,1,3,borzoi,14.799124717712402,0.17058154662429348
4,153535849,stingseq_nonhits,-1,1,1,3,borzoi_prime,7.15284538269043,0.10076372171645724
4,153535849,stingseq_nonhits,-1,1,1,3,enformer,12.23158073425293,0.21778251681702548
4,153535849,stingseq_nonhits,-1,1,1,3,chrombpnet,0.0695984354,0.08150865273878817
4,153535849,stingseq_nonhits,-1,1,1,3,gpn_msa,0.15,0.022749752720079133
1,11983660,stingseq_nonhits,-1,1,7,1,alphagenome,5.2562971115112305,0.26766224377222103
1,11983660,stingseq_nonhits,-1,1,7,1,borzoi,12.03714656829834,0.13410599340267657
1,11983660,stingseq_nonhits,-1,1,7,1,borzoi_prime,9.30974292755127,0.1339431584140108
1,11983660,stingseq_nonhits,-1,1,7,1,enformer,9.78269100189209,0.16902417863373165
1,11983660,stingseq_nonhits,-1,1,7,1,chrombpnet,0.1839828534,0.23039882228367944
1,11983660,stingseq_nonhits,-1,1,7,1,gpn_msa,3.95,0.6491922189251569
11,33891243,stingseq_nonhits,-1,1,3,2,alphagenome,3.125894546508789,0.14285216153966007
11,33891243,stingseq_nonhits,-1,1,3,2,borzoi,17.29829216003418,0.203586338885767
11,33891243,stingseq_nonhits,-1,1,3,2,borzoi_prime,10.17508602142334,0.14725468379137682
11,33891243,stingseq_nonhits,-1,1,3,2,enformer,9.540379524230957,0.16419966374546624
11,33891243,stingseq_nonhits,-1,1,3,2,chrombpnet,0.0674296534,0.07868562557012337
11,33891243,stingseq_nonhits,-1,1,3,2,gpn_msa,1.44,0.23541048466864498
